compound_id,status,pdbqt_size,note
DEC_4391,skipped,0,
DEC_1747,skipped,0,
DEC_2029,skipped,0,
DEC_3885,skipped,0,
DEC_1554,skipped,0,
DEC_0623,skipped,0,
DEC_0374,skipped,0,
DEC_1830,skipped,0,
DEC_1282,skipped,0,
DEC_3778,skipped,0,
DEC_2770,skipped,0,
DEC_0788,skipped,0,
DEC_3248,filtered,0,Thiocarbonyl_group
ACT_043,skipped,0,
DEC_2792,skipped,0,
DEC_3928,skipped,0,
DEC_3485,skipped,0,
DEC_2499,skipped,0,
DEC_0922,skipped,0,
DEC_3820,skipped,0,
DEC_1455,skipped,0,
DEC_4071,skipped,0,
DEC_2795,skipped,0,
DEC_2218,skipped,0,
DEC_0850,skipped,0,
DEC_2293,filtered,0,amino_acridine_A(46)
DEC_4372,skipped,0,
DEC_0336,skipped,0,
DEC_3578,skipped,0,
DEC_2460,skipped,0,
DEC_0676,skipped,0,
DEC_3757,skipped,0,
DEC_3545,skipped,0,
DEC_3830,skipped,0,
DEC_4543,skipped,0,
DEC_2352,filtered,0,nitro_group
DEC_1007,skipped,0,
DEC_2813,skipped,0,
DEC_2085,skipped,0,
ACT_048,skipped,0,
DEC_2994,skipped,0,
DEC_4474,skipped,0,
DEC_0319,skipped,0,
DEC_0920,skipped,0,
DEC_3713,skipped,0,
DEC_1178,skipped,0,
DEC_2682,skipped,0,
DEC_1657,skipped,0,
DEC_3589,skipped,0,
DEC_0126,skipped,0,
DEC_0318,skipped,0,
DEC_2168,filtered,0,Aliphatic_long_chain
DEC_1513,skipped,0,
DEC_2919,filtered,0,Michael_acceptor_1
DEC_2737,skipped,0,
DEC_2786,skipped,0,
DEC_4176,skipped,0,
DEC_1499,skipped,0,
DEC_2482,skipped,0,
DEC_0169,skipped,0,
DEC_1323,skipped,0,
DEC_0651,skipped,0,
DEC_3705,skipped,0,
DEC_1601,skipped,0,
DEC_4494,skipped,0,
DEC_0864,skipped,0,
DEC_4715,skipped,0,
DEC_3488,skipped,0,
DEC_4454,skipped,0,
DEC_1151,skipped,0,
DEC_3220,filtered,0,triple_bond
DEC_4763,skipped,0,
DEC_4168,skipped,0,
DEC_2004,filtered,0,Aliphatic_long_chain
DEC_1563,skipped,0,
DEC_1336,skipped,0,
DEC_0434,skipped,0,
DEC_4684,skipped,0,
DEC_0002,skipped,0,
DEC_2864,skipped,0,
DEC_1660,skipped,0,
DEC_1437,skipped,0,
ACT_041,skipped,0,
DEC_3561,skipped,0,
ACT_009,skipped,0,
DEC_2736,skipped,0,
DEC_1853,skipped,0,
DEC_3907,skipped,0,
DEC_3070,skipped,0,
DEC_4482,skipped,0,
DEC_2966,skipped,0,
DEC_2842,skipped,0,
DEC_2555,skipped,0,
DEC_4064,skipped,0,
DEC_1781,filtered,0,het-C-het_not_in_ring
DEC_3288,skipped,0,
DEC_1016,skipped,0,
ACT_079,skipped,0,
DEC_3495,skipped,0,
DEC_3886,skipped,0,
DEC_2197,filtered,0,Polycyclic_aromatic_hydrocarbon_2
DEC_4006,skipped,0,
DEC_1069,skipped,0,
DEC_0020,skipped,0,
DEC_1088,skipped,0,
DEC_0018,skipped,0,
DEC_1944,filtered,0,nitro_group
DEC_0844,skipped,0,
DEC_0444,skipped,0,
DEC_2229,skipped,0,
DEC_1981,filtered,0,N-hydroxyl_pyridine
DEC_2870,skipped,0,
DEC_0643,skipped,0,
DEC_3612,skipped,0,
DEC_1425,skipped,0,
DEC_2558,skipped,0,
DEC_0815,skipped,0,
DEC_1394,skipped,0,
DEC_1350,skipped,0,
DEC_1688,skipped,0,
DEC_1833,skipped,0,
DEC_4428,skipped,0,
DEC_2878,skipped,0,
DEC_4225,skipped,0,
DEC_2816,skipped,0,
DEC_4594,skipped,0,
DEC_0674,skipped,0,
DEC_1494,skipped,0,
DEC_1451,skipped,0,
DEC_0044,skipped,0,
DEC_2675,skipped,0,
DEC_3341,filtered,0,aniline
DEC_0694,skipped,0,
DEC_0932,skipped,0,
DEC_0164,skipped,0,
DEC_1995,filtered,0,triple_bond
DEC_1098,skipped,0,
DEC_2056,skipped,0,
DEC_3107,skipped,0,
DEC_2797,skipped,0,
DEC_4673,skipped,0,
DEC_3135,filtered,0,Aliphatic_long_chain
DEC_2780,skipped,0,
DEC_3718,skipped,0,
DEC_1250,skipped,0,
DEC_3089,skipped,0,
DEC_1953,filtered,0,isolated_alkene
DEC_0913,skipped,0,
DEC_0221,skipped,0,
ACT_045,skipped,0,
DEC_3702,skipped,0,
DEC_1997,skipped,0,
DEC_1488,skipped,0,
DEC_1099,skipped,0,
DEC_1614,skipped,0,
DEC_2122,skipped,0,
DEC_4497,skipped,0,
DEC_3409,filtered,0,Sulfonic_acid_2
DEC_3368,skipped,0,
DEC_4528,skipped,0,
DEC_3933,skipped,0,
DEC_1670,filtered,0,Aliphatic_long_chain
DEC_1497,skipped,0,
DEC_4076,skipped,0,
DEC_0047,skipped,0,
DEC_2969,filtered,0,Aliphatic_long_chain
DEC_4649,skipped,0,
DEC_0331,skipped,0,
DEC_0754,skipped,0,
DEC_2141,skipped,0,
DEC_2982,filtered,0,triple_bond
DEC_1643,filtered,0,imine_1
DEC_3984,skipped,0,
DEC_1440,skipped,0,
DEC_2514,skipped,0,
DEC_2750,skipped,0,
DEC_1753,filtered,0,nitro_group
DEC_4394,skipped,0,
DEC_0005,skipped,0,
DEC_4655,skipped,0,
DEC_3403,skipped,0,
DEC_1586,skipped,0,
DEC_2248,skipped,0,
DEC_2416,filtered,0,hydroxamic_acid
DEC_1175,skipped,0,
DEC_1194,skipped,0,
DEC_2977,skipped,0,
DEC_2165,skipped,0,
DEC_0122,skipped,0,
DEC_1679,skipped,0,
DEC_3733,skipped,0,
DEC_4203,skipped,0,
DEC_0902,skipped,0,
DEC_2621,skipped,0,
DEC_3019,filtered,0,imine_1
DEC_2970,filtered,0,imine_1
DEC_0659,skipped,0,
DEC_2894,skipped,0,
DEC_2791,skipped,0,
DEC_2524,skipped,0,
DEC_0658,skipped,0,
DEC_3297,skipped,0,
DEC_4317,skipped,0,
DEC_0472,skipped,0,
DEC_1062,skipped,0,
DEC_0206,skipped,0,
DEC_4069,skipped,0,
DEC_0794,skipped,0,
DEC_1504,skipped,0,
DEC_2739,skipped,0,
DEC_2983,skipped,0,
DEC_0975,skipped,0,
DEC_4165,skipped,0,
DEC_4111,skipped,0,
DEC_1334,skipped,0,
DEC_1916,filtered,0,diketo_group
DEC_1994,skipped,0,
DEC_0195,skipped,0,
DEC_1736,filtered,0,indol_3yl_alk(461)
DEC_0755,skipped,0,
DEC_4375,skipped,0,
DEC_0725,skipped,0,
DEC_3537,skipped,0,
DEC_3715,skipped,0,
DEC_0930,skipped,0,
DEC_0289,skipped,0,
DEC_0068,skipped,0,
DEC_1237,skipped,0,
DEC_1845,filtered,0,aniline
DEC_4309,skipped,0,
DEC_2697,skipped,0,
DEC_4421,skipped,0,
DEC_0970,skipped,0,
DEC_3600,skipped,0,
DEC_1367,skipped,0,
DEC_0776,skipped,0,
DEC_3385,filtered,0,Aliphatic_long_chain
DEC_0758,skipped,0,
DEC_2822,skipped,0,
DEC_2388,skipped,0,
DEC_0909,skipped,0,
DEC_2576,skipped,0,
DEC_2872,skipped,0,
DEC_4265,skipped,0,
DEC_3967,skipped,0,
DEC_0617,skipped,0,
DEC_2222,skipped,0,
DEC_4493,skipped,0,
DEC_3223,skipped,0,
DEC_3408,filtered,0,catechol_A(92)
DEC_1565,skipped,0,
DEC_4672,skipped,0,
DEC_1677,skipped,0,
DEC_2340,filtered,0,nitro_group
DEC_0980,skipped,0,
DEC_3105,filtered,0,catechol_A(92)
DEC_0184,skipped,0,
DEC_0197,skipped,0,
DEC_3981,skipped,0,
DEC_1259,skipped,0,
DEC_3732,skipped,0,
DEC_4530,skipped,0,
DEC_0222,skipped,0,
DEC_3093,skipped,0,
DEC_0238,skipped,0,
DEC_4172,skipped,0,
DEC_2359,skipped,0,
DEC_1290,skipped,0,
DEC_2269,filtered,0,iodine
DEC_1268,skipped,0,
DEC_4108,skipped,0,
DEC_4667,skipped,0,
DEC_2852,skipped,0,
DEC_3987,skipped,0,
DEC_2824,skipped,0,
DEC_0194,skipped,0,
DEC_0332,skipped,0,
DEC_1306,skipped,0,
DEC_4555,skipped,0,
DEC_4369,skipped,0,
DEC_2596,skipped,0,
DEC_2539,skipped,0,
DEC_1213,skipped,0,
DEC_1501,skipped,0,
DEC_2363,filtered,0,Sulfonic_acid_2
DEC_0446,skipped,0,
DEC_4452,skipped,0,
ACT_008,skipped,0,
DEC_0328,skipped,0,
DEC_4619,skipped,0,
DEC_2114,skipped,0,
DEC_1276,skipped,0,
DEC_4155,skipped,0,
DEC_0097,skipped,0,
DEC_4019,skipped,0,
DEC_2140,filtered,0,Aliphatic_long_chain
DEC_3201,filtered,0,Aliphatic_long_chain
DEC_0878,skipped,0,
DEC_3918,skipped,0,
DEC_2703,skipped,0,
DEC_4641,skipped,0,
DEC_3956,skipped,0,
DEC_1144,skipped,0,
DEC_4358,skipped,0,
DEC_0918,skipped,0,
DEC_0627,skipped,0,
DEC_2641,skipped,0,
DEC_4028,skipped,0,
DEC_4007,skipped,0,
DEC_0302,skipped,0,
DEC_2636,skipped,0,
DEC_0452,skipped,0,
DEC_2519,skipped,0,
DEC_3112,skipped,0,
ACT_042,skipped,0,
DEC_3351,filtered,0,aniline
DEC_2322,filtered,0,Aliphatic_long_chain
ACT_074,skipped,0,
DEC_4163,skipped,0,
DEC_4119,skipped,0,
DEC_1889,filtered,0,phthalimide
DEC_3132,filtered,0,nitro_group
DEC_0483,skipped,0,
DEC_1952,filtered,0,triple_bond
DEC_2424,filtered,0,isolated_alkene
DEC_1589,skipped,0,
DEC_2175,skipped,0,
DEC_4274,skipped,0,
DEC_2598,skipped,0,
DEC_0990,skipped,0,
ACT_062,skipped,0,
DEC_0157,skipped,0,
DEC_1223,skipped,0,
DEC_4441,skipped,0,
ACT_037,skipped,0,
DEC_4398,skipped,0,
DEC_0198,skipped,0,
DEC_3117,skipped,0,
DEC_1295,skipped,0,
DEC_3786,skipped,0,
DEC_3419,skipped,0,
DEC_3280,skipped,0,
DEC_2946,skipped,0,
DEC_0350,skipped,0,
DEC_1888,filtered,0,iodine
DEC_0496,skipped,0,
DEC_1516,skipped,0,
DEC_3995,skipped,0,
DEC_3541,skipped,0,
DEC_4222,skipped,0,
DEC_1139,skipped,0,
DEC_1674,skipped,0,
DEC_0277,skipped,0,
DEC_1009,skipped,0,
DEC_3405,filtered,0,aldehyde
DEC_3686,skipped,0,
DEC_3494,skipped,0,
DEC_3111,filtered,0,Sulfonic_acid_1
DEC_0856,skipped,0,
DEC_3330,skipped,0,
ACT_066,skipped,0,
DEC_2281,skipped,0,
DEC_3003,filtered,0,mannich_A(296)
DEC_3074,skipped,0,
DEC_3880,skipped,0,
DEC_1362,skipped,0,
DEC_0966,skipped,0,
DEC_2052,filtered,0,iodine
DEC_3291,filtered,0,N_oxide
DEC_1095,skipped,0,
DEC_1761,filtered,0,isolated_alkene
DEC_1453,skipped,0,
DEC_4540,skipped,0,
DEC_1176,skipped,0,
DEC_2411,filtered,0,imine_1
DEC_0252,skipped,0,
DEC_4113,skipped,0,
DEC_3037,filtered,0,N_oxide
DEC_0272,skipped,0,
DEC_1559,skipped,0,
ACT_098,skipped,0,
DEC_3876,skipped,0,
DEC_1230,skipped,0,
DEC_1035,skipped,0,
ACT_019,skipped,0,
DEC_2149,skipped,0,
DEC_1973,filtered,0,thioester
DEC_2299,skipped,0,
DEC_0661,skipped,0,
DEC_3402,skipped,0,
DEC_0520,skipped,0,
DEC_2440,skipped,0,
DEC_1799,skipped,0,
DEC_3020,filtered,0,Aliphatic_long_chain
DEC_3959,skipped,0,
ACT_072,skipped,0,
DEC_0863,skipped,0,
DEC_0809,skipped,0,
DEC_2247,skipped,0,
DEC_1798,filtered,0,charged_oxygen_or_sulfur_atoms
DEC_4701,skipped,0,
DEC_4256,skipped,0,
DEC_2134,skipped,0,
DEC_2071,filtered,0,cyanate_/aminonitrile_/thiocyanate
DEC_0503,skipped,0,
DEC_2954,filtered,0,isolated_alkene
ACT_097,skipped,0,
DEC_4237,skipped,0,
DEC_4689,skipped,0,
DEC_0550,skipped,0,
DEC_4193,skipped,0,
DEC_1619,skipped,0,
DEC_0971,skipped,0,
DEC_0747,skipped,0,
DEC_0502,skipped,0,
DEC_1039,skipped,0,
DEC_2635,skipped,0,
DEC_2729,skipped,0,
DEC_3656,skipped,0,
DEC_2805,skipped,0,
DEC_1820,filtered,0,thiaz_ene_A(128)
DEC_3166,skipped,0,
DEC_1703,filtered,0,Aliphatic_long_chain
DEC_0803,skipped,0,
DEC_2667,skipped,0,
DEC_1400,skipped,0,
DEC_1774,filtered,0,Three-membered_heterocycle
DEC_3815,skipped,0,
DEC_3853,skipped,0,
DEC_3361,skipped,0,
DEC_0585,skipped,0,
ACT_053,skipped,0,
DEC_1927,filtered,0,2-halo_pyridine
DEC_3894,skipped,0,
DEC_3556,skipped,0,
DEC_0323,skipped,0,
DEC_0167,skipped,0,
DEC_2498,skipped,0,
DEC_0543,skipped,0,
DEC_4609,skipped,0,
DEC_3060,skipped,0,
DEC_1676,filtered,0,aniline
DEC_3613,skipped,0,
DEC_4682,skipped,0,
DEC_3203,filtered,0,phthalimide
DEC_3588,skipped,0,
DEC_2031,filtered,0,Aliphatic_long_chain
DEC_2296,skipped,0,
DEC_0830,skipped,0,
DEC_0792,skipped,0,
DEC_0265,skipped,0,
DEC_2967,filtered,0,Aliphatic_long_chain
DEC_0601,skipped,0,
DEC_0212,skipped,0,
DEC_1375,skipped,0,
DEC_3375,filtered,0,Michael_acceptor_1
DEC_2341,filtered,0,amino_acridine_A(46)
DEC_1029,skipped,0,
DEC_3828,skipped,0,
ACT_089,skipped,0,
DEC_1160,skipped,0,
DEC_2712,skipped,0,
DEC_2574,skipped,0,
DEC_3924,skipped,0,
DEC_3317,skipped,0,
DEC_1124,skipped,0,
DEC_3854,skipped,0,
DEC_3376,filtered,0,imine_1
DEC_1779,filtered,0,mannich_A(296)
DEC_1769,filtered,0,alkyl_halide
DEC_4014,skipped,0,
DEC_4484,skipped,0,
DEC_1192,skipped,0,
DEC_4331,skipped,0,
DEC_1269,skipped,0,
DEC_2093,filtered,0,indol_3yl_alk(461)
DEC_3802,skipped,0,
DEC_1480,skipped,0,
DEC_2490,skipped,0,
DEC_1426,skipped,0,
DEC_2891,skipped,0,
DEC_1435,skipped,0,
DEC_0584,skipped,0,
DEC_2961,filtered,0,Aliphatic_long_chain
DEC_2258,filtered,0,iodine
DEC_4600,skipped,0,
DEC_4103,skipped,0,
DEC_3418,filtered,0,azo_A(324)
DEC_4615,skipped,0,
DEC_1992,skipped,0,
DEC_0959,skipped,0,
DEC_1858,filtered,0,thioester
DEC_2673,skipped,0,
DEC_1913,skipped,0,
DEC_3873,skipped,0,
DEC_0612,skipped,0,
DEC_1481,skipped,0,
DEC_2065,skipped,0,
DEC_4337,skipped,0,
DEC_0201,skipped,0,
DEC_0787,skipped,0,
DEC_2317,filtered,0,Aliphatic_long_chain
DEC_3607,skipped,0,
DEC_0670,skipped,0,
DEC_4565,skipped,0,
DEC_0596,skipped,0,
DEC_0151,skipped,0,
DEC_0998,skipped,0,
DEC_2735,skipped,0,
ACT_016,skipped,0,
DEC_4050,skipped,0,
DEC_0928,skipped,0,
DEC_1438,skipped,0,
DEC_2659,skipped,0,
DEC_4356,skipped,0,
DEC_4443,skipped,0,
DEC_4044,skipped,0,
DEC_3083,skipped,0,
DEC_4506,skipped,0,
DEC_3004,filtered,0,nitro_group
DEC_3161,skipped,0,
DEC_4745,skipped,0,
DEC_4431,skipped,0,
DEC_2943,filtered,0,triple_bond
DEC_4102,skipped,0,
DEC_4091,skipped,0,
DEC_4440,skipped,0,
DEC_1148,skipped,0,
DEC_4750,skipped,0,
DEC_0419,skipped,0,
DEC_2906,skipped,0,
DEC_1870,skipped,0,
DEC_0063,skipped,0,
DEC_2433,filtered,0,imine_1
DEC_0761,skipped,0,
DEC_1932,filtered,0,heavy_metal
DEC_3492,skipped,0,
DEC_0834,skipped,0,
DEC_2404,filtered,0,aniline
DEC_3084,skipped,0,
DEC_1576,skipped,0,
DEC_1543,skipped,0,
DEC_1537,skipped,0,
DEC_4202,skipped,0,
DEC_0459,skipped,0,
DEC_4360,skipped,0,
DEC_0354,skipped,0,
DEC_4362,skipped,0,
DEC_2734,skipped,0,
DEC_2691,skipped,0,
DEC_0942,skipped,0,
DEC_0404,skipped,0,
DEC_1296,skipped,0,
DEC_1549,skipped,0,
DEC_1908,filtered,0,Three-membered_heterocycle
DEC_4665,skipped,0,
DEC_0630,skipped,0,
DEC_2723,skipped,0,
DEC_1654,filtered,0,alkyl_halide
DEC_0616,skipped,0,
DEC_0593,skipped,0,
DEC_4322,skipped,0,
DEC_0605,skipped,0,
DEC_0816,skipped,0,
ACT_040,skipped,0,
DEC_3963,skipped,0,
DEC_3742,skipped,0,
DEC_0313,skipped,0,
DEC_0494,skipped,0,
DEC_2913,skipped,0,
DEC_1726,filtered,0,acyclic_C=C-O
DEC_0977,skipped,0,
DEC_2043,filtered,0,amino_acridine_A(46)
DEC_3559,skipped,0,
DEC_1464,skipped,0,
DEC_1006,skipped,0,
DEC_0540,skipped,0,
DEC_3326,skipped,0,
DEC_2280,skipped,0,
DEC_0700,skipped,0,
DEC_3286,filtered,0,peroxide
DEC_0009,skipped,0,
DEC_3120,skipped,0,
DEC_4759,skipped,0,
DEC_3232,filtered,0,iodine
DEC_1005,skipped,0,
DEC_2173,skipped,0,
DEC_2862,skipped,0,
DEC_1599,skipped,0,
DEC_1063,skipped,0,
DEC_2437,skipped,0,
DEC_0370,skipped,0,
DEC_0940,skipped,0,
DEC_3817,skipped,0,
DEC_2989,filtered,0,mannich_A(296)
DEC_4567,skipped,0,
DEC_3350,skipped,0,
DEC_1645,skipped,0,
DEC_2152,skipped,0,
DEC_2706,skipped,0,
DEC_1955,filtered,0,quinone_A(370)
DEC_1628,filtered,0,catechol_A(92)
DEC_0165,skipped,0,
DEC_3448,skipped,0,
DEC_3052,skipped,0,
DEC_0346,skipped,0,
DEC_4115,skipped,0,
DEC_3250,filtered,0,nitro_group
DEC_0896,skipped,0,
DEC_2812,skipped,0,
DEC_0098,skipped,0,
DEC_3678,skipped,0,
DEC_4259,skipped,0,
DEC_2918,skipped,0,
DEC_1951,filtered,0,nitro_group
DEC_3228,filtered,0,het_6666_A(2)
DEC_3859,skipped,0,
DEC_3875,skipped,0,
DEC_2869,skipped,0,
DEC_2686,skipped,0,
DEC_1871,skipped,0,
DEC_2617,skipped,0,
DEC_4129,skipped,0,
ACT_081,skipped,0,
DEC_3767,skipped,0,
DEC_1347,skipped,0,
DEC_1623,filtered,0,iodine
DEC_0737,skipped,0,
DEC_4347,skipped,0,
DEC_1388,skipped,0,
DEC_3951,skipped,0,
DEC_2507,skipped,0,
DEC_2858,skipped,0,
DEC_3534,skipped,0,
DEC_2896,skipped,0,
DEC_0133,skipped,0,
DEC_0978,skipped,0,
DEC_2730,skipped,0,
DEC_2344,filtered,0,phenol_ester
DEC_1082,skipped,0,
DEC_3209,filtered,0,cumarine
DEC_0576,skipped,0,
DEC_2319,skipped,0,
DEC_3518,skipped,0,
DEC_3597,skipped,0,
DEC_2100,filtered,0,phosphor
DEC_4240,skipped,0,
DEC_4227,skipped,0,
DEC_3180,filtered,0,aldehyde
DEC_2370,filtered,0,isolated_alkene
DEC_4352,skipped,0,
DEC_4658,skipped,0,
DEC_2920,skipped,0,
DEC_3379,filtered,0,diketo_group
DEC_2041,filtered,0,Aliphatic_long_chain
DEC_4072,skipped,0,
DEC_0280,skipped,0,
DEC_0090,skipped,0,
DEC_2535,skipped,0,
DEC_1911,skipped,0,
DEC_0558,skipped,0,
DEC_2119,filtered,0,Aliphatic_long_chain
DEC_2897,skipped,0,
DEC_2546,skipped,0,
DEC_2649,skipped,0,
DEC_0308,skipped,0,
DEC_3868,skipped,0,
DEC_1240,skipped,0,
DEC_1714,skipped,0,
DEC_2793,skipped,0,
DEC_1731,filtered,0,aldehyde
DEC_1540,skipped,0,
DEC_0624,skipped,0,
DEC_3076,filtered,0,Aliphatic_long_chain
DEC_0958,skipped,0,
DEC_2530,skipped,0,
DEC_2275,filtered,0,alkyl_halide
DEC_3704,skipped,0,
DEC_1538,skipped,0,
DEC_0541,skipped,0,
DEC_2988,skipped,0,
DEC_0992,skipped,0,
DEC_3807,skipped,0,
DEC_3834,skipped,0,
DEC_4335,skipped,0,
DEC_3051,skipped,0,
DEC_4582,skipped,0,
DEC_2128,filtered,0,nitro_group
DEC_2538,skipped,0,
DEC_4651,skipped,0,
DEC_0486,skipped,0,
DEC_0303,skipped,0,
DEC_4725,skipped,0,
ACT_099,skipped,0,
DEC_0675,skipped,0,
DEC_2400,filtered,0,Aliphatic_long_chain
DEC_0189,skipped,0,
DEC_0577,skipped,0,
DEC_3869,skipped,0,
DEC_0454,skipped,0,
DEC_3934,skipped,0,
DEC_0320,skipped,0,
DEC_2971,filtered,0,thiol_2
DEC_4556,skipped,0,
DEC_2483,skipped,0,
DEC_2931,skipped,0,
DEC_3373,skipped,0,
DEC_3605,skipped,0,
DEC_3634,skipped,0,
DEC_0522,skipped,0,
DEC_3182,skipped,0,
DEC_1348,skipped,0,
DEC_3358,filtered,0,Aliphatic_long_chain
DEC_3627,skipped,0,
DEC_0395,failed,0,"meeko: RDKit molecule has 2 fragments. Must have 1.
"
DEC_0710,skipped,0,
DEC_3826,skipped,0,
DEC_0247,skipped,0,
DEC_1961,filtered,0,Aliphatic_long_chain
DEC_3610,skipped,0,
DEC_0912,skipped,0,
DEC_3344,skipped,0,
DEC_3075,skipped,0,
DEC_1608,skipped,0,
DEC_4606,skipped,0,
DEC_0633,skipped,0,
DEC_1045,skipped,0,
DEC_2143,filtered,0,Aliphatic_long_chain
DEC_1133,skipped,0,
DEC_0770,skipped,0,
DEC_0699,skipped,0,
DEC_4669,skipped,0,
DEC_2365,skipped,0,
DEC_4196,skipped,0,
DEC_4194,skipped,0,
DEC_2912,skipped,0,
DEC_2942,skipped,0,
DEC_0567,skipped,0,
DEC_2427,filtered,0,amino_acridine_A(46)
DEC_2915,skipped,0,
DEC_0727,skipped,0,
DEC_0285,skipped,0,
DEC_4106,skipped,0,
DEC_1320,skipped,0,
DEC_2205,skipped,0,
DEC_2393,skipped,0,
DEC_1354,skipped,0,
DEC_0071,skipped,0,
DEC_1038,skipped,0,
DEC_2391,filtered,0,Aliphatic_long_chain
DEC_3314,skipped,0,
ACT_050,skipped,0,
DEC_2875,skipped,0,
DEC_1675,filtered,0,triple_bond
DEC_0011,skipped,0,
DEC_4699,skipped,0,
DEC_0259,skipped,0,
ACT_070,skipped,0,
DEC_1387,skipped,0,
DEC_3962,skipped,0,
DEC_1562,skipped,0,
DEC_1299,skipped,0,
DEC_3433,skipped,0,
DEC_3771,skipped,0,
DEC_4355,skipped,0,
DEC_1449,skipped,0,
DEC_1544,skipped,0,
DEC_4626,skipped,0,
DEC_3693,skipped,0,
DEC_1067,skipped,0,
DEC_0976,skipped,0,
DEC_1130,skipped,0,
DEC_1523,skipped,0,
DEC_2232,filtered,0,quinone_A(370)
DEC_0144,skipped,0,
DEC_4432,skipped,0,
DEC_1048,skipped,0,
DEC_1052,skipped,0,
DEC_0045,skipped,0,
DEC_0885,skipped,0,
DEC_3976,skipped,0,
DEC_3029,filtered,0,hydroxamic_acid
DEC_2755,skipped,0,
DEC_2580,skipped,0,
DEC_2577,skipped,0,
DEC_3085,filtered,0,Aliphatic_long_chain
DEC_1056,skipped,0,
DEC_2600,skipped,0,
DEC_4184,skipped,0,
DEC_0775,skipped,0,
DEC_3846,skipped,0,
DEC_1022,skipped,0,
DEC_2007,skipped,0,
DEC_4257,skipped,0,
DEC_1270,skipped,0,
DEC_2763,skipped,0,
DEC_3798,skipped,0,
DEC_3459,skipped,0,
DEC_2441,skipped,0,
DEC_0606,skipped,0,
DEC_3237,skipped,0,
DEC_2666,skipped,0,
DEC_3000,filtered,0,>_2_ester_groups
DEC_3565,skipped,0,
DEC_3390,skipped,0,
DEC_3723,skipped,0,
DEC_0129,skipped,0,
DEC_0266,skipped,0,
DEC_0706,skipped,0,
DEC_4253,skipped,0,
DEC_1101,skipped,0,
DEC_3446,filtered,0,amino_acridine_A(46)
DEC_1760,skipped,0,
DEC_4465,skipped,0,
DEC_3748,skipped,0,
DEC_1754,filtered,0,Aliphatic_long_chain
DEC_4279,skipped,0,
DEC_2208,skipped,0,
DEC_0801,skipped,0,
DEC_1380,skipped,0,
DEC_1489,skipped,0,
DEC_2396,skipped,0,
DEC_0040,skipped,0,
DEC_3380,skipped,0,
DEC_0210,skipped,0,
DEC_4126,skipped,0,
DEC_4162,skipped,0,
DEC_3581,skipped,0,
DEC_2285,filtered,0,charged_oxygen_or_sulfur_atoms
DEC_4142,skipped,0,
DEC_0739,skipped,0,
DEC_1490,skipped,0,
DEC_3573,skipped,0,
DEC_3319,filtered,0,Oxygen-nitrogen_single_bond
DEC_4065,skipped,0,
DEC_1577,skipped,0,
DEC_1551,skipped,0,
DEC_0773,skipped,0,
DEC_0622,skipped,0,
DEC_4114,skipped,0,
DEC_1627,skipped,0,
DEC_1023,skipped,0,
DEC_2916,skipped,0,
DEC_0232,skipped,0,
DEC_4376,skipped,0,
DEC_4696,skipped,0,
DEC_3163,skipped,0,
DEC_0249,skipped,0,
DEC_0034,skipped,0,
DEC_4742,skipped,0,
DEC_0107,skipped,0,
DEC_0869,skipped,0,
DEC_4158,skipped,0,
ACT_001,skipped,0,
DEC_0390,skipped,0,
DEC_4424,skipped,0,
ACT_021,skipped,0,
DEC_0797,skipped,0,
DEC_1734,skipped,0,
DEC_3546,skipped,0,
DEC_4671,skipped,0,
ACT_093,skipped,0,
DEC_3682,skipped,0,
DEC_4706,skipped,0,
DEC_2756,skipped,0,
DEC_2947,filtered,0,imine_1
DEC_1050,skipped,0,
DEC_3283,filtered,0,imine_1
DEC_4764,skipped,0,
DEC_2415,skipped,0,
DEC_4686,skipped,0,
DEC_3566,skipped,0,
DEC_2887,skipped,0,
DEC_2495,skipped,0,
DEC_3242,filtered,0,triple_bond
DEC_3133,skipped,0,
DEC_3961,skipped,0,
DEC_1471,skipped,0,
DEC_3512,skipped,0,
DEC_3888,skipped,0,
DEC_4094,skipped,0,
DEC_3985,skipped,0,
DEC_2108,filtered,0,Aliphatic_long_chain
DEC_3560,skipped,0,
DEC_2030,filtered,0,anil_di_alk_C(246)
DEC_4643,skipped,0,
DEC_3045,skipped,0,
DEC_0081,skipped,0,
DEC_1200,skipped,0,
DEC_3181,filtered,0,acyclic_C=C-O
DEC_1003,skipped,0,
DEC_1683,skipped,0,
DEC_3377,skipped,0,
DEC_1310,skipped,0,
DEC_2973,skipped,0,
DEC_0490,skipped,0,
DEC_2479,skipped,0,
DEC_2744,skipped,0,
DEC_3040,filtered,0,Aliphatic_long_chain
DEC_1024,skipped,0,
DEC_1668,skipped,0,
DEC_4087,skipped,0,
DEC_3348,filtered,0,thioester
DEC_2019,filtered,0,Thiocarbonyl_group
DEC_4717,skipped,0,
DEC_0573,skipped,0,
DEC_3032,skipped,0,
DEC_3532,skipped,0,
DEC_0064,skipped,0,
DEC_0139,skipped,0,
DEC_1403,skipped,0,
DEC_2350,filtered,0,mannich_A(296)
DEC_3598,skipped,0,
DEC_2423,filtered,0,hydroxamic_acid
DEC_0384,skipped,0,
DEC_4151,skipped,0,
DEC_1509,skipped,0,
DEC_2195,skipped,0,
DEC_3153,skipped,0,
DEC_1914,skipped,0,
DEC_0818,skipped,0,
DEC_0884,skipped,0,
DEC_3624,skipped,0,
DEC_4449,skipped,0,
DEC_3997,skipped,0,
DEC_1972,skipped,0,
DEC_0085,skipped,0,
DEC_4387,skipped,0,
DEC_3608,skipped,0,
DEC_4198,skipped,0,
DEC_0415,skipped,0,
DEC_2986,filtered,0,imine_1
DEC_0253,skipped,0,
DEC_2923,filtered,0,imine_1
DEC_4692,skipped,0,
DEC_1579,skipped,0,
DEC_3892,skipped,0,
DEC_4685,skipped,0,
DEC_0631,skipped,0,
DEC_2133,filtered,0,Aliphatic_long_chain
DEC_4501,skipped,0,
DEC_4220,skipped,0,
DEC_0714,skipped,0,
DEC_4550,skipped,0,
DEC_3966,skipped,0,
DEC_4350,skipped,0,
DEC_4487,skipped,0,
DEC_4008,skipped,0,
DEC_2282,skipped,0,
DEC_2078,skipped,0,
DEC_3949,skipped,0,
DEC_4779,skipped,0,
DEC_1366,skipped,0,
DEC_1215,skipped,0,
DEC_0293,skipped,0,
DEC_1882,filtered,0,isolated_alkene
DEC_0997,skipped,0,
DEC_3266,filtered,0,Aliphatic_long_chain
DEC_3779,skipped,0,
DEC_1970,skipped,0,
DEC_1272,skipped,0,
DEC_1498,skipped,0,
DEC_2886,skipped,0,
DEC_4486,skipped,0,
DEC_2701,skipped,0,
DEC_0152,skipped,0,
DEC_4747,skipped,0,
DEC_1184,skipped,0,
DEC_4185,skipped,0,
ACT_036,skipped,0,
DEC_4201,skipped,0,
DEC_3799,skipped,0,
DEC_0357,skipped,0,
DEC_4620,skipped,0,
DEC_1631,skipped,0,
DEC_1648,filtered,0,aniline
DEC_0831,skipped,0,
DEC_3272,skipped,0,
DEC_0263,skipped,0,
DEC_1885,skipped,0,
DEC_1609,skipped,0,
DEC_0600,skipped,0,
DEC_0292,skipped,0,
ACT_031,skipped,0,
DEC_3018,skipped,0,
DEC_3426,skipped,0,
DEC_0642,skipped,0,
DEC_2981,filtered,0,imine_1
DEC_3281,filtered,0,Aliphatic_long_chain
DEC_0488,skipped,0,
DEC_3616,skipped,0,
DEC_2660,skipped,0,
ACT_052,skipped,0,
DEC_0373,skipped,0,
DEC_3660,skipped,0,
ACT_044,skipped,0,
DEC_3239,skipped,0,
DEC_3688,skipped,0,
DEC_1812,filtered,0,hydroxamic_acid
DEC_2435,skipped,0,
DEC_4047,skipped,0,
DEC_0989,skipped,0,
DEC_4726,skipped,0,
DEC_2105,filtered,0,imine_1
DEC_4081,skipped,0,
DEC_1584,skipped,0,
DEC_2429,filtered,0,2-halo_pyridine
DEC_2297,skipped,0,
DEC_0103,skipped,0,
DEC_2410,filtered,0,triple_bond
ACT_023,skipped,0,
DEC_3154,skipped,0,
DEC_0962,skipped,0,
DEC_0840,skipped,0,
DEC_2631,skipped,0,
DEC_4480,skipped,0,
DEC_3328,skipped,0,
ACT_087,skipped,0,
DEC_4263,skipped,0,
DEC_0861,skipped,0,
DEC_3872,skipped,0,
DEC_1533,skipped,0,
DEC_3217,filtered,0,imine_1
DEC_4328,skipped,0,
DEC_4579,skipped,0,
DEC_4354,skipped,0,
DEC_2835,skipped,0,
DEC_0027,skipped,0,
DEC_1203,skipped,0,
DEC_3470,skipped,0,
DEC_1191,skipped,0,
DEC_3505,skipped,0,
DEC_3800,skipped,0,
DEC_4389,skipped,0,
DEC_2328,skipped,0,
DEC_4181,skipped,0,
DEC_4720,skipped,0,
DEC_2727,skipped,0,
DEC_0257,skipped,0,
DEC_3930,skipped,0,
DEC_1900,filtered,0,quinone_A(370)
DEC_4073,skipped,0,
DEC_2801,skipped,0,
DEC_2016,filtered,0,Thiocarbonyl_group
DEC_2464,skipped,0,
DEC_1512,skipped,0,
DEC_3245,filtered,0,charged_oxygen_or_sulfur_atoms
DEC_4762,skipped,0,
DEC_2457,skipped,0,
ACT_083,skipped,0,
DEC_1709,skipped,0,
DEC_1074,skipped,0,
DEC_2193,filtered,0,alkyl_halide
DEC_2740,skipped,0,
DEC_4695,skipped,0,
DEC_3999,skipped,0,
DEC_1778,filtered,0,thiol_2
DEC_4450,skipped,0,
DEC_0326,skipped,0,
DEC_1298,skipped,0,
DEC_1962,filtered,0,nitro_group
DEC_2005,skipped,0,
DEC_4520,skipped,0,
DEC_3439,skipped,0,
DEC_1814,filtered,0,hydroxamic_acid
DEC_3191,skipped,0,
DEC_4141,skipped,0,
DEC_4513,skipped,0,
DEC_3925,skipped,0,
DEC_1691,skipped,0,
DEC_0316,skipped,0,
DEC_4124,skipped,0,
DEC_0379,skipped,0,
DEC_4504,skipped,0,
DEC_3313,skipped,0,
DEC_0552,skipped,0,
DEC_3978,skipped,0,
DEC_3898,skipped,0,
DEC_3298,filtered,0,isolated_alkene
DEC_0435,skipped,0,
DEC_3583,skipped,0,
DEC_2211,filtered,0,cyanate_/aminonitrile_/thiocyanate
DEC_1284,skipped,0,
DEC_4638,skipped,0,
DEC_4656,skipped,0,
DEC_2264,filtered,0,charged_oxygen_or_sulfur_atoms
DEC_0708,skipped,0,
DEC_0174,skipped,0,
DEC_2506,skipped,0,
DEC_3465,skipped,0,
DEC_4512,skipped,0,
DEC_2254,skipped,0,
DEC_3654,skipped,0,
DEC_0746,skipped,0,
DEC_0965,skipped,0,
DEC_1518,skipped,0,
DEC_2156,skipped,0,
DEC_3863,skipped,0,
DEC_2796,skipped,0,
DEC_1322,skipped,0,
DEC_0023,skipped,0,
DEC_1413,skipped,0,
DEC_0760,skipped,0,
DEC_0388,skipped,0,
DEC_3764,skipped,0,
DEC_1179,skipped,0,
DEC_0113,skipped,0,
DEC_0530,failed,0,"meeko: RDKit molecule has 2 fragments. Must have 1.
"
DEC_1671,filtered,0,triple_bond
DEC_1245,skipped,0,
DEC_1091,skipped,0,
DEC_1236,skipped,0,
DEC_3911,skipped,0,
DEC_1010,skipped,0,
DEC_3516,skipped,0,
DEC_3292,filtered,0,Aliphatic_long_chain
DEC_4774,skipped,0,
DEC_1708,skipped,0,
DEC_1566,skipped,0,
DEC_2640,skipped,0,
DEC_2930,filtered,0,imine_1
DEC_1713,filtered,0,imine_1
DEC_0911,skipped,0,
DEC_0655,skipped,0,
DEC_0851,skipped,0,
DEC_3346,filtered,0,thioester
DEC_4174,skipped,0,
DEC_3339,skipped,0,
DEC_4077,skipped,0,
DEC_1308,skipped,0,
DEC_1235,skipped,0,
DEC_3338,skipped,0,
DEC_1057,skipped,0,
DEC_4425,skipped,0,
DEC_1305,skipped,0,
DEC_0537,skipped,0,
DEC_0479,skipped,0,
DEC_0853,skipped,0,
DEC_2707,skipped,0,
DEC_0722,skipped,0,
DEC_3969,skipped,0,
DEC_1526,skipped,0,
DEC_0358,skipped,0,
DEC_2892,skipped,0,
DEC_4675,skipped,0,
DEC_0929,skipped,0,
DEC_1107,skipped,0,
DEC_2382,skipped,0,
DEC_3738,skipped,0,
DEC_1881,filtered,0,beta-keto/anhydride
DEC_4751,skipped,0,
DEC_0753,skipped,0,
DEC_2066,skipped,0,
DEC_2231,filtered,0,nitro_group
DEC_4552,skipped,0,
DEC_0759,skipped,0,
DEC_2480,skipped,0,
ACT_073,skipped,0,
DEC_2277,filtered,0,iodine
DEC_2695,skipped,0,
DEC_4137,skipped,0,
DEC_2584,skipped,0,
DEC_2908,skipped,0,
DEC_1848,filtered,0,Aliphatic_long_chain
DEC_1115,skipped,0,
DEC_1569,skipped,0,
DEC_1598,skipped,0,
DEC_1414,skipped,0,
DEC_3938,skipped,0,
DEC_4285,skipped,0,
DEC_4383,skipped,0,
DEC_3352,skipped,0,
DEC_0423,skipped,0,
DEC_3125,skipped,0,
DEC_3048,skipped,0,
DEC_1097,skipped,0,
DEC_4585,skipped,0,
DEC_2956,filtered,0,Aliphatic_long_chain
DEC_0014,skipped,0,
DEC_4591,skipped,0,
DEC_1392,skipped,0,
DEC_3028,filtered,0,amino_acridine_A(46)
DEC_4015,skipped,0,
DEC_3480,skipped,0,
DEC_2834,skipped,0,
DEC_2015,skipped,0,
DEC_0031,skipped,0,
DEC_2648,skipped,0,
DEC_0458,skipped,0,
DEC_3500,skipped,0,
DEC_0587,skipped,0,
DEC_1817,filtered,0,aniline
DEC_2375,skipped,0,
DEC_3378,skipped,0,
DEC_1331,skipped,0,
DEC_3369,filtered,0,quinone_A(370)
DEC_4663,skipped,0,
DEC_0431,skipped,0,
DEC_0960,skipped,0,
DEC_2013,skipped,0,
DEC_3098,filtered,0,Aliphatic_long_chain
DEC_3797,skipped,0,
DEC_2188,skipped,0,
ACT_024,skipped,0,
DEC_3447,filtered,0,hydroxamic_acid
DEC_1751,filtered,0,aldehyde
DEC_4768,skipped,0,
DEC_2634,skipped,0,
DEC_3285,skipped,0,
DEC_0013,skipped,0,
DEC_0829,skipped,0,
DEC_1558,skipped,0,
DEC_2090,skipped,0,
DEC_0077,skipped,0,
DEC_3301,filtered,0,charged_oxygen_or_sulfur_atoms
DEC_3257,filtered,0,iodine
DEC_3751,skipped,0,
DEC_2192,filtered,0,aniline
DEC_2130,filtered,0,thiazol_SC_A(3)
DEC_0036,skipped,0,
DEC_2758,skipped,0,
DEC_0701,skipped,0,
DEC_0570,skipped,0,
DEC_4418,skipped,0,
DEC_3152,filtered,0,isolated_alkene
DEC_4445,skipped,0,
DEC_0948,skipped,0,
DEC_3633,skipped,0,
DEC_2948,skipped,0,
DEC_2754,skipped,0,
DEC_2618,skipped,0,
DEC_3116,skipped,0,
DEC_3914,skipped,0,
DEC_0999,skipped,0,
DEC_1258,skipped,0,
DEC_2987,filtered,0,heavy_metal
DEC_2726,skipped,0,
DEC_0751,skipped,0,
DEC_4340,skipped,0,
DEC_2080,filtered,0,hydantoin
DEC_2859,skipped,0,
DEC_3695,skipped,0,
DEC_0024,skipped,0,
ACT_082,skipped,0,
DEC_0342,skipped,0,
DEC_3241,filtered,0,thioester
ACT_029,skipped,0,
DEC_1975,skipped,0,
DEC_4485,skipped,0,
ACT_035,skipped,0,
DEC_2746,skipped,0,
DEC_2221,skipped,0,
DEC_1468,skipped,0,
DEC_2623,skipped,0,
DEC_0649,skipped,0,
DEC_0762,skipped,0,
DEC_1065,skipped,0,
DEC_4743,skipped,0,
DEC_3511,skipped,0,
DEC_4577,skipped,0,
DEC_1721,skipped,0,
ACT_025,skipped,0,
DEC_2952,skipped,0,
DEC_1256,skipped,0,
DEC_4382,skipped,0,
DEC_2169,skipped,0,
DEC_2653,skipped,0,
DEC_3064,filtered,0,Aliphatic_long_chain
DEC_0691,skipped,0,
DEC_3121,skipped,0,
DEC_0391,skipped,0,
DEC_0012,skipped,0,
DEC_2207,skipped,0,
DEC_4546,skipped,0,
DEC_0287,skipped,0,
DEC_0944,skipped,0,
DEC_4057,skipped,0,
DEC_0961,skipped,0,
DEC_2715,skipped,0,
DEC_3980,skipped,0,
ACT_055,skipped,0,
DEC_4022,skipped,0,
DEC_1145,skipped,0,
DEC_2837,skipped,0,
DEC_4583,skipped,0,
DEC_4262,skipped,0,
DEC_1605,skipped,0,
DEC_2316,filtered,0,Aliphatic_long_chain
DEC_2985,skipped,0,
DEC_0408,skipped,0,
DEC_4242,skipped,0,
DEC_1963,filtered,0,iodine
DEC_4306,skipped,0,
DEC_2565,skipped,0,
DEC_4049,skipped,0,
DEC_3355,filtered,0,amino_acridine_A(46)
DEC_3263,filtered,0,Aliphatic_long_chain
DEC_1839,filtered,0,phthalimide
DEC_0106,skipped,0,
DEC_3391,skipped,0,
DEC_0345,skipped,0,
DEC_4186,skipped,0,
DEC_1357,skipped,0,
DEC_0744,skipped,0,
DEC_0211,skipped,0,
DEC_4037,skipped,0,
DEC_3657,skipped,0,
DEC_4608,skipped,0,
DEC_1699,filtered,0,aniline
DEC_1867,filtered,0,isolated_alkene
DEC_4260,skipped,0,
DEC_4531,skipped,0,
DEC_3206,skipped,0,
DEC_3411,filtered,0,imine_1
DEC_0041,skipped,0,
DEC_0193,skipped,0,
DEC_2083,skipped,0,
DEC_0173,skipped,0,
DEC_0684,skipped,0,
DEC_4005,skipped,0,
DEC_1854,skipped,0,
DEC_0653,skipped,0,
DEC_4558,skipped,0,
DEC_3783,skipped,0,
DEC_2800,skipped,0,
DEC_0083,skipped,0,
DEC_0685,skipped,0,
DEC_3881,skipped,0,
DEC_0046,skipped,0,
DEC_3810,skipped,0,
DEC_3453,skipped,0,
DEC_4159,skipped,0,
DEC_2145,skipped,0,
DEC_4268,skipped,0,
ACT_017,skipped,0,
DEC_2668,skipped,0,
DEC_0812,skipped,0,
DEC_0964,skipped,0,
DEC_0364,skipped,0,
DEC_1116,skipped,0,
DEC_1330,skipped,0,
DEC_2418,filtered,0,hydroxamic_acid
DEC_2829,skipped,0,
DEC_0338,skipped,0,
ACT_003,skipped,0,
DEC_0095,skipped,0,
DEC_3472,skipped,0,
DEC_1243,skipped,0,
DEC_1805,filtered,0,imine_1
DEC_4519,skipped,0,
DEC_4500,skipped,0,
DEC_2162,skipped,0,
DEC_0712,skipped,0,
DEC_2655,skipped,0,
DEC_2724,skipped,0,
DEC_4051,skipped,0,
DEC_0662,skipped,0,
DEC_2893,skipped,0,
DEC_3759,skipped,0,
DEC_1782,filtered,0,Michael_acceptor_1
DEC_1241,skipped,0,
DEC_3960,skipped,0,
DEC_2559,skipped,0,
DEC_4683,skipped,0,
DEC_3974,skipped,0,
DEC_4462,skipped,0,
DEC_0171,skipped,0,
DEC_2945,skipped,0,
DEC_1359,skipped,0,
ACT_002,filtered,0,Aliphatic_long_chain
DEC_4063,skipped,0,
DEC_2184,filtered,0,Aliphatic_long_chain
DEC_2044,filtered,0,Aliphatic_long_chain
DEC_2212,filtered,0,nitro_group
DEC_2549,skipped,0,
DEC_0842,skipped,0,
DEC_3151,skipped,0,
DEC_3216,skipped,0,
DEC_2475,skipped,0,
ACT_100,skipped,0,
DEC_3138,filtered,0,Aliphatic_long_chain
DEC_4211,skipped,0,
DEC_2018,filtered,0,Michael_acceptor_4
DEC_4027,skipped,0,
DEC_2333,skipped,0,
DEC_2326,filtered,0,iodine
DEC_0592,skipped,0,
DEC_4587,skipped,0,
DEC_0562,skipped,0,
DEC_1893,filtered,0,2-halo_pyridine
DEC_3229,skipped,0,
DEC_3435,filtered,0,mannich_A(296)
DEC_4396,skipped,0,
DEC_4688,skipped,0,
DEC_0715,skipped,0,
DEC_4417,skipped,0,
DEC_2337,filtered,0,Aliphatic_long_chain
DEC_0634,skipped,0,
DEC_1261,skipped,0,
DEC_1201,skipped,0,
DEC_4496,skipped,0,
DEC_4647,skipped,0,
ACT_006,skipped,0,
DEC_1092,skipped,0,
DEC_4205,skipped,0,
DEC_0900,skipped,0,
DEC_3734,skipped,0,
DEC_0656,skipped,0,
DEC_4756,skipped,0,
DEC_0956,skipped,0,
DEC_3811,skipped,0,
DEC_4128,skipped,0,
DEC_1644,filtered,0,nitro_group
DEC_3157,skipped,0,
DEC_0826,skipped,0,
DEC_4723,skipped,0,
DEC_3927,skipped,0,
DEC_3007,filtered,0,Michael_acceptor_1
DEC_1735,skipped,0,
DEC_2354,filtered,0,isolated_alkene
DEC_4479,skipped,0,
DEC_0192,skipped,0,
DEC_1433,skipped,0,
DEC_1667,filtered,0,isolated_alkene
DEC_1285,skipped,0,
DEC_1376,skipped,0,
DEC_0560,skipped,0,
DEC_2151,filtered,0,peroxide
DEC_0412,skipped,0,
DEC_2609,skipped,0,
DEC_0160,skipped,0,
DEC_2174,filtered,0,nitro_group
DEC_0468,skipped,0,
DEC_1353,skipped,0,
DEC_4415,skipped,0,
DEC_2890,skipped,0,
DEC_3193,skipped,0,
DEC_3923,skipped,0,
DEC_2537,skipped,0,
DEC_2476,skipped,0,
DEC_1655,filtered,0,thiaz_ene_A(128)
DEC_3430,filtered,0,hydroxamic_acid
DEC_3785,skipped,0,
DEC_1495,skipped,0,
DEC_0563,skipped,0,
DEC_1397,skipped,0,
DEC_3977,skipped,0,
DEC_4098,skipped,0,
DEC_2228,filtered,0,azo_A(324)
DEC_0991,skipped,0,
DEC_4648,skipped,0,
DEC_2885,skipped,0,
DEC_0022,skipped,0,
DEC_1508,skipped,0,
DEC_1550,skipped,0,
DEC_2116,skipped,0,
DEC_1162,skipped,0,
DEC_0240,skipped,0,
DEC_2309,filtered,0,Aliphatic_long_chain
DEC_4652,skipped,0,
DEC_1150,skipped,0,
DEC_1536,skipped,0,
DEC_2907,skipped,0,
DEC_4541,skipped,0,
DEC_1105,skipped,0,
DEC_4470,skipped,0,
DEC_2127,skipped,0,
DEC_1976,filtered,0,Aliphatic_long_chain
DEC_0800,skipped,0,
DEC_3860,skipped,0,
DEC_2733,skipped,0,
DEC_3596,skipped,0,
DEC_2335,filtered,0,Aliphatic_long_chain
DEC_1402,skipped,0,
DEC_2903,skipped,0,
DEC_3548,skipped,0,
DEC_1920,filtered,0,steroid_A(2)
DEC_3606,skipped,0,
DEC_0771,skipped,0,
DEC_3442,filtered,0,imine_1
DEC_3205,filtered,0,Aliphatic_long_chain
DEC_3188,skipped,0,
DEC_2214,skipped,0,
DEC_3140,skipped,0,
DEC_3497,skipped,0,
DEC_0652,skipped,0,
DEC_1873,filtered,0,phthalimide
DEC_2905,skipped,0,
DEC_1896,filtered,0,nitro_group
DEC_3629,skipped,0,
DEC_2089,skipped,0,
DEC_1450,skipped,0,
DEC_4399,skipped,0,
DEC_3022,filtered,0,N_oxide
DEC_1897,filtered,0,2-halo_pyridine
DEC_0837,skipped,0,
DEC_0245,skipped,0,
DEC_4157,skipped,0,
DEC_1002,skipped,0,
DEC_0361,skipped,0,
DEC_3306,filtered,0,imine_1
DEC_1998,skipped,0,
DEC_4336,skipped,0,
DEC_0352,skipped,0,
ACT_064,skipped,0,
DEC_4605,skipped,0,
DEC_1904,skipped,0,
DEC_2097,skipped,0,
DEC_4150,skipped,0,
DEC_2876,skipped,0,
DEC_1355,skipped,0,
DEC_3141,filtered,0,charged_oxygen_or_sulfur_atoms
DEC_0908,skipped,0,
DEC_2386,filtered,0,Aliphatic_long_chain
DEC_1641,skipped,0,
DEC_4705,skipped,0,
DEC_1238,skipped,0,
DEC_0936,skipped,0,
DEC_1051,skipped,0,
DEC_1842,skipped,0,
DEC_0300,skipped,0,
DEC_3071,filtered,0,aniline
DEC_3993,skipped,0,
DEC_3939,skipped,0,
DEC_0636,skipped,0,
DEC_1831,filtered,0,Aliphatic_long_chain
DEC_4177,skipped,0,
DEC_3496,skipped,0,
DEC_2329,filtered,0,Aliphatic_long_chain
DEC_1770,filtered,0,alkyl_halide
DEC_0188,skipped,0,
DEC_4414,skipped,0,
DEC_1696,skipped,0,
DEC_0242,skipped,0,
DEC_3816,skipped,0,
DEC_0255,skipped,0,
DEC_1923,skipped,0,
DEC_1452,skipped,0,
DEC_4460,skipped,0,
DEC_1202,skipped,0,
DEC_3431,skipped,0,
DEC_3679,skipped,0,
DEC_1630,filtered,0,Michael_acceptor_1
DEC_0686,skipped,0,
DEC_4664,skipped,0,
DEC_4208,skipped,0,
DEC_4429,skipped,0,
DEC_4503,skipped,0,
DEC_1477,skipped,0,
DEC_3177,skipped,0,
DEC_0190,skipped,0,
DEC_1321,skipped,0,
DEC_4053,skipped,0,
DEC_4690,skipped,0,
DEC_0140,skipped,0,
DEC_3323,filtered,0,aniline
DEC_4011,skipped,0,
DEC_0142,skipped,0,
DEC_1479,skipped,0,
DEC_3864,skipped,0,
DEC_1277,skipped,0,
DEC_1887,filtered,0,2-halo_pyridine
DEC_3831,skipped,0,
DEC_1159,skipped,0,
DEC_0510,skipped,0,
DEC_2467,skipped,0,
DEC_2938,filtered,0,hydroquinone
DEC_2606,skipped,0,
DEC_1165,skipped,0,
DEC_2651,skipped,0,
DEC_2383,filtered,0,Michael_acceptor_1
DEC_4772,skipped,0,
DEC_3568,skipped,0,
DEC_2310,filtered,0,Aliphatic_long_chain
DEC_1993,filtered,0,thioester
DEC_4258,skipped,0,
DEC_0696,skipped,0,
DEC_1757,filtered,0,aldehyde
DEC_0542,skipped,0,
DEC_1209,skipped,0,
DEC_0981,skipped,0,
DEC_2095,skipped,0,
DEC_4085,skipped,0,
DEC_0438,skipped,0,
DEC_3711,skipped,0,
DEC_3415,skipped,0,
DEC_3926,skipped,0,
DEC_1672,filtered,0,beta-keto/anhydride
DEC_0650,skipped,0,
DEC_4702,skipped,0,
DEC_1996,filtered,0,imine_1
DEC_0109,skipped,0,
DEC_2442,skipped,0,
DEC_0029,skipped,0,
DEC_3063,skipped,0,
DEC_2602,skipped,0,
DEC_0471,skipped,0,
DEC_3765,skipped,0,
DEC_2260,filtered,0,isolated_alkene
DEC_2773,skipped,0,
ACT_010,skipped,0,
DEC_1847,filtered,0,Aliphatic_long_chain
DEC_0780,skipped,0,
DEC_3340,skipped,0,
DEC_4623,skipped,0,
DEC_0305,skipped,0,
DEC_2921,skipped,0,
DEC_3055,filtered,0,aldehyde
ACT_060,skipped,0,
DEC_2367,filtered,0,Aliphatic_long_chain
DEC_4180,skipped,0,
DEC_2194,filtered,0,nitro_group
DEC_2006,skipped,0,
DEC_3316,filtered,0,halogenated_ring_1
DEC_0278,skipped,0,
DEC_4510,skipped,0,
DEC_0730,skipped,0,
DEC_3931,skipped,0,
DEC_0847,skipped,0,
DEC_4298,skipped,0,
DEC_1047,skipped,0,
DEC_0578,skipped,0,
DEC_3322,filtered,0,thioester
DEC_3770,skipped,0,
DEC_0258,skipped,0,
DEC_0957,skipped,0,
DEC_2324,filtered,0,Polycyclic_aromatic_hydrocarbon_2
DEC_4095,skipped,0,
DEC_4169,skipped,0,
DEC_3837,skipped,0,
DEC_2051,skipped,0,
DEC_1228,skipped,0,
DEC_1553,skipped,0,
DEC_2216,skipped,0,
DEC_4138,skipped,0,
DEC_1356,skipped,0,
ACT_092,skipped,0,
DEC_1925,skipped,0,
DEC_3549,skipped,0,
DEC_1681,filtered,0,imine_1
DEC_4617,skipped,0,
DEC_1327,skipped,0,
DEC_4674,skipped,0,
DEC_4326,skipped,0,
DEC_2820,skipped,0,
DEC_0876,skipped,0,
DEC_1555,skipped,0,
DEC_0890,skipped,0,
DEC_2881,skipped,0,
DEC_3030,skipped,0,
DEC_1755,filtered,0,aldehyde
DEC_2381,filtered,0,Sulfonic_acid_2
DEC_0603,skipped,0,
DEC_0539,failed,0,"meeko: RDKit molecule has 2 fragments. Must have 1.
"
DEC_2624,skipped,0,
DEC_0191,skipped,0,
DEC_1396,skipped,0,
DEC_4232,skipped,0,
DEC_4537,skipped,0,
DEC_0752,skipped,0,
DEC_2374,skipped,0,
DEC_4209,skipped,0,
DEC_4099,skipped,0,
ACT_051,skipped,0,
DEC_3464,skipped,0,
DEC_3118,skipped,0,
DEC_2895,skipped,0,
DEC_2509,skipped,0,
DEC_1106,skipped,0,
DEC_3251,skipped,0,
DEC_1800,filtered,0,imine_1
DEC_0849,skipped,0,
DEC_0702,skipped,0,
DEC_0667,skipped,0,
DEC_2629,skipped,0,
DEC_0353,skipped,0,
DEC_2315,filtered,0,Aliphatic_long_chain
DEC_1309,skipped,0,
DEC_4495,skipped,0,
DEC_2978,skipped,0,
DEC_0963,skipped,0,
DEC_2787,skipped,0,
DEC_3684,skipped,0,
DEC_2823,skipped,0,
DEC_3168,skipped,0,
DEC_0102,skipped,0,
DEC_2288,filtered,0,iodine
DEC_0117,skipped,0,
DEC_4677,skipped,0,
DEC_2603,skipped,0,
DEC_3321,filtered,0,thioester
DEC_2901,skipped,0,
DEC_0719,skipped,0,
DEC_3932,skipped,0,
DEC_3571,skipped,0,
DEC_4345,skipped,0,
DEC_1054,skipped,0,
ACT_091,skipped,0,
DEC_1155,skipped,0,
DEC_2239,filtered,0,nitro_group
DEC_0241,skipped,0,
DEC_0628,skipped,0,
DEC_2776,skipped,0,
DEC_1247,skipped,0,
DEC_2579,skipped,0,
DEC_1823,skipped,0,
DEC_0124,skipped,0,
DEC_0075,skipped,0,
DEC_3457,skipped,0,
DEC_3212,filtered,0,cumarine
DEC_2038,skipped,0,
DEC_2525,skipped,0,
DEC_1337,skipped,0,
DEC_0637,skipped,0,
DEC_1520,skipped,0,
ACT_076,skipped,0,
DEC_1014,skipped,0,
DEC_0757,skipped,0,
DEC_1317,skipped,0,
DEC_2747,skipped,0,
DEC_3838,skipped,0,
DEC_0721,skipped,0,
DEC_1093,skipped,0,
DEC_3129,skipped,0,
DEC_1756,filtered,0,aldehyde
DEC_2087,skipped,0,
DEC_2759,skipped,0,
DEC_2642,skipped,0,
DEC_2320,filtered,0,Aliphatic_long_chain
DEC_0767,skipped,0,
DEC_1365,skipped,0,
DEC_4596,skipped,0,
DEC_4533,skipped,0,
DEC_3008,filtered,0,Michael_acceptor_1
DEC_0396,skipped,0,
DEC_2364,skipped,0,
DEC_4029,skipped,0,
DEC_3243,skipped,0,
DEC_2657,skipped,0,
DEC_1279,skipped,0,
DEC_2022,skipped,0,
DEC_2505,skipped,0,
DEC_4642,skipped,0,
DEC_1922,filtered,0,Michael_acceptor_1
DEC_3388,filtered,0,aldehyde
DEC_4117,skipped,0,
DEC_4224,skipped,0,
DEC_3079,filtered,0,Aliphatic_long_chain
DEC_1680,skipped,0,
DEC_3621,skipped,0,
DEC_3529,skipped,0,
DEC_0330,skipped,0,
DEC_3160,filtered,0,Aliphatic_long_chain
DEC_4458,skipped,0,
DEC_4135,skipped,0,
ACT_056,skipped,0,
DEC_3558,skipped,0,
DEC_1473,skipped,0,
DEC_3849,skipped,0,
DEC_3544,skipped,0,
DEC_2250,filtered,0,thiol_2
DEC_1113,skipped,0,
DEC_0310,skipped,0,
DEC_1852,skipped,0,
DEC_4364,skipped,0,
DEC_0648,skipped,0,
DEC_2566,skipped,0,
DEC_2124,filtered,0,conjugated_nitrile_group
DEC_2428,filtered,0,2-halo_pyridine
DEC_1875,filtered,0,phthalimide
DEC_2034,filtered,0,Aliphatic_long_chain
DEC_0568,skipped,0,
DEC_4564,skipped,0,
DEC_1502,skipped,0,
DEC_3902,skipped,0,
DEC_0906,skipped,0,
DEC_1197,skipped,0,
DEC_3155,filtered,0,quinone_A(370)
DEC_2446,skipped,0,
DEC_4187,skipped,0,
DEC_4724,skipped,0,
DEC_1857,filtered,0,isolated_alkene
DEC_4361,skipped,0,
DEC_0544,failed,0,"meeko: RDKit molecule has 2 fragments. Must have 1.
"
DEC_0882,skipped,0,
DEC_3749,skipped,0,
DEC_4219,skipped,0,
DEC_4107,skipped,0,
DEC_2883,skipped,0,
DEC_4231,skipped,0,
DEC_1968,filtered,0,aniline
DEC_1118,skipped,0,
DEC_1234,skipped,0,
DEC_4563,skipped,0,
DEC_3947,skipped,0,
DEC_1571,skipped,0,
DEC_2531,skipped,0,
DEC_0586,skipped,0,
DEC_0802,skipped,0,
DEC_2575,skipped,0,
DEC_4178,skipped,0,
DEC_1547,skipped,0,
DEC_1790,filtered,0,nitro_group
DEC_2851,skipped,0,
DEC_1624,filtered,0,acyclic_C=C-O
DEC_0581,skipped,0,
DEC_0711,skipped,0,
DEC_4359,skipped,0,
DEC_3790,skipped,0,
DEC_3021,filtered,0,nitro_group
DEC_0120,skipped,0,
DEC_3989,skipped,0,
DEC_0301,skipped,0,
DEC_2564,skipped,0,
DEC_1117,skipped,0,
DEC_3728,skipped,0,
DEC_2484,skipped,0,
DEC_1377,skipped,0,
DEC_0406,skipped,0,
DEC_3451,skipped,0,
DEC_2719,skipped,0,
DEC_4192,skipped,0,
DEC_1503,skipped,0,
DEC_4170,skipped,0,
DEC_2176,skipped,0,
DEC_0763,skipped,0,
DEC_2357,filtered,0,imine_1
DEC_0791,skipped,0,
DEC_4422,skipped,0,
DEC_2142,skipped,0,
DEC_2035,filtered,0,Aliphatic_long_chain
DEC_2339,skipped,0,
DEC_2050,filtered,0,iodine
DEC_4430,skipped,0,
DEC_0451,skipped,0,
DEC_0185,skipped,0,
DEC_1740,skipped,0,
DEC_0680,skipped,0,
DEC_1304,skipped,0,
DEC_2976,filtered,0,Aliphatic_long_chain
DEC_0968,skipped,0,
DEC_3722,skipped,0,
DEC_2620,skipped,0,
DEC_2436,skipped,0,
DEC_3619,skipped,0,
DEC_2702,skipped,0,
DEC_1496,skipped,0,
DEC_2910,skipped,0,
DEC_0748,skipped,0,
DEC_3202,filtered,0,Aliphatic_long_chain
DEC_3249,filtered,0,acyclic_C=C-O
DEC_0689,skipped,0,
DEC_3585,skipped,0,
DEC_2932,skipped,0,
DEC_2581,skipped,0,
DEC_1125,skipped,0,
DEC_2118,filtered,0,Thiocarbonyl_group
DEC_0091,skipped,0,
DEC_4571,skipped,0,
DEC_0625,skipped,0,
DEC_0084,skipped,0,
DEC_4754,skipped,0,
DEC_2039,filtered,0,Polycyclic_aromatic_hydrocarbon_2
DEC_2362,filtered,0,Aliphatic_long_chain
DEC_0950,skipped,0,
DEC_1037,skipped,0,
DEC_1041,skipped,0,
DEC_4731,skipped,0,
DEC_3575,skipped,0,
DEC_0284,skipped,0,
DEC_2849,skipped,0,
DEC_0172,skipped,0,
DEC_2448,skipped,0,
DEC_2762,skipped,0,
DEC_4131,skipped,0,
DEC_3675,skipped,0,
DEC_0811,skipped,0,
DEC_2551,skipped,0,
DEC_3836,skipped,0,
DEC_2234,skipped,0,
DEC_2871,skipped,0,
DEC_4278,skipped,0,
DEC_3889,skipped,0,
DEC_2445,skipped,0,
DEC_3192,skipped,0,
DEC_3878,skipped,0,
DEC_1816,filtered,0,hydroxamic_acid
DEC_2980,skipped,0,
DEC_1358,skipped,0,
DEC_3521,skipped,0,
DEC_0216,skipped,0,
DEC_2455,skipped,0,
DEC_2545,skipped,0,
DEC_3937,skipped,0,
DEC_1361,skipped,0,
DEC_0405,skipped,0,
DEC_4395,skipped,0,
DEC_3104,filtered,0,phosphor
DEC_3829,skipped,0,
DEC_4678,skipped,0,
DEC_0076,skipped,0,
DEC_3039,filtered,0,hydrazine
DEC_1254,skipped,0,
DEC_1100,skipped,0,
DEC_3842,skipped,0,
DEC_0281,skipped,0,
DEC_3441,skipped,0,
DEC_3917,skipped,0,
DEC_1033,skipped,0,
DEC_0629,skipped,0,
DEC_3113,filtered,0,alkyl_halide
DEC_0905,skipped,0,
DEC_0823,skipped,0,
DEC_1505,skipped,0,
DEC_3850,skipped,0,
DEC_3194,skipped,0,
DEC_4204,skipped,0,
DEC_0569,skipped,0,
DEC_2788,skipped,0,
DEC_1936,skipped,0,
DEC_3049,filtered,0,phthalimide
DEC_1158,skipped,0,
DEC_3047,skipped,0,
DEC_1140,skipped,0,
DEC_4054,skipped,0,
DEC_0056,skipped,0,
DEC_2104,filtered,0,Aliphatic_long_chain
DEC_3510,skipped,0,
DEC_1965,filtered,0,imine_1
DEC_3637,skipped,0,
DEC_4502,skipped,0,
DEC_0609,skipped,0,
DEC_3311,skipped,0,
DEC_3992,skipped,0,
DEC_4568,skipped,0,
DEC_3855,skipped,0,
DEC_2839,skipped,0,
DEC_4697,skipped,0,
DEC_0187,skipped,0,
DEC_1415,skipped,0,
DEC_1448,skipped,0,
DEC_3638,skipped,0,
DEC_0580,skipped,0,
DEC_1008,skipped,0,
DEC_3401,filtered,0,aldehyde
DEC_2771,skipped,0,
DEC_0697,skipped,0,
DEC_1640,skipped,0,
DEC_1610,skipped,0,
DEC_1883,filtered,0,2-halo_pyridine
DEC_0393,skipped,0,
DEC_1872,filtered,0,phthalimide
DEC_2684,skipped,0,
DEC_2840,skipped,0,
DEC_0058,skipped,0,
DEC_2378,filtered,0,Michael_acceptor_1
DEC_2425,skipped,0,
DEC_1582,skipped,0,
DEC_1360,skipped,0,
DEC_4349,skipped,0,
DEC_3234,skipped,0,
DEC_3159,skipped,0,
DEC_1103,skipped,0,
DEC_2778,skipped,0,
ACT_033,skipped,0,
DEC_3219,filtered,0,cumarine
DEC_4691,skipped,0,
DEC_3538,skipped,0,
DEC_0268,skipped,0,
DEC_2819,skipped,0,
DEC_1248,skipped,0,
DEC_2904,skipped,0,
DEC_2304,skipped,0,
DEC_2497,skipped,0,
DEC_0475,skipped,0,
DEC_4304,skipped,0,
DEC_4711,skipped,0,
DEC_2273,skipped,0,
DEC_3920,skipped,0,
ACT_096,skipped,0,
DEC_2639,skipped,0,
DEC_2833,skipped,0,
DEC_4344,skipped,0,
DEC_3724,skipped,0,
DEC_3586,failed,0,"meeko: RDKit molecule has 2 fragments. Must have 1.
"
DEC_3731,skipped,0,
DEC_3178,filtered,0,Perfluorinated_chain
DEC_0333,skipped,0,
DEC_3277,filtered,0,Aliphatic_long_chain
DEC_3456,skipped,0,
DEC_2935,filtered,0,triple_bond
DEC_0982,skipped,0,
DEC_1733,skipped,0,
DEC_3259,filtered,0,aldehyde
DEC_1895,filtered,0,iodine
DEC_1919,skipped,0,
DEC_3012,filtered,0,diketo_group
DEC_4471,skipped,0,
DEC_1507,skipped,0,
DEC_3994,skipped,0,
DEC_2033,skipped,0,
DEC_1632,filtered,0,indol_3yl_alk(461)
DEC_0924,skipped,0,
DEC_0070,skipped,0,
DEC_2802,skipped,0,
DEC_3737,skipped,0,
ACT_020,skipped,0,
DEC_4588,skipped,0,
DEC_0015,skipped,0,
DEC_3416,filtered,0,heavy_metal
DEC_3847,skipped,0,
DEC_3670,skipped,0,
DEC_0677,skipped,0,
DEC_0731,skipped,0,
DEC_0092,skipped,0,
DEC_3699,skipped,0,
DEC_1990,skipped,0,
DEC_4281,skipped,0,
DEC_3271,filtered,0,Oxygen-nitrogen_single_bond
DEC_4143,skipped,0,
DEC_0066,skipped,0,
DEC_3210,filtered,0,cumarine
DEC_3081,filtered,0,indol_3yl_alk(461)
DEC_1301,skipped,0,
DEC_4034,skipped,0,
DEC_2106,filtered,0,phosphor
DEC_1328,skipped,0,
DEC_2463,skipped,0,
DEC_0399,skipped,0,
DEC_1058,skipped,0,
DEC_3428,skipped,0,
DEC_0732,skipped,0,
DEC_4283,skipped,0,
DEC_4542,skipped,0,
DEC_2115,filtered,0,conjugated_nitrile_group
DEC_4042,skipped,0,
DEC_3760,skipped,0,
DEC_2199,filtered,0,Aliphatic_long_chain
DEC_4247,skipped,0,
DEC_1570,skipped,0,
DEC_4526,skipped,0,
DEC_0979,skipped,0,
DEC_1170,skipped,0,
DEC_0294,skipped,0,
DEC_4043,skipped,0,
DEC_1974,skipped,0,
DEC_3542,skipped,0,
DEC_0295,skipped,0,
DEC_0339,skipped,0,
DEC_0635,skipped,0,
DEC_2721,skipped,0,
ACT_071,skipped,0,
DEC_1075,skipped,0,
DEC_3090,filtered,0,hydantoin
DEC_2838,skipped,0,
DEC_4243,skipped,0,
DEC_1585,skipped,0,
DEC_2674,skipped,0,
DEC_2103,filtered,0,isolated_alkene
DEC_3745,skipped,0,
DEC_3658,skipped,0,
DEC_0148,skipped,0,
DEC_3741,skipped,0,
DEC_1768,filtered,0,aldehyde
DEC_4561,skipped,0,
DEC_4330,skipped,0,
DEC_3073,filtered,0,aniline
DEC_0179,skipped,0,
DEC_4760,skipped,0,
DEC_3691,skipped,0,
DEC_1590,skipped,0,
DEC_4650,skipped,0,
DEC_0099,skipped,0,
DEC_0205,skipped,0,
DEC_0039,skipped,0,
DEC_0141,skipped,0,
DEC_2060,skipped,0,
DEC_1901,filtered,0,iodine
DEC_2914,skipped,0,
DEC_0594,skipped,0,
DEC_4153,skipped,0,
DEC_0590,skipped,0,
DEC_1788,filtered,0,acyclic_C=C-O
DEC_1910,skipped,0,
DEC_4472,skipped,0,
DEC_0955,skipped,0,
DEC_2963,skipped,0,
DEC_1946,skipped,0,
DEC_0907,skipped,0,
DEC_2321,filtered,0,Aliphatic_long_chain
DEC_3164,filtered,0,aldehyde
DEC_1252,skipped,0,
DEC_0704,skipped,0,
DEC_0525,skipped,0,
DEC_3649,skipped,0,
DEC_3144,skipped,0,
DEC_2223,filtered,0,phthalimide
DEC_2785,skipped,0,
DEC_0498,skipped,0,
DEC_4284,skipped,0,
DEC_0088,skipped,0,
DEC_1596,skipped,0,
DEC_1182,skipped,0,
DEC_1419,skipped,0,
DEC_4437,skipped,0,
DEC_1212,skipped,0,
DEC_3766,skipped,0,
DEC_3730,skipped,0,
DEC_2591,skipped,0,
DEC_4560,skipped,0,
DEC_2001,filtered,0,phosphor
DEC_1374,skipped,0,
DEC_2215,filtered,0,azo_A(324)
DEC_2477,skipped,0,
DEC_1372,skipped,0,
DEC_1810,skipped,0,
DEC_4574,skipped,0,
DEC_1060,skipped,0,
DEC_1218,skipped,0,
DEC_2301,filtered,0,beta-keto/anhydride
DEC_4175,skipped,0,
DEC_4508,skipped,0,
DEC_2300,filtered,0,Aliphatic_long_chain
DEC_3381,filtered,0,heavy_metal
DEC_2204,filtered,0,azo_A(324)
DEC_4023,skipped,0,
DEC_0768,skipped,0,
DEC_3774,skipped,0,
DEC_1142,skipped,0,
DEC_1264,skipped,0,
DEC_0756,skipped,0,
DEC_1864,skipped,0,
DEC_4371,skipped,0,
DEC_0671,skipped,0,
DEC_2522,skipped,0,
DEC_4307,skipped,0,
DEC_1445,skipped,0,
DEC_1000,skipped,0,
DEC_3908,skipped,0,
DEC_3856,skipped,0,
DEC_4357,skipped,0,
DEC_2669,skipped,0,
DEC_4599,skipped,0,
DEC_2314,skipped,0,
DEC_2292,skipped,0,
DEC_0733,skipped,0,
DEC_3986,skipped,0,
DEC_4290,skipped,0,
DEC_4325,skipped,0,
DEC_2253,filtered,0,alkyl_halide
DEC_4348,skipped,0,
DEC_1591,skipped,0,
DEC_2587,skipped,0,
DEC_2146,skipped,0,
DEC_0492,skipped,0,
DEC_1132,skipped,0,
DEC_2572,skipped,0,
DEC_2781,skipped,0,
DEC_2748,skipped,0,
DEC_0654,skipped,0,
DEC_1442,skipped,0,
DEC_2627,skipped,0,
DEC_0512,skipped,0,
DEC_3517,skipped,0,
DEC_1606,skipped,0,
DEC_2861,skipped,0,
DEC_2049,filtered,0,Aliphatic_long_chain
DEC_3796,skipped,0,
DEC_1311,skipped,0,
DEC_0093,skipped,0,
DEC_4602,skipped,0,
DEC_1650,filtered,0,acyclic_C=C-O
DEC_2272,skipped,0,
DEC_3382,filtered,0,Aliphatic_long_chain
DEC_1028,skipped,0,
DEC_1131,skipped,0,
DEC_1594,skipped,0,
DEC_0806,skipped,0,
DEC_3387,skipped,0,
DEC_4031,skipped,0,
DEC_4024,skipped,0,
DEC_4052,skipped,0,
DEC_1214,skipped,0,
DEC_1207,skipped,0,
DEC_2091,skipped,0,
DEC_1085,skipped,0,
DEC_3394,skipped,0,
DEC_4353,skipped,0,
DEC_0132,skipped,0,
DEC_3482,skipped,0,
DEC_0860,skipped,0,
DEC_4236,skipped,0,
DEC_4610,skipped,0,
DEC_2774,skipped,0,
DEC_0903,skipped,0,
DEC_2466,skipped,0,
DEC_4776,skipped,0,
DEC_0038,skipped,0,
DEC_0314,skipped,0,
DEC_3570,skipped,0,
DEC_0745,skipped,0,
DEC_3890,skipped,0,
DEC_4164,skipped,0,
DEC_1618,filtered,0,iodine
DEC_0032,skipped,0,
DEC_0363,skipped,0,
DEC_3812,skipped,0,
DEC_1030,skipped,0,
DEC_0536,skipped,0,
DEC_3791,skipped,0,
DEC_1787,filtered,0,Three-membered_heterocycle
DEC_3716,skipped,0,
DEC_4017,skipped,0,
DEC_1454,skipped,0,
DEC_2079,filtered,0,Michael_acceptor_1
DEC_4156,skipped,0,
DEC_4026,skipped,0,
DEC_2262,skipped,0,
ACT_094,skipped,0,
ACT_015,skipped,0,
DEC_4780,skipped,0,
DEC_0422,skipped,0,
DEC_4459,skipped,0,
DEC_2405,filtered,0,aniline
DEC_2101,filtered,0,isolated_alkene
DEC_0632,skipped,0,
DEC_0386,skipped,0,
DEC_1325,skipped,0,
DEC_0445,skipped,0,
DEC_2109,filtered,0,Aliphatic_long_chain
DEC_3758,skipped,0,
DEC_1439,skipped,0,
DEC_1447,skipped,0,
DEC_2847,skipped,0,
DEC_3697,skipped,0,
DEC_3324,skipped,0,
DEC_4332,skipped,0,
DEC_0455,skipped,0,
DEC_3703,skipped,0,
DEC_3094,skipped,0,
DEC_4161,skipped,0,
DEC_2372,skipped,0,
DEC_1834,filtered,0,indol_3yl_alk(461)
DEC_0183,skipped,0,
DEC_0147,skipped,0,
DEC_3743,skipped,0,
DEC_0162,skipped,0,
DEC_2589,skipped,0,
DEC_4612,skipped,0,
DEC_2700,skipped,0,
DEC_0200,skipped,0,
DEC_0793,skipped,0,
ACT_013,skipped,0,
DEC_4518,skipped,0,
DEC_3450,skipped,0,
DEC_3648,skipped,0,
DEC_1163,skipped,0,
DEC_1794,filtered,0,Michael_acceptor_1
DEC_0137,skipped,0,
DEC_2413,filtered,0,Michael_acceptor_1
DEC_4030,skipped,0,
DEC_3106,skipped,0,
DEC_0441,skipped,0,
DEC_3145,skipped,0,
DEC_0128,skipped,0,
DEC_1725,skipped,0,
DEC_3115,skipped,0,
DEC_4079,skipped,0,
DEC_4521,skipped,0,
DEC_0742,skipped,0,
DEC_0377,skipped,0,
DEC_3672,skipped,0,
DEC_4216,skipped,0,
DEC_2233,skipped,0,
DEC_3579,skipped,0,
DEC_0514,skipped,0,
DEC_2929,filtered,0,Michael_acceptor_1
DEC_0729,skipped,0,
DEC_4467,skipped,0,
DEC_2144,skipped,0,
DEC_0153,skipped,0,
DEC_0360,skipped,0,
DEC_0220,skipped,0,
DEC_3915,skipped,0,
DEC_2064,filtered,0,hydantoin
DEC_4346,skipped,0,
DEC_2351,filtered,0,Aliphatic_long_chain
DEC_0236,skipped,0,
DEC_0914,skipped,0,
DEC_0795,skipped,0,
DEC_3507,skipped,0,
DEC_1829,skipped,0,
DEC_3905,skipped,0,
DEC_3332,filtered,0,thioester
DEC_1431,skipped,0,
DEC_4086,skipped,0,
DEC_0528,skipped,0,
DEC_1859,filtered,0,thioester
DEC_0448,skipped,0,
DEC_3622,skipped,0,
DEC_0805,skipped,0,
DEC_3577,skipped,0,
DEC_2240,filtered,0,quinone_A(370)
DEC_4534,skipped,0,
DEC_4455,skipped,0,
DEC_4635,skipped,0,
DEC_3267,filtered,0,Aliphatic_long_chain
DEC_3068,skipped,0,
DEC_1157,skipped,0,
DEC_1807,filtered,0,iodine
DEC_0385,skipped,0,
DEC_4197,skipped,0,
DEC_3103,filtered,0,hydroxamic_acid
DEC_1373,skipped,0,
DEC_4597,skipped,0,
ACT_047,skipped,0,
DEC_1137,skipped,0,
DEC_4735,skipped,0,
DEC_3906,skipped,0,
DEC_3825,skipped,0,
DEC_0865,skipped,0,
DEC_3857,skipped,0,
DEC_0969,skipped,0,
ACT_028,skipped,0,
DEC_2764,skipped,0,
DEC_1226,skipped,0,
DEC_2283,skipped,0,
DEC_0476,skipped,0,
DEC_4704,skipped,0,
DEC_0291,skipped,0,
DEC_3244,skipped,0,
DEC_4739,skipped,0,
DEC_2408,skipped,0,
DEC_3360,filtered,0,Aliphatic_long_chain
DEC_4536,skipped,0,
DEC_1561,skipped,0,
DEC_0619,skipped,0,
DEC_0692,skipped,0,
DEC_2226,skipped,0,
DEC_3574,skipped,0,
DEC_1281,skipped,0,
DEC_3551,skipped,0,
DEC_3543,skipped,0,
DEC_0954,skipped,0,
DEC_1780,filtered,0,Three-membered_heterocycle
DEC_2406,skipped,0,
DEC_1255,skipped,0,
DEC_0362,skipped,0,
DEC_0690,skipped,0,
DEC_2882,skipped,0,
DEC_1818,skipped,0,
DEC_3696,skipped,0,
DEC_0450,skipped,0,
DEC_2616,skipped,0,
DEC_2376,filtered,0,Michael_acceptor_1
DEC_3818,skipped,0,
DEC_1762,filtered,0,aldehyde
DEC_4013,skipped,0,
DEC_1273,skipped,0,
DEC_4058,skipped,0,
DEC_2227,skipped,0,
DEC_4046,skipped,0,
ACT_038,skipped,0,
DEC_0054,skipped,0,
DEC_4489,skipped,0,
DEC_0664,skipped,0,
DEC_3945,skipped,0,
DEC_3158,filtered,0,Aliphatic_long_chain
DEC_0049,skipped,0,
DEC_0621,skipped,0,
DEC_1612,skipped,0,
DEC_2769,skipped,0,
DEC_3513,skipped,0,
DEC_2092,skipped,0,
DEC_3689,skipped,0,
DEC_3274,skipped,0,
DEC_0267,skipped,0,
DEC_0143,skipped,0,
DEC_2643,skipped,0,
DEC_2716,skipped,0,
DEC_1077,skipped,0,
DEC_0717,skipped,0,
DEC_4491,skipped,0,
DEC_3827,skipped,0,
DEC_1567,skipped,0,
DEC_0547,skipped,0,
DEC_2155,filtered,0,anil_di_alk_B(251)
DEC_2845,skipped,0,
DEC_2664,skipped,0,
DEC_3725,skipped,0,
DEC_3862,skipped,0,
DEC_4228,skipped,0,
DEC_3919,skipped,0,
DEC_4514,skipped,0,
DEC_3221,filtered,0,ene_five_het_B(90)
DEC_0854,skipped,0,
DEC_3564,skipped,0,
DEC_3708,skipped,0,
DEC_2465,skipped,0,
DEC_0894,skipped,0,
DEC_3891,skipped,0,
DEC_0348,skipped,0,
DEC_3179,skipped,0,
DEC_1013,skipped,0,
DEC_2203,skipped,0,
DEC_1011,skipped,0,
DEC_3824,skipped,0,
DEC_4722,skipped,0,
DEC_4457,skipped,0,
DEC_1863,filtered,0,Thiocarbonyl_group
DEC_0951,skipped,0,
DEC_3069,filtered,0,aniline
DEC_1319,skipped,0,
DEC_2568,skipped,0,
DEC_3525,skipped,0,
DEC_4598,skipped,0,
DEC_2628,skipped,0,
DEC_3101,skipped,0,
DEC_3200,skipped,0,
DEC_3552,skipped,0,
DEC_4522,skipped,0,
DEC_2766,skipped,0,
DEC_3148,skipped,0,
DEC_2831,skipped,0,
DEC_3293,filtered,0,imine_1
DEC_1021,skipped,0,
DEC_2196,skipped,0,
DEC_1329,skipped,0,
DEC_1866,filtered,0,phthalimide
DEC_3260,filtered,0,triple_bond
DEC_1903,skipped,0,
DEC_4535,skipped,0,
DEC_1084,skipped,0,
DEC_1120,skipped,0,
DEC_0822,skipped,0,
DEC_3833,skipped,0,
DEC_3913,skipped,0,
DEC_1043,skipped,0,
DEC_0910,skipped,0,
DEC_0688,skipped,0,
DEC_2517,skipped,0,
DEC_0983,skipped,0,
DEC_1352,skipped,0,
DEC_2138,skipped,0,
DEC_1303,skipped,0,
DEC_2084,skipped,0,
DEC_3685,skipped,0,
DEC_4145,skipped,0,
DEC_1186,failed,0,"meeko: RDKit molecule has 2 fragments. Must have 1.
"
DEC_2934,skipped,0,
DEC_4681,skipped,0,
DEC_4272,skipped,0,
DEC_4668,skipped,0,
DEC_3270,skipped,0,
DEC_0750,skipped,0,
DEC_2025,skipped,0,
DEC_0466,skipped,0,
DEC_0156,skipped,0,
DEC_3533,skipped,0,
DEC_3681,skipped,0,
DEC_1581,skipped,0,
DEC_2515,skipped,0,
DEC_1592,skipped,0,
DEC_0521,skipped,0,
DEC_1616,filtered,0,stilbene
DEC_1185,skipped,0,
DEC_4238,skipped,0,
DEC_2843,skipped,0,
DEC_0682,skipped,0,
DEC_3563,skipped,0,
DEC_2246,skipped,0,
DEC_0030,skipped,0,
DEC_0893,skipped,0,
DEC_0506,skipped,0,
DEC_3167,filtered,0,Aliphatic_long_chain
DEC_2048,skipped,0,
DEC_0599,skipped,0,
DEC_1868,filtered,0,iodine
DEC_2685,skipped,0,
DEC_3294,filtered,0,heavy_metal
DEC_0833,skipped,0,
DEC_2266,filtered,0,alkyl_halide
DEC_2270,filtered,0,cumarine
DEC_0988,skipped,0,
DEC_1844,filtered,0,Aliphatic_long_chain
DEC_2821,skipped,0,
DEC_2873,skipped,0,
DEC_1161,skipped,0,
DEC_2291,filtered,0,imine_1
DEC_2972,filtered,0,hydroxamic_acid
DEC_0349,skipped,0,
DEC_1257,skipped,0,
DEC_1409,skipped,0,
ACT_069,skipped,0,
DEC_1846,filtered,0,aniline
DEC_1128,skipped,0,
DEC_2206,skipped,0,
DEC_4777,skipped,0,
DEC_2081,skipped,0,
DEC_1988,filtered,0,thioester
DEC_1978,filtered,0,Polycyclic_aromatic_hydrocarbon_2
DEC_1278,skipped,0,
DEC_3397,skipped,0,
DEC_3669,skipped,0,
DEC_1510,skipped,0,
DEC_4038,skipped,0,
DEC_4401,skipped,0,
DEC_2713,skipped,0,
DEC_3515,skipped,0,
DEC_2751,skipped,0,
DEC_3635,skipped,0,
DEC_0511,skipped,0,
DEC_4771,skipped,0,
DEC_2028,filtered,0,Aliphatic_long_chain
DEC_1841,filtered,0,hydroxamic_acid
DEC_3119,filtered,0,triple_bond
DEC_4505,skipped,0,
DEC_4633,skipped,0,
DEC_2450,skipped,0,
DEC_3975,skipped,0,
DEC_1949,skipped,0,
DEC_1545,skipped,0,
DEC_1986,skipped,0,
DEC_2720,skipped,0,
DEC_3661,skipped,0,
DEC_3942,skipped,0,
DEC_1398,skipped,0,
DEC_4557,skipped,0,
DEC_2731,skipped,0,
DEC_1429,skipped,0,
DEC_1514,skipped,0,
DEC_3114,skipped,0,
DEC_0428,filtered,0,beta-keto/anhydride
DEC_0387,skipped,0,
DEC_2403,filtered,0,alkyl_halide
DEC_3486,skipped,0,
DEC_2630,skipped,0,
DEC_1745,filtered,0,anil_di_alk_E(186)
DEC_1966,filtered,0,imine_1
DEC_4388,skipped,0,
DEC_3372,skipped,0,
DEC_1083,skipped,0,
DEC_4442,skipped,0,
DEC_1385,skipped,0,
DEC_0698,skipped,0,
DEC_2202,filtered,0,nitro_group
DEC_2236,filtered,0,quinone_A(370)
DEC_0110,skipped,0,
DEC_3988,skipped,0,
DEC_3514,skipped,0,
DEC_3762,skipped,0,
DEC_1552,skipped,0,
DEC_3555,skipped,0,
DEC_3550,skipped,0,
DEC_0449,skipped,0,
DEC_1666,filtered,0,Aliphatic_long_chain
DEC_0341,skipped,0,
DEC_3643,skipped,0,
DEC_4148,skipped,0,
DEC_4687,skipped,0,
DEC_3971,skipped,0,
DEC_2348,filtered,0,phenol_ester
DEC_1928,filtered,0,indol_3yl_alk(461)
DEC_1053,skipped,0,
DEC_2493,skipped,0,
DEC_0100,skipped,0,
DEC_2809,skipped,0,
DEC_2290,filtered,0,iodine
DEC_4575,skipped,0,
DEC_3694,skipped,0,
DEC_2825,skipped,0,
DEC_3353,filtered,0,aniline
DEC_1511,skipped,0,
DEC_0269,skipped,0,
DEC_4660,skipped,0,
DEC_3484,skipped,0,
DEC_3190,skipped,0,
DEC_1943,skipped,0,
DEC_4021,skipped,0,
DEC_2009,filtered,0,imine_1
DEC_1941,filtered,0,Aliphatic_long_chain
DEC_0553,skipped,0,
DEC_3698,skipped,0,
DEC_2511,skipped,0,
DEC_2267,filtered,0,Perfluorinated_chain
DEC_4182,skipped,0,
DEC_0555,skipped,0,
DEC_0917,skipped,0,
DEC_1613,filtered,0,aniline
DEC_2846,skipped,0,
DEC_1474,skipped,0,
DEC_1089,skipped,0,
DEC_3455,skipped,0,
DEC_0297,skipped,0,
DEC_0478,skipped,0,
DEC_0916,skipped,0,
DEC_4016,skipped,0,
DEC_3258,filtered,0,aldehyde
DEC_0402,skipped,0,
DEC_1811,filtered,0,Aliphatic_long_chain
DEC_2815,skipped,0,
DEC_2510,skipped,0,
DEC_0335,skipped,0,
DEC_2694,skipped,0,
DEC_2010,filtered,0,nitro_group
DEC_3483,skipped,0,
DEC_4062,skipped,0,
DEC_4239,skipped,0,
DEC_1315,skipped,0,
DEC_4753,skipped,0,
DEC_3327,skipped,0,
DEC_4434,skipped,0,
DEC_2385,skipped,0,
DEC_1294,skipped,0,
DEC_0736,skipped,0,
DEC_1803,filtered,0,Aliphatic_long_chain
DEC_3823,skipped,0,
DEC_4448,skipped,0,
DEC_1701,filtered,0,Aliphatic_long_chain
DEC_3674,skipped,0,
DEC_3318,skipped,0,
DEC_0199,skipped,0,
DEC_3611,skipped,0,
DEC_1119,skipped,0,
DEC_4068,skipped,0,
DEC_0904,skipped,0,
DEC_1879,skipped,0,
DEC_3519,skipped,0,
DEC_1087,skipped,0,
DEC_4741,skipped,0,
DEC_2469,skipped,0,
DEC_1940,filtered,0,nitro_group
DEC_0025,skipped,0,
DEC_2827,skipped,0,
DEC_2937,skipped,0,
DEC_2806,skipped,0,
DEC_2244,skipped,0,
DEC_0764,skipped,0,
DEC_0985,skipped,0,
DEC_2263,filtered,0,charged_oxygen_or_sulfur_atoms
DEC_2528,skipped,0,
DEC_3189,filtered,0,aldehyde
DEC_0233,skipped,0,
DEC_0017,skipped,0,
DEC_3042,filtered,0,imine_1
DEC_4525,skipped,0,
DEC_1283,skipped,0,
DEC_2672,skipped,0,
DEC_3364,filtered,0,imine_1
DEC_4125,skipped,0,
DEC_4716,skipped,0,
DEC_2279,skipped,0,
DEC_2325,skipped,0,
DEC_0591,skipped,0,
DEC_2526,skipped,0,
DEC_1959,filtered,0,nitro_group
DEC_4640,skipped,0,
DEC_3752,skipped,0,
DEC_2417,skipped,0,
DEC_3067,skipped,0,
DEC_2461,skipped,0,
DEC_0413,skipped,0,
DEC_2698,skipped,0,
DEC_4134,skipped,0,
DEC_2502,skipped,0,
DEC_0705,skipped,0,
DEC_3427,skipped,0,
DEC_2722,skipped,0,
DEC_2996,filtered,0,imine_1
DEC_3970,skipped,0,
DEC_1318,skipped,0,
DEC_0824,skipped,0,
DEC_1222,skipped,0,
DEC_2899,skipped,0,
DEC_0575,skipped,0,
DEC_1146,skipped,0,
DEC_3096,filtered,0,aniline
DEC_2023,skipped,0,
DEC_0409,skipped,0,
DEC_4377,skipped,0,
DEC_2902,skipped,0,
DEC_4093,skipped,0,
DEC_2979,skipped,0,
DEC_0646,skipped,0,
DEC_2308,filtered,0,Aliphatic_long_chain
DEC_2521,skipped,0,
DEC_3343,filtered,0,imine_1
DEC_0426,skipped,0,
DEC_1312,skipped,0,
DEC_2020,skipped,0,
DEC_1809,filtered,0,Michael_acceptor_1
DEC_1744,skipped,0,
DEC_4570,skipped,0,
DEC_2532,skipped,0,
DEC_1199,skipped,0,
DEC_0414,skipped,0,
DEC_3736,skipped,0,
DEC_3652,skipped,0,
DEC_1578,skipped,0,
DEC_4110,skipped,0,
DEC_2054,skipped,0,
DEC_3650,skipped,0,
DEC_3215,filtered,0,cumarine
DEC_4412,skipped,0,
DEC_3002,skipped,0,
DEC_0254,skipped,0,
DEC_2644,skipped,0,
DEC_0432,skipped,0,
DEC_2160,skipped,0,
DEC_1815,filtered,0,Aliphatic_long_chain
DEC_1412,skipped,0,
DEC_2245,skipped,0,
DEC_2794,skipped,0,
DEC_1379,skipped,0,
DEC_3792,skipped,0,
DEC_3692,skipped,0,
DEC_0870,skipped,0,
DEC_2850,skipped,0,
DEC_4089,skipped,0,
DEC_3897,skipped,0,
DEC_3282,filtered,0,Aliphatic_long_chain
DEC_1984,skipped,0,
DEC_1381,skipped,0,
DEC_4221,skipped,0,
DEC_4707,skipped,0,
DEC_4625,skipped,0,
DEC_1129,skipped,0,
DEC_1090,skipped,0,
DEC_2121,skipped,0,
DEC_2153,filtered,0,thiol_2
DEC_0166,skipped,0,
DEC_4035,skipped,0,
DEC_1210,skipped,0,
DEC_0260,skipped,0,
DEC_1724,skipped,0,
DEC_0608,skipped,0,
DEC_3058,skipped,0,
DEC_3061,filtered,0,Michael_acceptor_1
DEC_3506,skipped,0,
DEC_0403,skipped,0,
DEC_4481,skipped,0,
DEC_4146,skipped,0,
DEC_1070,skipped,0,
DEC_2407,skipped,0,
DEC_0779,skipped,0,
DEC_1728,skipped,0,
DEC_0967,skipped,0,
DEC_4488,skipped,0,
DEC_4592,skipped,0,
DEC_3304,skipped,0,
DEC_1486,skipped,0,
DEC_2021,skipped,0,
DEC_4416,skipped,0,
DEC_4116,skipped,0,
DEC_0007,skipped,0,
DEC_4233,skipped,0,
DEC_4736,skipped,0,
DEC_3530,skipped,0,
DEC_2561,skipped,0,
DEC_1188,skipped,0,
DEC_4149,skipped,0,
DEC_4553,skipped,0,
DEC_2069,skipped,0,
DEC_2855,skipped,0,
DEC_4333,skipped,0,
DEC_4666,skipped,0,
DEC_2768,skipped,0,
DEC_1424,skipped,0,
DEC_3503,skipped,0,
DEC_3041,skipped,0,
DEC_0529,skipped,0,
DEC_3036,filtered,0,Aliphatic_long_chain
DEC_0033,skipped,0,
DEC_2224,filtered,0,phthalimide
DEC_4244,skipped,0,
DEC_1384,skipped,0,
DEC_1401,skipped,0,
DEC_2543,skipped,0,
DEC_0867,skipped,0,
DEC_0176,skipped,0,
DEC_3787,skipped,0,
DEC_0043,skipped,0,
DEC_3901,skipped,0,
DEC_3557,skipped,0,
DEC_2389,skipped,0,
DEC_4012,skipped,0,
DEC_4018,skipped,0,
DEC_0556,skipped,0,
DEC_2683,skipped,0,
DEC_2002,skipped,0,
DEC_4218,skipped,0,
DEC_1564,skipped,0,
DEC_2512,skipped,0,
DEC_2650,filtered,0,aldehyde
DEC_0208,skipped,0,
DEC_0135,skipped,0,
DEC_3458,skipped,0,
DEC_3644,skipped,0,
DEC_1682,skipped,0,
DEC_2810,skipped,0,
DEC_1345,skipped,0,
DEC_3156,skipped,0,
DEC_1732,filtered,0,phthalimide
DEC_1340,skipped,0,
DEC_1719,skipped,0,
DEC_0583,skipped,0,
DEC_1646,skipped,0,
DEC_2992,skipped,0,
DEC_4390,skipped,0,
DEC_1156,skipped,0,
DEC_1111,skipped,0,
DEC_3423,filtered,0,2-halo_pyridine
DEC_4380,skipped,0,
DEC_0228,skipped,0,
DEC_3832,skipped,0,
DEC_3953,skipped,0,
DEC_1104,skipped,0,
DEC_2135,skipped,0,
DEC_0640,skipped,0,
DEC_3097,filtered,0,thiol_2
DEC_3170,filtered,0,Aliphatic_long_chain
DEC_4122,skipped,0,
DEC_1639,skipped,0,
DEC_0239,skipped,0,
DEC_4288,skipped,0,
DEC_2027,filtered,0,Aliphatic_long_chain
DEC_3744,skipped,0,
DEC_4679,skipped,0,
DEC_4403,skipped,0,
DEC_4581,skipped,0,
DEC_3336,skipped,0,
DEC_2997,skipped,0,
DEC_3437,filtered,0,amino_acridine_A(46)
DEC_1539,skipped,0,
DEC_1690,filtered,0,alkyl_halide
DEC_1408,skipped,0,
DEC_0410,skipped,0,
DEC_3255,skipped,0,
DEC_3784,skipped,0,
DEC_2586,skipped,0,
DEC_2830,skipped,0,
DEC_3841,skipped,0,
DEC_1072,skipped,0,
DEC_0683,skipped,0,
DEC_2550,skipped,0,
DEC_0050,skipped,0,
DEC_0938,skipped,0,
DEC_4411,skipped,0,
DEC_2125,skipped,0,
DEC_4314,skipped,0,
DEC_2012,filtered,0,N_oxide
DEC_2984,filtered,0,hydantoin
DEC_4469,skipped,0,
DEC_0072,skipped,0,
DEC_2898,skipped,0,
DEC_0080,skipped,0,
DEC_0726,skipped,0,
DEC_3714,skipped,0,
DEC_3788,skipped,0,
DEC_1775,skipped,0,
DEC_3524,skipped,0,
DEC_4590,skipped,0,
DEC_0647,skipped,0,
DEC_2488,skipped,0,
DEC_1861,filtered,0,isolated_alkene
DEC_2749,skipped,0,
DEC_1804,filtered,0,Aliphatic_long_chain
DEC_2705,skipped,0,
DEC_3701,skipped,0,
DEC_3264,filtered,0,Aliphatic_long_chain
DEC_3763,skipped,0,
DEC_2137,skipped,0,
DEC_3623,skipped,0,
DEC_0082,skipped,0,
DEC_0447,skipped,0,
DEC_3821,skipped,0,
DEC_2284,skipped,0,
DEC_3289,skipped,0,
DEC_3609,skipped,0,
DEC_2592,skipped,0,
DEC_0888,skipped,0,
DEC_1313,skipped,0,
DEC_0177,skipped,0,
DEC_4374,skipped,0,
ACT_067,skipped,0,
DEC_0939,skipped,0,
DEC_1430,skipped,0,
DEC_1485,skipped,0,
DEC_2504,skipped,0,
DEC_4426,skipped,0,
DEC_3957,skipped,0,
DEC_1500,skipped,0,
DEC_4127,skipped,0,
DEC_2170,filtered,0,nitro_group
DEC_3501,skipped,0,
DEC_3062,skipped,0,
DEC_2129,skipped,0,
DEC_3406,skipped,0,
DEC_0178,skipped,0,
DEC_1378,skipped,0,
DEC_2045,filtered,0,amino_acridine_A(46)
DEC_0251,skipped,0,
DEC_2638,skipped,0,
DEC_4405,skipped,0,
DEC_4767,skipped,0,
DEC_1607,skipped,0,
DEC_2238,skipped,0,
DEC_0886,skipped,0,
DEC_1346,skipped,0,
DEC_2419,filtered,0,heavy_metal
ACT_007,skipped,0,
DEC_3349,skipped,0,
DEC_1094,skipped,0,
DEC_0489,skipped,0,
DEC_0891,skipped,0,
DEC_2256,skipped,0,
DEC_2011,filtered,0,N_oxide
DEC_2489,skipped,0,
ACT_068,skipped,0,
DEC_2096,skipped,0,
DEC_4644,skipped,0,
DEC_1948,filtered,0,indol_3yl_alk(461)
DEC_4003,skipped,0,
DEC_4589,skipped,0,
DEC_1773,skipped,0,
DEC_2452,skipped,0,
DEC_3668,skipped,0,
DEC_3940,skipped,0,
DEC_0877,skipped,0,
DEC_0096,skipped,0,
DEC_4517,skipped,0,
DEC_1134,skipped,0,
DEC_0874,skipped,0,
DEC_3944,skipped,0,
DEC_0356,skipped,0,
DEC_4213,skipped,0,
DEC_2062,filtered,0,Aliphatic_long_chain
DEC_3893,skipped,0,
DEC_4080,skipped,0,
DEC_0513,skipped,0,
DEC_0784,skipped,0,
DEC_3100,filtered,0,Michael_acceptor_1
ACT_078,skipped,0,
DEC_0225,skipped,0,
DEC_4032,skipped,0,
DEC_2421,skipped,0,
DEC_1738,filtered,0,aniline
DEC_2911,skipped,0,
DEC_4092,skipped,0,
DEC_4384,skipped,0,
DEC_2752,skipped,0,
DEC_1836,skipped,0,
DEC_3054,filtered,0,Michael_acceptor_1
DEC_0057,skipped,0,
DEC_2949,skipped,0,
DEC_0499,skipped,0,
DEC_1274,skipped,0,
DEC_4136,skipped,0,
DEC_2828,skipped,0,
DEC_3491,skipped,0,
DEC_1206,skipped,0,
DEC_4082,skipped,0,
DEC_0820,skipped,0,
DEC_3712,skipped,0,
DEC_3214,filtered,0,cumarine
DEC_3982,skipped,0,
DEC_0866,skipped,0,
DEC_1432,skipped,0,
DEC_1957,filtered,0,Sulfonic_acid_2
DEC_1524,skipped,0,
DEC_0119,skipped,0,
DEC_3493,skipped,0,
DEC_0010,skipped,0,
DEC_3108,filtered,0,azo_A(324)
DEC_1748,filtered,0,aniline
DEC_0810,skipped,0,
DEC_3238,filtered,0,iodine
DEC_4766,skipped,0,
DEC_0504,skipped,0,
DEC_3398,skipped,0,
DEC_4315,skipped,0,
DEC_1018,skipped,0,
DEC_4507,skipped,0,
DEC_0244,skipped,0,
DEC_2917,skipped,0,
DEC_4250,skipped,0,
DEC_2014,filtered,0,Aliphatic_long_chain
DEC_2814,skipped,0,
DEC_4066,skipped,0,
DEC_4275,skipped,0,
DEC_1421,skipped,0,
DEC_4121,skipped,0,
DEC_2527,skipped,0,
DEC_0114,skipped,0,
DEC_3665,skipped,0,
DEC_4622,skipped,0,
DEC_4083,skipped,0,
DEC_0718,skipped,0,
DEC_0564,skipped,0,
DEC_1615,filtered,0,catechol_A(92)
DEC_2061,skipped,0,
DEC_4101,skipped,0,
DEC_1465,skipped,0,
DEC_1055,skipped,0,
DEC_3059,skipped,0,
DEC_4595,skipped,0,
DEC_4527,skipped,0,
DEC_3973,skipped,0,
DEC_1407,skipped,0,
DEC_3110,filtered,0,alkyl_halide
DEC_1822,skipped,0,
DEC_1168,skipped,0,
DEC_4096,skipped,0,
DEC_4713,skipped,0,
DEC_0859,skipped,0,
DEC_3225,skipped,0,
DEC_1068,skipped,0,
DEC_4392,skipped,0,
DEC_1720,filtered,0,phthalimide
DEC_0873,skipped,0,
DEC_2848,skipped,0,
DEC_3562,skipped,0,
DEC_1393,skipped,0,
DEC_3647,skipped,0,
DEC_3803,skipped,0,
DEC_4296,skipped,0,
DEC_3295,filtered,0,Aliphatic_long_chain
DEC_0579,skipped,0,
DEC_3805,skipped,0,
DEC_3761,skipped,0,
DEC_0641,skipped,0,
DEC_0565,skipped,0,
DEC_0532,skipped,0,
DEC_1444,skipped,0,
DEC_4554,skipped,0,
DEC_3904,skipped,0,
DEC_3137,skipped,0,
DEC_1280,skipped,0,
DEC_3211,filtered,0,cumarine
DEC_3057,skipped,0,
DEC_2965,filtered,0,Aliphatic_long_chain
DEC_2926,skipped,0,
DEC_2111,skipped,0,
DEC_3839,skipped,0,
DEC_4545,skipped,0,
DEC_3651,skipped,0,
DEC_0217,skipped,0,
DEC_4269,skipped,0,
DEC_4473,skipped,0,
DEC_0828,skipped,0,
DEC_0687,skipped,0,
DEC_1892,filtered,0,2-halo_pyridine
DEC_1300,skipped,0,
DEC_0778,skipped,0,
DEC_3256,skipped,0,
DEC_3252,skipped,0,
DEC_3477,skipped,0,
ACT_075,skipped,0,
DEC_3134,skipped,0,
DEC_1983,filtered,0,Aliphatic_long_chain
DEC_1635,skipped,0,
DEC_3851,skipped,0,
DEC_3819,skipped,0,
DEC_0283,skipped,0,
DEC_2057,filtered,0,nitro_group
DEC_2708,skipped,0,
DEC_3043,skipped,0,
DEC_3254,filtered,0,triple_bond
DEC_4757,skipped,0,
DEC_0424,skipped,0,
DEC_3438,filtered,0,triple_bond
DEC_3384,filtered,0,Aliphatic_long_chain
DEC_1443,skipped,0,
DEC_2190,skipped,0,
DEC_4523,skipped,0,
DEC_3222,skipped,0,
DEC_2804,skipped,0,
DEC_2338,filtered,0,imine_1
DEC_0429,skipped,0,
DEC_1506,skipped,0,
DEC_4378,skipped,0,
DEC_3899,skipped,0,
DEC_2588,skipped,0,
DEC_3454,skipped,0,
DEC_1333,skipped,0,
DEC_0480,skipped,0,
DEC_4618,skipped,0,
DEC_2287,filtered,0,thioester
DEC_0234,skipped,0,
DEC_3954,skipped,0,
DEC_0516,skipped,0,
DEC_2369,filtered,0,hydroxamic_acid
DEC_3284,filtered,0,Aliphatic_long_chain
DEC_2865,skipped,0,
DEC_0933,skipped,0,
DEC_1064,skipped,0,
DEC_1484,skipped,0,
DEC_2679,skipped,0,
DEC_2186,filtered,0,Aliphatic_long_chain
DEC_0288,skipped,0,
DEC_3303,skipped,0,
DEC_4613,skipped,0,
DEC_1271,skipped,0,
DEC_2552,skipped,0,
DEC_4097,skipped,0,
DEC_4167,skipped,0,
DEC_2349,skipped,0,
DEC_2681,skipped,0,
DEC_1286,skipped,0,
DEC_1575,skipped,0,
DEC_1487,skipped,0,
DEC_3835,skipped,0,
DEC_1428,skipped,0,
DEC_1391,failed,0,"meeko: RDKit molecule has 2 fragments. Must have 1.
"
DEC_0551,skipped,0,
DEC_2398,skipped,0,
DEC_2042,filtered,0,azo_A(324)
DEC_3126,skipped,0,
DEC_4703,skipped,0,
DEC_1694,skipped,0,
DEC_2799,skipped,0,
DEC_0915,skipped,0,
DEC_4246,skipped,0,
DEC_0607,skipped,0,
DEC_2547,skipped,0,
DEC_4206,skipped,0,
DEC_0246,skipped,0,
DEC_2826,skipped,0,
DEC_1307,skipped,0,
DEC_0324,skipped,0,
DEC_1746,filtered,0,aniline
DEC_0154,skipped,0,
DEC_4549,skipped,0,
DEC_1954,filtered,0,beta-keto/anhydride
DEC_1849,skipped,0,
DEC_4466,skipped,0,
DEC_1217,skipped,0,
DEC_0672,skipped,0,
DEC_2570,skipped,0,
DEC_2242,skipped,0,
DEC_1743,skipped,0,
DEC_0069,skipped,0,
DEC_3632,skipped,0,
DEC_3641,skipped,0,
DEC_2278,filtered,0,iodine
DEC_1796,skipped,0,
DEC_1475,skipped,0,
DEC_1977,skipped,0,
DEC_2334,skipped,0,
DEC_3755,skipped,0,
DEC_3554,skipped,0,
DEC_4147,skipped,0,
DEC_0215,skipped,0,
DEC_1076,skipped,0,
DEC_4067,skipped,0,
DEC_0134,skipped,0,
DEC_0055,skipped,0,
DEC_3395,skipped,0,
DEC_1792,filtered,0,nitro_group
DEC_1172,skipped,0,
DEC_0204,skipped,0,
DEC_3287,skipped,0,
DEC_1342,skipped,0,
DEC_0131,skipped,0,
DEC_4343,skipped,0,
DEC_1026,skipped,0,
DEC_1141,skipped,0,
DEC_2487,skipped,0,
DEC_3968,skipped,0,
DEC_4267,skipped,0,
DEC_0180,skipped,0,
DEC_1702,filtered,0,Aliphatic_long_chain
DEC_0519,skipped,0,
DEC_1195,skipped,0,
DEC_4773,skipped,0,
DEC_4436,skipped,0,
DEC_2459,skipped,0,
DEC_4327,skipped,0,
DEC_2534,skipped,0,
DEC_3449,skipped,0,
DEC_2690,skipped,0,
DEC_1739,filtered,0,aniline
DEC_3636,skipped,0,
DEC_3909,skipped,0,
DEC_2210,filtered,0,imine_1
DEC_3218,filtered,0,cumarine
DEC_1801,filtered,0,Sulfonic_acid_2
DEC_1924,skipped,0,
DEC_2473,skipped,0,
DEC_3066,skipped,0,
DEC_0626,skipped,0,
DEC_3567,skipped,0,
DEC_2585,skipped,0,
DEC_3010,filtered,0,beta-keto/anhydride
DEC_4721,skipped,0,
DEC_0527,filtered,0,beta-keto/anhydride
DEC_2368,filtered,0,Aliphatic_long_chain
DEC_0611,skipped,0,
DEC_0709,skipped,0,
DEC_0949,skipped,0,
DEC_0500,skipped,0,
DEC_0322,skipped,0,
DEC_3479,skipped,0,
DEC_3436,filtered,0,Michael_acceptor_1
DEC_2544,skipped,0,
DEC_2880,skipped,0,
DEC_1339,skipped,0,
DEC_1332,skipped,0,
DEC_3080,filtered,0,alkyl_halide
DEC_4572,skipped,0,
DEC_1989,filtered,0,phthalimide
DEC_3356,skipped,0,
DEC_0368,skipped,0,
DEC_4254,skipped,0,
DEC_1991,filtered,0,phosphor
DEC_0213,skipped,0,
DEC_0589,skipped,0,
DEC_3092,filtered,0,nitro_group
DEC_1265,skipped,0,
DEC_3393,skipped,0,
DEC_4323,skipped,0,
DEC_3478,skipped,0,
DEC_1171,skipped,0,
DEC_3645,skipped,0,
DEC_0223,skipped,0,
DEC_2047,skipped,0,
DEC_3941,skipped,0,
DEC_2313,filtered,0,Aliphatic_long_chain
DEC_1685,failed,0,"meeko: RDKit molecule has 2 fragments. Must have 1.
"
DEC_0897,skipped,0,
DEC_0334,skipped,0,
DEC_1689,filtered,0,amino_acridine_A(46)
DEC_3935,skipped,0,
DEC_3399,skipped,0,
DEC_2725,skipped,0,
DEC_1785,filtered,0,phthalimide
DEC_2432,skipped,0,
DEC_0604,skipped,0,
DEC_1231,skipped,0,
ACT_086,skipped,0,
DEC_1560,skipped,0,
DEC_3569,skipped,0,
DEC_3176,skipped,0,
DEC_1611,skipped,0,
DEC_2523,skipped,0,
DEC_4132,skipped,0,
DEC_1557,skipped,0,
DEC_2249,filtered,0,nitro_group
DEC_1659,filtered,0,mannich_A(296)
DEC_2259,filtered,0,anil_no_alk(40)
DEC_4033,skipped,0,
DEC_0219,skipped,0,
DEC_1784,skipped,0,
DEC_4483,skipped,0,
DEC_1687,filtered,0,hydantoin
DEC_0074,skipped,0,
DEC_2940,filtered,0,diketo_group
DEC_1527,skipped,0,
DEC_4427,skipped,0,
DEC_4693,skipped,0,
DEC_2637,skipped,0,
DEC_2189,filtered,0,isolated_alkene
DEC_1950,filtered,0,isolated_alkene
DEC_3626,skipped,0,
DEC_4105,skipped,0,
DEC_2082,skipped,0,
DEC_4363,skipped,0,
DEC_0430,skipped,0,
DEC_3590,skipped,0,
DEC_4748,skipped,0,
DEC_4607,skipped,0,
DEC_1938,skipped,0,
DEC_3184,skipped,0,
DEC_0392,skipped,0,
DEC_3528,skipped,0,
DEC_1086,skipped,0,
DEC_0947,skipped,0,
DEC_3031,skipped,0,
DEC_4199,skipped,0,
DEC_3539,skipped,0,
DEC_0766,skipped,0,
DEC_1135,skipped,0,
DEC_4746,skipped,0,
ACT_032,skipped,0,
DEC_0125,skipped,0,
DEC_2355,filtered,0,Michael_acceptor_1
DEC_1519,skipped,0,
DEC_0804,skipped,0,
DEC_0087,skipped,0,
DEC_1164,skipped,0,
DEC_4439,skipped,0,
DEC_2059,filtered,0,iodine
DEC_4586,skipped,0,
DEC_2330,filtered,0,Aliphatic_long_chain
DEC_4562,skipped,0,
DEC_2678,skipped,0,
DEC_1061,skipped,0,
DEC_0355,skipped,0,
DEC_1661,filtered,0,thiaz_ene_A(128)
DEC_4070,skipped,0,
DEC_0367,skipped,0,
DEC_1999,filtered,0,charged_oxygen_or_sulfur_atoms
DEC_2993,skipped,0,
DEC_0783,skipped,0,
DEC_1019,skipped,0,
DEC_1597,skipped,0,
DEC_3910,skipped,0,
DEC_4212,skipped,0,
DEC_4173,skipped,0,
DEC_1637,skipped,0,
DEC_2612,skipped,0,
DEC_1715,skipped,0,
DEC_1015,skipped,0,
DEC_0235,skipped,0,
DEC_2661,skipped,0,
DEC_4407,skipped,0,
DEC_2431,filtered,0,imine_1
DEC_2991,filtered,0,imine_1
DEC_4320,skipped,0,
DEC_0538,skipped,0,
DEC_0116,skipped,0,
DEC_0248,skipped,0,
DEC_2343,skipped,0,
DEC_4321,skipped,0,
DEC_3082,filtered,0,alkyl_halide
DEC_4286,skipped,0,
DEC_2856,skipped,0,
DEC_1177,skipped,0,
DEC_1416,skipped,0,
DEC_0545,skipped,0,
DEC_1297,skipped,0,
DEC_4207,skipped,0,
DEC_1620,skipped,0,
DEC_1441,skipped,0,
DEC_0782,skipped,0,
DEC_4476,skipped,0,
DEC_3852,skipped,0,
DEC_3813,skipped,0,
DEC_0026,skipped,0,
DEC_3663,skipped,0,
DEC_4166,skipped,0,
DEC_4593,skipped,0,
DEC_3848,skipped,0,
DEC_1542,skipped,0,
DEC_2593,skipped,0,
DEC_2220,skipped,0,
DEC_4551,skipped,0,
DEC_3965,skipped,0,
ACT_026,skipped,0,
DEC_1338,skipped,0,
DEC_1292,skipped,0,
DEC_3603,skipped,0,
DEC_3023,filtered,0,triple_bond
DEC_2779,skipped,0,
DEC_3866,skipped,0,
DEC_0639,skipped,0,
DEC_3719,skipped,0,
DEC_0996,skipped,0,
DEC_2741,skipped,0,
DEC_2595,skipped,0,
DEC_2395,filtered,0,diketo_group
DEC_0008,skipped,0,
DEC_2181,filtered,0,Aliphatic_long_chain
DEC_2533,skipped,0,
DEC_3747,skipped,0,
DEC_2414,filtered,0,diketo_group
DEC_2447,skipped,0,
DEC_3253,skipped,0,
DEC_3614,skipped,0,
DEC_2198,skipped,0,
DEC_1658,filtered,0,alkyl_halide
DEC_3207,filtered,0,Aliphatic_long_chain
DEC_0827,skipped,0,
DEC_2252,filtered,0,triple_bond
DEC_1042,skipped,0,
DEC_3024,skipped,0,
DEC_0371,skipped,0,
DEC_1406,filtered,0,imine_1
DEC_3308,filtered,0,Sulfonic_acid_2
DEC_1335,skipped,0,
DEC_3536,skipped,0,
DEC_0819,skipped,0,
DEC_1876,filtered,0,indol_3yl_alk(461)
DEC_4386,skipped,0,
DEC_0534,skipped,0,
DEC_4645,skipped,0,
DEC_1979,skipped,0,
DEC_2268,filtered,0,acyclic_C=C-O
DEC_0325,skipped,0,
DEC_4295,skipped,0,
DEC_1180,skipped,0,
DEC_2360,skipped,0,
DEC_3677,skipped,0,
DEC_4179,skipped,0,
DEC_2854,skipped,0,
DEC_1633,skipped,0,
DEC_2974,skipped,0,
DEC_2626,skipped,0,
DEC_1349,skipped,0,
DEC_3804,skipped,0,
DEC_4118,skipped,0,
DEC_3952,skipped,0,
DEC_3948,skipped,0,
DEC_3305,filtered,0,imine_1
DEC_2201,filtered,0,nitro_group
DEC_2303,filtered,0,Aliphatic_long_chain
DEC_0146,skipped,0,
DEC_4755,skipped,0,
DEC_3429,filtered,0,2-halo_pyridine
DEC_3226,filtered,0,ene_five_het_B(90)
DEC_1427,skipped,0,
DEC_2927,filtered,0,catechol
DEC_2950,skipped,0,
DEC_0296,skipped,0,
DEC_1669,filtered,0,imine_1
DEC_3883,skipped,0,
DEC_0250,skipped,0,
DEC_4511,skipped,0,
DEC_3958,skipped,0,
DEC_0175,skipped,0,
DEC_1843,skipped,0,
DEC_2714,skipped,0,
DEC_0526,filtered,0,beta-keto/anhydride
DEC_1434,skipped,0,
DEC_4733,skipped,0,
DEC_2625,skipped,0,
DEC_3329,skipped,0,
DEC_1649,filtered,0,imine_1
DEC_1181,skipped,0,
DEC_0290,skipped,0,
DEC_4718,skipped,0,
DEC_1604,skipped,0,
DEC_4195,skipped,0,
DEC_1758,filtered,0,aldehyde
DEC_3290,skipped,0,
DEC_1289,skipped,0,
DEC_4249,skipped,0,
DEC_0836,skipped,0,
DEC_1750,filtered,0,aldehyde
DEC_1662,filtered,0,Michael_acceptor_1
DEC_0781,skipped,0,
DEC_4719,skipped,0,
DEC_2159,skipped,0,
DEC_3050,skipped,0,
DEC_2567,skipped,0,
DEC_3769,skipped,0,
DEC_4515,skipped,0,
DEC_2775,skipped,0,
DEC_3149,filtered,0,isolated_alkene
DEC_3476,skipped,0,
DEC_1663,filtered,0,heavy_metal
DEC_2380,filtered,0,phthalimide
DEC_1971,skipped,0,
DEC_4270,skipped,0,
DEC_4313,skipped,0,
DEC_2074,skipped,0,
DEC_4241,skipped,0,
DEC_3540,skipped,0,
DEC_4410,skipped,0,
DEC_2817,skipped,0,
DEC_2147,skipped,0,
DEC_3964,skipped,0,
DEC_2494,skipped,0,
DEC_2458,skipped,0,
DEC_1027,skipped,0,
DEC_0417,skipped,0,
DEC_0170,skipped,0,
DEC_0508,skipped,0,
DEC_4004,skipped,0,
DEC_1220,skipped,0,
DEC_0231,skipped,0,
DEC_0202,skipped,0,
DEC_3781,skipped,0,
DEC_2818,skipped,0,
DEC_1909,filtered,0,Three-membered_heterocycle
DEC_0343,skipped,0,
DEC_2711,skipped,0,
DEC_4478,skipped,0,
DEC_1546,skipped,0,
DEC_3371,skipped,0,
DEC_4629,skipped,0,
DEC_0150,skipped,0,
DEC_0028,skipped,0,
DEC_2536,skipped,0,
DEC_4700,skipped,0,
DEC_4261,skipped,0,
DEC_2036,skipped,0,
DEC_2599,skipped,0,
DEC_3109,filtered,0,anil_di_alk_D(198)
DEC_2879,skipped,0,
DEC_0078,skipped,0,
DEC_4009,skipped,0,
DEC_0808,skipped,0,
DEC_1964,filtered,0,Aliphatic_long_chain
DEC_1752,filtered,0,aldehyde
DEC_4078,skipped,0,
DEC_2332,skipped,0,
DEC_2003,filtered,0,het-C-het_not_in_ring
DEC_1383,skipped,0,
DEC_3087,filtered,0,Aliphatic_long_chain
DEC_4200,skipped,0,
DEC_1851,filtered,0,alkyl_halide
DEC_4769,skipped,0,
DEC_2955,filtered,0,Aliphatic_long_chain
DEC_4509,skipped,0,
DEC_4109,skipped,0,
DEC_1625,skipped,0,
DEC_2939,filtered,0,diketo_group
DEC_0420,skipped,0,
DEC_0115,skipped,0,
DEC_0987,skipped,0,
DEC_0614,skipped,0,
DEC_4464,skipped,0,
DEC_1227,skipped,0,
DEC_2312,filtered,0,Aliphatic_long_chain
DEC_0875,skipped,0,
DEC_3130,filtered,0,Aliphatic_long_chain
DEC_3845,skipped,0,
DEC_1368,skipped,0,
ACT_061,skipped,0,
DEC_0440,skipped,0,
DEC_3991,skipped,0,
DEC_2608,skipped,0,
DEC_0351,skipped,0,
DEC_0615,skipped,0,
DEC_3171,filtered,0,phosphor
DEC_4104,skipped,0,
DEC_3499,skipped,0,
DEC_0433,skipped,0,
DEC_3858,skipped,0,
DEC_3417,filtered,0,N_oxide
DEC_1036,skipped,0,
ACT_012,skipped,0,
DEC_2342,skipped,0,
DEC_3602,skipped,0,
DEC_0505,skipped,0,
DEC_3072,filtered,0,Aliphatic_long_chain
DEC_4397,skipped,0,
DEC_0855,skipped,0,
DEC_3231,skipped,0,
DEC_0785,skipped,0,
DEC_4732,skipped,0,
DEC_4461,skipped,0,
DEC_2171,filtered,0,thiaz_ene_A(128)
DEC_3035,filtered,0,mannich_A(296)
DEC_4255,skipped,0,
DEC_0182,skipped,0,
DEC_4381,skipped,0,
DEC_2213,filtered,0,beta-keto/anhydride
DEC_3124,filtered,0,nitro_group
DEC_0416,skipped,0,
DEC_0898,skipped,0,
DEC_1267,skipped,0,
DEC_3123,skipped,0,
DEC_0108,skipped,0,
ACT_088,skipped,0,
DEC_2346,skipped,0,
DEC_4621,skipped,0,
DEC_2529,skipped,0,
DEC_0769,skipped,0,
DEC_2615,skipped,0,
DEC_4727,skipped,0,
DEC_3547,skipped,0,
DEC_3276,skipped,0,
DEC_3374,filtered,0,Aliphatic_long_chain
DEC_0401,skipped,0,
DEC_0678,skipped,0,
DEC_1031,skipped,0,
DEC_1531,skipped,0,
DEC_0149,skipped,0,
DEC_4084,skipped,0,
DEC_2542,skipped,0,
DEC_4002,skipped,0,
DEC_1405,skipped,0,
DEC_4451,skipped,0,
DEC_0307,skipped,0,
DEC_1386,skipped,0,
DEC_4456,skipped,0,
DEC_0868,skipped,0,
DEC_1722,skipped,0,
DEC_1717,skipped,0,
DEC_0790,skipped,0,
DEC_1418,skipped,0,
DEC_3666,skipped,0,
DEC_0035,skipped,0,
DEC_1046,skipped,0,
DEC_3884,skipped,0,
DEC_2422,skipped,0,
DEC_1905,filtered,0,Aliphatic_long_chain
DEC_3315,filtered,0,stilbene
DEC_0306,skipped,0,
DEC_2583,skipped,0,
DEC_3843,skipped,0,
DEC_3768,skipped,0,
DEC_2877,skipped,0,
DEC_2941,filtered,0,acyl_hydrazine
DEC_2306,skipped,0,
DEC_4714,skipped,0,
DEC_4152,skipped,0,
DEC_2753,skipped,0,
DEC_2944,filtered,0,Sulfonic_acid_2
DEC_2647,skipped,0,
DEC_1420,skipped,0,
DEC_1759,filtered,0,aldehyde
DEC_1492,skipped,0,
DEC_0456,skipped,0,
DEC_2102,filtered,0,isolated_alkene
DEC_3739,skipped,0,
DEC_0299,skipped,0,
DEC_0376,skipped,0,
DEC_1918,skipped,0,
DEC_1147,skipped,0,
DEC_0053,skipped,0,
DEC_0086,skipped,0,
DEC_0473,skipped,0,
DEC_0378,skipped,0,
DEC_3955,skipped,0,
DEC_2560,skipped,0,
DEC_3662,skipped,0,
DEC_2772,skipped,0,
DEC_1802,skipped,0,
DEC_3275,skipped,0,
DEC_2503,skipped,0,
DEC_0159,skipped,0,
DEC_2553,skipped,0,
DEC_0807,skipped,0,
DEC_2399,skipped,0,
DEC_1244,skipped,0,
DEC_2200,filtered,0,nitro_group
DEC_3522,skipped,0,
DEC_2438,filtered,0,Thiocarbonyl_group
DEC_0003,filtered,0,beta-keto/anhydride
DEC_1832,skipped,0,
DEC_0858,skipped,0,
DEC_4210,skipped,0,
DEC_4566,skipped,0,
DEC_1422,skipped,0,
DEC_2516,skipped,0,
DEC_3269,skipped,0,
DEC_1461,skipped,0,
DEC_2295,filtered,0,amino_acridine_A(46)
DEC_0974,skipped,0,
DEC_3979,skipped,0,
DEC_2968,skipped,0,
DEC_4139,skipped,0,
DEC_1410,skipped,0,
DEC_3936,skipped,0,
DEC_0407,skipped,0,
DEC_2098,filtered,0,Aliphatic_long_chain
DEC_4580,skipped,0,
ACT_058,skipped,0,
DEC_1517,skipped,0,
DEC_3139,skipped,0,
DEC_3595,skipped,0,
DEC_3584,skipped,0,
DEC_4385,skipped,0,
DEC_3680,skipped,0,
DEC_3365,skipped,0,
DEC_1528,skipped,0,
DEC_3754,skipped,0,
DEC_2867,skipped,0,
DEC_2671,skipped,0,
DEC_3424,filtered,0,2-halo_pyridine
DEC_0825,skipped,0,
DEC_2990,skipped,0,
DEC_0477,skipped,0,
DEC_0209,skipped,0,
DEC_1819,filtered,0,aniline
DEC_0372,skipped,0,
DEC_3195,skipped,0,
DEC_1288,skipped,0,
DEC_3466,skipped,0,
DEC_2958,skipped,0,
DEC_3594,skipped,0,
DEC_3204,skipped,0,
DEC_4627,skipped,0,
DEC_4408,skipped,0,
DEC_0953,skipped,0,
DEC_0574,skipped,0,
DEC_3302,filtered,0,Aliphatic_long_chain
DEC_1017,skipped,0,
DEC_1956,filtered,0,nitro_group
DEC_4373,skipped,0,
DEC_1399,skipped,0,
DEC_4468,skipped,0,
DEC_2110,filtered,0,Aliphatic_long_chain
DEC_3122,skipped,0,
DEC_0442,skipped,0,
DEC_0723,skipped,0,
DEC_0620,skipped,0,
DEC_3865,skipped,0,
DEC_2962,filtered,0,imine_1
DEC_4708,skipped,0,
DEC_4300,skipped,0,
DEC_0270,skipped,0,
DEC_0439,skipped,0,
DEC_2900,skipped,0,
DEC_1395,skipped,0,
DEC_2274,filtered,0,iodine
DEC_0037,skipped,0,
DEC_4758,skipped,0,
DEC_3131,skipped,0,
DEC_1166,skipped,0,
DEC_0062,skipped,0,
DEC_2548,skipped,0,
DEC_2471,skipped,0,
DEC_3720,skipped,0,
DEC_0298,skipped,0,
DEC_4492,skipped,0,
DEC_0461,skipped,0,
DEC_3334,skipped,0,
DEC_4130,skipped,0,
DEC_2601,skipped,0,
DEC_3044,skipped,0,
DEC_2853,skipped,0,
DEC_2995,filtered,0,Michael_acceptor_1
DEC_2677,skipped,0,
DEC_0927,skipped,0,
DEC_2444,skipped,0,
DEC_0679,skipped,0,
DEC_2508,skipped,0,
DEC_0798,skipped,0,
DEC_1344,skipped,0,
DEC_3185,filtered,0,Aliphatic_long_chain
DEC_2387,skipped,0,
DEC_0843,skipped,0,
DEC_3173,filtered,0,triple_bond
DEC_3078,skipped,0,
DEC_1073,skipped,0,
DEC_4604,skipped,0,
DEC_3604,skipped,0,
DEC_3312,skipped,0,
DEC_1935,skipped,0,
DEC_2953,skipped,0,
DEC_2384,filtered,0,nitro_group
DEC_3776,skipped,0,
DEC_4312,skipped,0,
DEC_4120,skipped,0,
DEC_3088,filtered,0,Aliphatic_long_chain
DEC_2710,skipped,0,
DEC_3444,skipped,0,
DEC_4379,skipped,0,
ACT_034,skipped,0,
DEC_1025,skipped,0,
DEC_1522,skipped,0,
DEC_2597,skipped,0,
DEC_3300,filtered,0,imine_1
ACT_090,skipped,0,
DEC_1110,skipped,0,
DEC_4393,skipped,0,
DEC_1112,skipped,0,
DEC_2255,filtered,0,anil_no_alk(40)
DEC_1371,skipped,0,
DEC_3809,skipped,0,
DEC_1463,skipped,0,
DEC_0872,skipped,0,
DEC_0337,skipped,0,
DEC_1880,skipped,0,
DEC_4282,skipped,0,
DEC_4729,skipped,0,
DEC_0716,skipped,0,
DEC_1138,skipped,0,
DEC_4752,skipped,0,
DEC_4576,skipped,0,
DEC_0925,skipped,0,
DEC_2728,skipped,0,
DEC_4133,skipped,0,
DEC_2518,skipped,0,
DEC_1126,skipped,0,
DEC_2307,filtered,0,isolated_alkene
DEC_1316,skipped,0,
DEC_1710,skipped,0,
DEC_0203,skipped,0,
DEC_0548,skipped,0,
DEC_2139,filtered,0,Aliphatic_long_chain
DEC_2676,skipped,0,
DEC_1079,skipped,0,
DEC_3592,skipped,0,
DEC_4765,skipped,0,
DEC_3196,skipped,0,
DEC_3582,skipped,0,
ACT_039,skipped,0,
DEC_2632,skipped,0,
DEC_4226,skipped,0,
DEC_1783,skipped,0,
DEC_0941,skipped,0,
DEC_2513,skipped,0,
DEC_4100,skipped,0,
DEC_0852,skipped,0,
DEC_0487,skipped,0,
DEC_2289,skipped,0,
DEC_3639,skipped,0,
DEC_1939,skipped,0,
DEC_0887,skipped,0,
DEC_2699,skipped,0,
DEC_2439,filtered,0,triple_bond
DEC_1467,skipped,0,
DEC_3467,skipped,0,
DEC_2397,skipped,0,
DEC_0224,skipped,0,
DEC_3972,skipped,0,
DEC_0597,skipped,0,
DEC_0638,skipped,0,
DEC_3147,filtered,0,charged_oxygen_or_sulfur_atoms
DEC_2693,skipped,0,
DEC_4366,skipped,0,
DEC_1588,skipped,0,
DEC_4490,skipped,0,
DEC_0901,skipped,0,
DEC_4308,skipped,0,
DEC_1665,filtered,0,imine_1
DEC_1436,skipped,0,
DEC_1369,skipped,0,
DEC_1102,skipped,0,
DEC_0130,skipped,0,
DEC_3162,skipped,0,
DEC_1229,skipped,0,
DEC_0089,skipped,0,
DEC_3896,skipped,0,
DEC_3601,skipped,0,
DEC_1127,skipped,0,
DEC_2743,skipped,0,
DEC_0582,skipped,0,
DEC_1718,skipped,0,
DEC_3782,skipped,0,
DEC_4367,skipped,0,
DEC_2784,skipped,0,
DEC_2496,skipped,0,
DEC_3015,filtered,0,triple_bond
DEC_0304,skipped,0,
DEC_1678,skipped,0,
DEC_0271,skipped,0,
DEC_2959,skipped,0,
DEC_0832,skipped,0,
DEC_1078,skipped,0,
DEC_3673,skipped,0,
DEC_2704,skipped,0,
DEC_2486,skipped,0,
DEC_0862,skipped,0,
DEC_0181,skipped,0,
DEC_2430,filtered,0,2-halo_pyridine
DEC_0048,skipped,0,
DEC_2117,filtered,0,Aliphatic_long_chain
DEC_3474,skipped,0,
DEC_4301,skipped,0,
DEC_3011,filtered,0,Aliphatic_long_chain
DEC_3535,skipped,0,
DEC_2844,skipped,0,
DEC_2468,skipped,0,
DEC_1198,skipped,0,
DEC_1457,skipped,0,
DEC_4402,skipped,0,
DEC_3420,skipped,0,
DEC_2663,skipped,0,
DEC_3392,skipped,0,
DEC_1246,skipped,0,
DEC_3389,filtered,0,imine_1
DEC_0229,skipped,0,
DEC_2562,skipped,0,
DEC_4761,skipped,0,
DEC_2738,skipped,0,
DEC_2453,skipped,0,
DEC_1287,skipped,0,
DEC_4475,skipped,0,
DEC_3102,filtered,0,hydroxamic_acid
DEC_1824,skipped,0,
DEC_0207,skipped,0,
DEC_0533,skipped,0,
DEC_4214,skipped,0,
DEC_4154,skipped,0,
DEC_1580,skipped,0,
DEC_0491,skipped,0,
DEC_2860,skipped,0,
ACT_063,skipped,0,
DEC_1772,filtered,0,alkyl_halide
DEC_3630,skipped,0,
DEC_2055,skipped,0,
DEC_0309,skipped,0,
DEC_1704,filtered,0,Aliphatic_long_chain
DEC_3362,filtered,0,Aliphatic_long_chain
DEC_3481,skipped,0,
DEC_4217,skipped,0,
DEC_3463,skipped,0,
DEC_4010,skipped,0,
DEC_2318,skipped,0,
DEC_4446,skipped,0,
DEC_0418,skipped,0,
DEC_0052,skipped,0,
DEC_1929,filtered,0,Michael_acceptor_1
DEC_0524,skipped,0,
DEC_2571,skipped,0,
DEC_3262,filtered,0,alkyl_halide
DEC_3146,skipped,0,
DEC_2619,skipped,0,
DEC_1482,skipped,0,
DEC_1462,skipped,0,
DEC_3224,filtered,0,triple_bond
DEC_3642,skipped,0,
DEC_2789,skipped,0,
DEC_1838,skipped,0,
DEC_2951,skipped,0,
DEC_4280,skipped,0,
DEC_0079,skipped,0,
DEC_1583,skipped,0,
DEC_3077,skipped,0,
DEC_3407,skipped,0,
DEC_0857,skipped,0,
DEC_1469,skipped,0,
DEC_2243,filtered,0,cumarine
DEC_0879,skipped,0,
DEC_2757,skipped,0,
DEC_4573,skipped,0,
DEC_4653,skipped,0,
DEC_1219,skipped,0,
DEC_3871,skipped,0,
DEC_1766,filtered,0,aldehyde
DEC_1446,skipped,0,
DEC_4266,skipped,0,
DEC_3025,skipped,0,
DEC_2161,skipped,0,
DEC_1262,skipped,0,
DEC_1314,skipped,0,
DEC_1884,skipped,0,
DEC_2107,filtered,0,Aliphatic_long_chain
DEC_1730,filtered,0,imine_1
DEC_0509,skipped,0,
DEC_3445,skipped,0,
DEC_4310,skipped,0,
DEC_2604,skipped,0,
DEC_2276,filtered,0,triple_bond
DEC_3983,skipped,0,
DEC_3331,filtered,0,nitro_group
DEC_4056,skipped,0,
DEC_4631,skipped,0,
DEC_1059,skipped,0,
ACT_011,skipped,0,
DEC_3261,filtered,0,Aliphatic_long_chain
DEC_0995,skipped,0,
DEC_1980,filtered,0,phthalimide
DEC_3127,skipped,0,
DEC_3727,skipped,0,
DEC_1293,skipped,0,
DEC_1600,skipped,0,
DEC_3400,filtered,0,heavy_metal
DEC_3136,skipped,0,
DEC_4060,skipped,0,
DEC_1032,skipped,0,
DEC_0186,skipped,0,
DEC_3996,skipped,0,
DEC_0460,skipped,0,
DEC_3502,skipped,0,
DEC_2957,filtered,0,Aliphatic_long_chain
DEC_1982,filtered,0,Aliphatic_long_chain
DEC_2356,filtered,0,diketo_group
DEC_3676,skipped,0,
DEC_0681,skipped,0,
DEC_4341,skipped,0,
DEC_0493,skipped,0,
DEC_2158,filtered,0,Michael_acceptor_1
DEC_1771,filtered,0,alkyl_halide
DEC_0899,skipped,0,
DEC_1835,filtered,0,Aliphatic_long_chain
DEC_1877,filtered,0,thioester
DEC_3320,skipped,0,
DEC_1602,skipped,0,
DEC_1020,skipped,0,
DEC_2790,skipped,0,
DEC_1985,filtered,0,Aliphatic_long_chain
DEC_1096,skipped,0,
DEC_2836,skipped,0,
DEC_3721,skipped,0,
DEC_3912,skipped,0,
DEC_0531,skipped,0,
DEC_3309,skipped,0,
DEC_2554,skipped,0,
DEC_0382,failed,0,"meeko: RDKit molecule has 2 fragments. Must have 1.
"
DEC_4190,skipped,0,
DEC_1791,skipped,0,
DEC_0365,skipped,0,
DEC_4289,skipped,0,
DEC_3347,filtered,0,thioester
DEC_0821,skipped,0,
DEC_0282,skipped,0,
DEC_1572,skipped,0,
DEC_2163,skipped,0,
ACT_057,skipped,0,
DEC_2157,filtered,0,thiol_2
DEC_1173,skipped,0,
DEC_0549,skipped,0,
DEC_2808,skipped,0,
DEC_0881,skipped,0,
DEC_4302,skipped,0,
DEC_2394,skipped,0,
DEC_2481,skipped,0,
DEC_4524,skipped,0,
DEC_0019,skipped,0,
DEC_0398,skipped,0,
DEC_1886,filtered,0,phthalimide
DEC_2761,skipped,0,
DEC_3508,skipped,0,
DEC_1695,filtered,0,phthalimide
DEC_1080,skipped,0,
DEC_3700,skipped,0,
DEC_0437,skipped,0,
DEC_4271,skipped,0,
DEC_0994,skipped,0,
DEC_0734,skipped,0,
DEC_0112,skipped,0,
DEC_4744,skipped,0,
DEC_1711,skipped,0,
DEC_2462,skipped,0,
DEC_4291,skipped,0,
DEC_2999,filtered,0,mannich_A(296)
DEC_2451,skipped,0,
DEC_1382,skipped,0,
DEC_4277,skipped,0,
DEC_0669,skipped,0,
DEC_4614,skipped,0,
DEC_1593,skipped,0,
DEC_1793,skipped,0,
DEC_2123,skipped,0,
DEC_3461,skipped,0,
DEC_2594,skipped,0,
DEC_4636,skipped,0,
DEC_3279,filtered,0,N_oxide
DEC_2008,filtered,0,Aliphatic_long_chain
DEC_3443,filtered,0,Michael_acceptor_1
DEC_1556,skipped,0,
DEC_3065,filtered,0,thiol_2
DEC_3874,skipped,0,
DEC_4628,skipped,0,
DEC_1225,skipped,0,
DEC_0934,skipped,0,
DEC_1189,skipped,0,
DEC_0261,skipped,0,
DEC_1763,filtered,0,aldehyde
DEC_0051,skipped,0,
DEC_4778,skipped,0,
DEC_3016,skipped,0,
DEC_3233,filtered,0,nitro_group
DEC_1541,skipped,0,
DEC_3772,skipped,0,
DEC_2614,skipped,0,
DEC_1081,skipped,0,
DEC_1930,skipped,0,
DEC_2742,skipped,0,
DEC_1587,skipped,0,
DEC_1251,skipped,0,
DEC_3998,skipped,0,
DEC_3414,skipped,0,
DEC_0329,skipped,0,
DEC_2645,skipped,0,
DEC_1216,skipped,0,
DEC_1266,skipped,0,
DEC_1573,skipped,0,
DEC_4338,skipped,0,
DEC_1826,skipped,0,
DEC_0274,skipped,0,
DEC_4273,skipped,0,
DEC_1915,filtered,0,diketo_group
DEC_3236,skipped,0,
DEC_2501,skipped,0,
DEC_4188,skipped,0,
DEC_2298,skipped,0,
DEC_0644,skipped,0,
DEC_1040,skipped,0,
DEC_3653,skipped,0,
DEC_1712,filtered,0,catechol_A(92)
DEC_2569,skipped,0,
DEC_2026,filtered,0,amino_acridine_A(46)
DEC_1828,skipped,0,
DEC_0618,skipped,0,
DEC_2998,skipped,0,
DEC_3026,skipped,0,
DEC_0065,skipped,0,
DEC_4025,skipped,0,
DEC_1004,skipped,0,
DEC_3265,filtered,0,Aliphatic_long_chain
DEC_4230,skipped,0,
DEC_3033,filtered,0,N_oxide
ACT_085,skipped,0,
DEC_3795,skipped,0,
DEC_4654,skipped,0,
DEC_2257,skipped,0,
DEC_3425,skipped,0,
DEC_3325,filtered,0,Aliphatic_long_chain
DEC_2662,skipped,0,
DEC_3840,skipped,0,
DEC_4189,skipped,0,
DEC_0275,skipped,0,
DEC_0006,skipped,0,
DEC_0926,skipped,0,
DEC_2373,skipped,0,
DEC_1221,skipped,0,
DEC_2909,skipped,0,
DEC_3440,filtered,0,thiaz_ene_A(128)
DEC_4419,skipped,0,
DEC_0559,skipped,0,
DEC_3487,skipped,0,
DEC_3946,skipped,0,
DEC_4000,skipped,0,
DEC_2131,filtered,0,quinone_A(370)
DEC_3198,skipped,0,
DEC_2392,filtered,0,diketo_group
DEC_3740,skipped,0,
DEC_0919,skipped,0,
DEC_3498,skipped,0,
DEC_2265,filtered,0,iodine
DEC_4730,skipped,0,
DEC_1260,skipped,0,
DEC_0389,skipped,0,
DEC_4712,skipped,0,
DEC_1066,skipped,0,
DEC_2077,skipped,0,
DEC_1121,skipped,0,
DEC_1742,skipped,0,
DEC_0841,skipped,0,
DEC_4297,skipped,0,
DEC_1521,skipped,0,
DEC_4039,skipped,0,
DEC_1813,filtered,0,Aliphatic_long_chain
DEC_0484,skipped,0,
DEC_3620,skipped,0,
DEC_2217,filtered,0,cumarine
DEC_2261,skipped,0,
DEC_1797,filtered,0,Three-membered_heterocycle
DEC_0168,skipped,0,
DEC_2286,skipped,0,
DEC_3750,skipped,0,
DEC_4048,skipped,0,
DEC_3247,skipped,0,
ACT_022,skipped,0,
DEC_1183,skipped,0,
DEC_0515,skipped,0,
DEC_1324,skipped,0,
DEC_1865,filtered,0,phthalimide
DEC_1187,skipped,0,
DEC_0566,skipped,0,
DEC_2068,skipped,0,
DEC_4694,skipped,0,
DEC_1603,skipped,0,
DEC_0713,skipped,0,
DEC_0394,failed,0,"meeko: RDKit molecule has 2 fragments. Must have 1.
"
DEC_2402,filtered,0,Aliphatic_long_chain
DEC_3413,filtered,0,N_oxide
DEC_2336,filtered,0,Aliphatic_long_chain
DEC_3527,skipped,0,
DEC_3591,skipped,0,
DEC_4637,skipped,0,
DEC_1749,filtered,0,catechol_A(92)
DEC_3310,skipped,0,
DEC_0871,skipped,0,
DEC_1934,filtered,0,indol_3yl_alk(461)
DEC_0598,skipped,0,
DEC_4334,skipped,0,
DEC_1123,skipped,0,
DEC_1143,skipped,0,
DEC_0340,skipped,0,
DEC_0507,skipped,0,
DEC_3929,skipped,0,
DEC_3183,skipped,0,
DEC_0436,skipped,0,
DEC_0835,skipped,0,
DEC_3814,skipped,0,
DEC_1969,skipped,0,
DEC_0321,skipped,0,
DEC_1411,skipped,0,
DEC_2692,skipped,0,
DEC_3509,skipped,0,
DEC_3822,skipped,0,
DEC_3746,skipped,0,
DEC_2230,skipped,0,
DEC_0001,skipped,0,
DEC_0741,skipped,0,
DEC_3922,skipped,0,
DEC_4191,skipped,0,
DEC_2294,filtered,0,amino_acridine_A(46)
DEC_0347,skipped,0,
DEC_0273,skipped,0,
DEC_2148,skipped,0,
DEC_0937,skipped,0,
DEC_0016,skipped,0,
DEC_2377,filtered,0,Michael_acceptor_1
DEC_4406,skipped,0,
DEC_2857,skipped,0,
DEC_1764,filtered,0,aldehyde
DEC_2327,skipped,0,
DEC_1491,skipped,0,
DEC_0724,skipped,0,
DEC_2219,filtered,0,aniline
DEC_2166,skipped,0,
DEC_3867,skipped,0,
DEC_1673,skipped,0,
DEC_4559,skipped,0,
DEC_1417,skipped,0,
DEC_0880,skipped,0,
DEC_4698,skipped,0,
DEC_1478,skipped,0,
DEC_0889,skipped,0,
DEC_1789,skipped,0,
DEC_4662,skipped,0,
DEC_2412,filtered,0,Three-membered_heterocycle
DEC_2120,filtered,0,phosphor
DEC_3618,skipped,0,
DEC_2783,skipped,0,
DEC_2610,skipped,0,
DEC_3386,skipped,0,
DEC_2717,skipped,0,
DEC_4324,skipped,0,
DEC_2924,skipped,0,
DEC_2409,filtered,0,Aliphatic_long_chain
DEC_1894,filtered,0,thioester
DEC_4229,skipped,0,
DEC_1716,filtered,0,imine_1
DEC_2311,filtered,0,Aliphatic_long_chain
DEC_0663,skipped,0,
DEC_0042,skipped,0,
DEC_3572,skipped,0,
DEC_3921,skipped,0,
DEC_3801,skipped,0,
DEC_1869,skipped,0,
DEC_4447,skipped,0,
DEC_4413,skipped,0,
DEC_1878,filtered,0,thioester
DEC_4624,skipped,0,
DEC_1466,skipped,0,
ACT_084,skipped,0,
DEC_2164,filtered,0,alkyl_halide
DEC_2191,filtered,0,Aliphatic_long_chain
DEC_2689,skipped,0,
DEC_2017,skipped,0,
DEC_2807,skipped,0,
DEC_1638,skipped,0,
DEC_3895,skipped,0,
DEC_1390,skipped,0,
DEC_2563,skipped,0,
DEC_4303,skipped,0,
DEC_0136,skipped,0,
DEC_2656,skipped,0,
DEC_4532,skipped,0,
DEC_4287,skipped,0,
DEC_1898,filtered,0,indol_3yl_alk(461)
DEC_3593,skipped,0,
DEC_2185,skipped,0,
DEC_0610,skipped,0,
DEC_1912,filtered,0,charged_oxygen_or_sulfur_atoms
DEC_2541,skipped,0,
DEC_2099,skipped,0,
DEC_3469,skipped,0,
DEC_3709,skipped,0,
DEC_3861,skipped,0,
DEC_2113,filtered,0,phosphor
DEC_1343,skipped,0,
DEC_3468,skipped,0,
DEC_1154,skipped,0,
DEC_3667,skipped,0,
DEC_2868,skipped,0,
DEC_3452,skipped,0,
DEC_0765,skipped,0,
DEC_3916,skipped,0,
DEC_4248,skipped,0,
DEC_0004,skipped,0,
DEC_2696,skipped,0,
DEC_4477,skipped,0,
DEC_0465,skipped,0,
DEC_2936,filtered,0,hydroxamic_acid
DEC_4680,skipped,0,
DEC_2745,skipped,0,
DEC_0237,skipped,0,
DEC_4603,skipped,0,
DEC_2371,skipped,0,
DEC_0735,skipped,0,
DEC_1890,filtered,0,anil_di_alk_C(246)
DEC_0523,skipped,0,
DEC_1525,skipped,0,
DEC_3150,filtered,0,isolated_alkene
DEC_2975,filtered,0,Aliphatic_long_chain
DEC_2456,skipped,0,
DEC_0111,skipped,0,
DEC_4400,skipped,0,
DEC_2449,skipped,0,
DEC_1242,skipped,0,
DEC_4659,skipped,0,
DEC_1275,skipped,0,
DEC_2922,skipped,0,
DEC_2000,filtered,0,het-C-het_not_in_ring
DEC_4544,skipped,0,
DEC_1686,failed,0,"meeko: RDKit molecule has 2 fragments. Must have 1.
"
DEC_0838,skipped,0,
DEC_3780,skipped,0,
DEC_0935,skipped,0,
DEC_1855,filtered,0,phthalimide
DEC_1149,skipped,0,
DEC_0067,skipped,0,
DEC_1534,skipped,0,
DEC_4710,skipped,0,
DEC_0155,skipped,0,
DEC_0230,skipped,0,
DEC_0463,skipped,0,
DEC_1737,skipped,0,
DEC_2767,filtered,0,heavy_metal
DEC_0327,skipped,0,
DEC_0059,skipped,0,
DEC_3753,skipped,0,
DEC_0571,skipped,0,
DEC_1967,skipped,0,
DEC_3354,skipped,0,
DEC_2180,skipped,0,
DEC_4215,skipped,0,
DEC_2665,skipped,0,
DEC_2578,skipped,0,
DEC_3625,skipped,0,
DEC_1634,filtered,0,keto_keto_beta_A(68)
DEC_2582,skipped,0,
DEC_4339,skipped,0,
DEC_2032,skipped,0,
DEC_4292,skipped,0,
DEC_1389,skipped,0,
DEC_3683,skipped,0,
DEC_1012,skipped,0,
DEC_3412,skipped,0,
DEC_0588,skipped,0,
DEC_0123,skipped,0,
DEC_3128,skipped,0,
DEC_0121,skipped,0,
DEC_0946,skipped,0,
DEC_3729,skipped,0,
DEC_4616,skipped,0,
DEC_3213,filtered,0,cumarine
DEC_2654,skipped,0,
DEC_3086,filtered,0,Aliphatic_long_chain
DEC_0138,skipped,0,
DEC_4538,skipped,0,
DEC_3471,skipped,0,
DEC_2136,filtered,0,phthalimide
DEC_1698,filtered,0,quinone_A(370)
DEC_3900,skipped,0,
DEC_1707,filtered,0,stilbene
DEC_3333,filtered,0,thioester
DEC_3095,filtered,0,aniline
DEC_2347,skipped,0,
DEC_2782,skipped,0,
ACT_049,skipped,0,
DEC_3808,skipped,0,
DEC_3017,filtered,0,Aliphatic_long_chain
DEC_0061,skipped,0,
DEC_3091,filtered,0,imine_1
DEC_3342,skipped,0,
DEC_1595,skipped,0,
DEC_0411,skipped,0,
DEC_3307,filtered,0,imine_1
DEC_3717,skipped,0,
DEC_2611,skipped,0,
DEC_3240,skipped,0,
DEC_3299,filtered,0,amino_acridine_A(46)
DEC_0427,skipped,0,
DEC_1653,filtered,0,alkyl_halide
DEC_1152,skipped,0,
DEC_3038,filtered,0,N_oxide
DEC_1795,filtered,0,triple_bond
DEC_1136,skipped,0,
DEC_4676,skipped,0,
DEC_0561,skipped,0,
DEC_2520,skipped,0,
DEC_2652,skipped,0,
DEC_2126,skipped,0,
DEC_1821,skipped,0,
DEC_2241,skipped,0,
DEC_0535,skipped,0,
DEC_3504,skipped,0,
DEC_2150,filtered,0,anil_di_alk_A(478)
DEC_1860,filtered,0,alkyl_halide
DEC_3870,skipped,0,
DEC_4171,skipped,0,
DEC_2172,filtered,0,cyanate_/aminonitrile_/thiocyanate
DEC_1926,skipped,0,
DEC_2024,skipped,0,
DEC_3587,skipped,0,
DEC_3789,skipped,0,
DEC_1204,skipped,0,
DEC_3553,skipped,0,
DEC_3396,filtered,0,triple_bond
DEC_4036,skipped,0,
DEC_3526,skipped,0,
DEC_2500,skipped,0,
DEC_4252,skipped,0,
DEC_3707,skipped,0,
DEC_0993,skipped,0,
DEC_3640,skipped,0,
DEC_0895,skipped,0,
DEC_1942,filtered,0,Aliphatic_long_chain
DEC_0312,skipped,0,
DEC_3706,skipped,0,
DEC_4144,skipped,0,
DEC_1341,skipped,0,
DEC_1693,filtered,0,triple_bond
DEC_3383,filtered,0,Aliphatic_long_chain
DEC_0774,skipped,0,
ACT_046,skipped,0,
DEC_1109,skipped,0,
DEC_1899,filtered,0,triple_bond
DEC_3174,filtered,0,Aliphatic_long_chain
DEC_3950,skipped,0,
DEC_3046,filtered,0,acyclic_C=C-O
DEC_1493,skipped,0,
DEC_3296,skipped,0,
DEC_3631,skipped,0,
DEC_0497,skipped,0,
DEC_3793,skipped,0,
DEC_4709,skipped,0,
DEC_0279,filtered,0,Aliphatic_long_chain
DEC_0101,skipped,0,
DEC_1108,skipped,0,
DEC_1532,skipped,0,
DEC_4601,skipped,0,
DEC_2443,skipped,0,
DEC_1825,filtered,0,Aliphatic_long_chain
DEC_0666,skipped,0,
DEC_2646,skipped,0,
DEC_4123,skipped,0,
DEC_2225,skipped,0,
DEC_0595,skipped,0,
DEC_1291,skipped,0,
DEC_3777,skipped,0,
DEC_4088,skipped,0,
DEC_1651,filtered,0,imine_1
DEC_3523,skipped,0,
DEC_4435,skipped,0,
DEC_3710,skipped,0,
DEC_2540,skipped,0,
DEC_3422,filtered,0,2-halo_pyridine
DEC_1622,skipped,0,
DEC_2251,filtered,0,thiol_2
DEC_2390,filtered,0,conjugated_nitrile_group
ACT_004,skipped,0,
DEC_3227,filtered,0,charged_oxygen_or_sulfur_atoms
DEC_2366,skipped,0,
DEC_1326,skipped,0,
DEC_3006,filtered,0,isolated_alkene
DEC_3345,filtered,0,Aliphatic_long_chain
DEC_1472,skipped,0,
DEC_0943,skipped,0,
DEC_2323,skipped,0,
DEC_3197,skipped,0,
DEC_2573,skipped,0,
DEC_3246,filtered,0,phenol_ester
DEC_2434,filtered,0,Aliphatic_long_chain
DEC_4055,skipped,0,
DEC_2361,skipped,0,
DEC_0921,skipped,0,
DEC_2472,skipped,0,
DEC_2605,skipped,0,
DEC_0474,skipped,0,
DEC_3434,filtered,0,2-halo_pyridine
DEC_2884,skipped,0,
DEC_1515,skipped,0,
DEC_4311,skipped,0,
DEC_4160,skipped,0,
ACT_014,skipped,0,
DEC_3473,skipped,0,
DEC_0264,skipped,0,
DEC_1987,filtered,0,thioester
DEC_1458,skipped,0,
DEC_3056,filtered,0,Aliphatic_long_chain
DEC_0848,skipped,0,
DEC_4090,skipped,0,
DEC_3475,skipped,0,
DEC_4516,skipped,0,
DEC_2732,skipped,0,
DEC_3460,skipped,0,
DEC_0789,skipped,0,
DEC_0214,skipped,0,
DEC_2075,skipped,0,
DEC_1363,skipped,0,
DEC_2040,filtered,0,Aliphatic_long_chain
DEC_0845,skipped,0,
DEC_0127,skipped,0,
DEC_2613,skipped,0,
DEC_4737,skipped,0,
DEC_3175,skipped,0,
DEC_4074,skipped,0,
DEC_2777,skipped,0,
DEC_2187,skipped,0,
DEC_0469,skipped,0,
DEC_2183,skipped,0,
DEC_2590,skipped,0,
DEC_3165,filtered,0,Michael_acceptor_1
DEC_1483,skipped,0,
DEC_0094,skipped,0,
DEC_1727,skipped,0,
DEC_1765,filtered,0,aldehyde
DEC_2401,skipped,0,
DEC_2765,skipped,0,
DEC_3671,skipped,0,
DEC_1535,skipped,0,
DEC_1723,skipped,0,
DEC_3756,skipped,0,
DEC_0218,skipped,0,
DEC_3034,filtered,0,nitro_group
DEC_0786,skipped,0,
DEC_1205,skipped,0,
DEC_4657,skipped,0,
DEC_1933,filtered,0,disulphide
DEC_3273,skipped,0,
DEC_2622,skipped,0,
DEC_1370,skipped,0,
DEC_0104,skipped,0,
DEC_3278,filtered,0,Aliphatic_long_chain
DEC_1351,skipped,0,
DEC_1232,skipped,0,
DEC_1840,filtered,0,imine_1
DEC_1167,skipped,0,
DEC_4539,skipped,0,
DEC_2798,skipped,0,
DEC_0743,skipped,0,
DEC_1945,skipped,0,
DEC_1621,filtered,0,imine_1
DEC_2832,skipped,0,
DEC_0227,skipped,0,
DEC_2888,skipped,0,
DEC_2426,skipped,0,
DEC_0243,skipped,0,
DEC_0945,skipped,0,
DEC_3421,filtered,0,anil_di_alk_C(246)
DEC_1114,skipped,0,
DEC_2925,filtered,0,imine_1
DEC_0196,skipped,0,
DEC_4370,skipped,0,
DEC_1122,skipped,0,
DEC_0517,skipped,0,
DEC_4632,skipped,0,
ACT_080,skipped,0,
DEC_3404,filtered,0,phthalimide
DEC_4420,skipped,0,
DEC_3520,skipped,0,
DEC_4639,skipped,0,
DEC_2046,filtered,0,Aliphatic_long_chain
DEC_0972,skipped,0,
DEC_2633,skipped,0,
ACT_030,skipped,0,
DEC_0262,skipped,0,
DEC_2167,filtered,0,Aliphatic_long_chain
DEC_4569,skipped,0,
DEC_0657,skipped,0,
DEC_0317,skipped,0,
DEC_1958,filtered,0,iodine
DEC_4634,skipped,0,
DEC_4041,skipped,0,
DEC_2063,filtered,0,cyanate_/aminonitrile_/thiocyanate
DEC_1568,skipped,0,
DEC_2709,skipped,0,
DEC_1626,skipped,0,
DEC_2209,filtered,0,cumarine
DEC_2132,filtered,0,Aliphatic_long_chain
DEC_4749,skipped,0,
DEC_4661,skipped,0,
DEC_0777,skipped,0,
DEC_0846,skipped,0,
DEC_4740,skipped,0,
DEC_1001,skipped,0,
DEC_0749,skipped,0,
DEC_2353,filtered,0,nitro_group
DEC_4444,skipped,0,
ACT_065,skipped,0,
DEC_4234,skipped,0,
DEC_2379,filtered,0,Aliphatic_long_chain
DEC_4351,skipped,0,
DEC_3490,skipped,0,
DEC_1193,skipped,0,
DEC_2235,skipped,0,
DEC_2928,filtered,0,imine_1
DEC_1902,filtered,0,quaternary_nitrogen_1
DEC_0464,skipped,0,
DEC_2760,skipped,0,
DEC_0986,skipped,0,
DEC_4529,skipped,0,
DEC_4045,skipped,0,
DEC_1647,skipped,0,
DEC_4305,skipped,0,
DEC_0501,skipped,0,
DEC_0720,skipped,0,
DEC_3655,skipped,0,
ACT_077,skipped,0,
DEC_0495,skipped,0,
DEC_2491,skipped,0,
DEC_3646,skipped,0,
DEC_2358,filtered,0,Aliphatic_long_chain
DEC_0973,skipped,0,
DEC_3143,skipped,0,
DEC_2076,skipped,0,
DEC_1856,filtered,0,iodine
DEC_2474,skipped,0,
DEC_1574,skipped,0,
DEC_2037,skipped,0,
DEC_2492,skipped,0,
DEC_4183,skipped,0,
DEC_3335,skipped,0,
DEC_0572,skipped,0,
DEC_0226,skipped,0,
DEC_1917,filtered,0,isolated_alkene
DEC_0883,skipped,0,
DEC_3208,filtered,0,ene_five_het_B(90)
DEC_1827,filtered,0,imine_1
DEC_0457,skipped,0,
DEC_0462,skipped,0,
DEC_1423,skipped,0,
DEC_0557,skipped,0,
DEC_4061,skipped,0,
DEC_0366,skipped,0,
DEC_1190,skipped,0,
DEC_4251,skipped,0,
DEC_4020,skipped,0,
DEC_3806,skipped,0,
DEC_0311,skipped,0,
DEC_0369,skipped,0,
DEC_2470,skipped,0,
DEC_0400,skipped,0,
DEC_4342,skipped,0,
DEC_0380,skipped,0,
DEC_1684,skipped,0,
DEC_2331,filtered,0,iodine
DEC_1456,skipped,0,
DEC_1169,skipped,0,
DEC_3887,skipped,0,
DEC_4453,skipped,0,
DEC_3366,skipped,0,
DEC_2237,filtered,0,quinone_A(370)
DEC_3628,skipped,0,
DEC_2073,filtered,0,Michael_acceptor_1
DEC_3099,skipped,0,
ACT_018,skipped,0,
DEC_3005,filtered,0,nitro_group
DEC_1249,skipped,0,
DEC_0381,filtered,0,Aliphatic_long_chain
DEC_3186,filtered,0,Aliphatic_long_chain
DEC_1652,filtered,0,imine_1
DEC_3844,skipped,0,
DEC_3879,skipped,0,
DEC_3230,skipped,0,
DEC_1263,skipped,0,
DEC_1837,filtered,0,hydroxamic_acid
DEC_0665,skipped,0,
DEC_0021,skipped,0,
DEC_4329,skipped,0,
DEC_0315,skipped,0,
DEC_0703,skipped,0,
DEC_4409,skipped,0,
DEC_3531,skipped,0,
DEC_0518,skipped,0,
DEC_1947,filtered,0,nitro_group
DEC_3690,skipped,0,
DEC_4584,skipped,0,
DEC_1404,skipped,0,
DEC_4770,skipped,0,
DEC_1049,skipped,0,
DEC_3576,skipped,0,
DEC_4294,skipped,0,
DEC_1459,skipped,0,
DEC_1470,skipped,0,
DEC_1937,skipped,0,
DEC_0796,skipped,0,
DEC_2680,skipped,0,
DEC_3199,skipped,0,
DEC_0397,skipped,0,
DEC_0707,skipped,0,
DEC_0344,skipped,0,
DEC_3726,skipped,0,
DEC_3268,filtered,0,N_oxide
DEC_3370,filtered,0,imine_1
DEC_2803,skipped,0,
DEC_3432,skipped,0,
DEC_0695,skipped,0,
DEC_0673,skipped,0,
DEC_1460,skipped,0,
DEC_3235,filtered,0,hydantoin
DEC_3775,failed,0,"meeko: RDKit molecule has 2 fragments. Must have 1.
"
DEC_1891,filtered,0,anil_di_alk_C(246)
DEC_3773,skipped,0,
DEC_4578,skipped,0,
DEC_0984,skipped,0,
DEC_4611,skipped,0,
DEC_1656,filtered,0,isolated_alkene
DEC_3877,skipped,0,
DEC_2182,filtered,0,Aliphatic_long_chain
DEC_1850,filtered,0,isolated_alkene
DEC_4112,skipped,0,
DEC_0481,skipped,0,
DEC_2607,skipped,0,
DEC_0158,skipped,0,
DEC_0453,skipped,0,
DEC_1776,skipped,0,
DEC_0383,failed,0,"meeko: RDKit molecule has 2 fragments. Must have 1.
"
DEC_0482,skipped,0,
ACT_059,skipped,0,
DEC_1705,filtered,0,Aliphatic_long_chain
DEC_1786,skipped,0,
DEC_4438,skipped,0,
DEC_0073,skipped,0,
DEC_2670,skipped,0,
DEC_0425,skipped,0,
DEC_1741,skipped,0,
DEC_1931,filtered,0,iodine
DEC_0892,skipped,0,
DEC_3599,skipped,0,
DEC_4140,skipped,0,
DEC_3489,skipped,0,
DEC_2960,filtered,0,imine_1
DEC_3169,skipped,0,
DEC_2454,skipped,0,
DEC_1548,skipped,0,
DEC_4318,skipped,0,
DEC_1636,skipped,0,
DEC_3367,filtered,0,anthranil_one_A(38)
DEC_4223,skipped,0,
DEC_2072,skipped,0,
DEC_1253,skipped,0,
DEC_4404,skipped,0,
DEC_3794,skipped,0,
DEC_0952,skipped,0,
DEC_0931,skipped,0,
DEC_4264,skipped,0,
DEC_0467,skipped,0,
DEC_3882,skipped,0,
DEC_0602,skipped,0,
DEC_4734,skipped,0,
DEC_4548,skipped,0,
DEC_1874,filtered,0,phthalimide
DEC_0375,skipped,0,
DEC_1862,filtered,0,thioester
DEC_2420,skipped,0,
DEC_2874,skipped,0,
DEC_0817,skipped,0,
DEC_0060,skipped,0,
DEC_3903,skipped,0,
DEC_2556,skipped,0,
ACT_005,skipped,0,
DEC_4245,skipped,0,
DEC_4319,skipped,0,
DEC_1224,skipped,0,
DEC_2964,filtered,0,anil_di_alk_C(246)
DEC_4670,skipped,0,
DEC_1530,skipped,0,
DEC_4646,skipped,0,
DEC_2345,skipped,0,
DEC_0772,skipped,0,
DEC_4059,skipped,0,
DEC_1364,skipped,0,
DEC_4001,skipped,0,
DEC_2058,skipped,0,
ACT_027,skipped,0,
DEC_3617,skipped,0,
DEC_1196,skipped,0,
DEC_3462,skipped,0,
DEC_2305,filtered,0,Aliphatic_long_chain
DEC_0814,skipped,0,
DEC_2687,skipped,0,
DEC_2086,skipped,0,
DEC_4299,skipped,0,
DEC_0839,skipped,0,
ACT_095,skipped,0,
DEC_4433,skipped,0,
DEC_1960,skipped,0,
DEC_4235,skipped,0,
DEC_3735,skipped,0,
DEC_3027,filtered,0,triple_bond
DEC_3053,skipped,0,
DEC_0421,skipped,0,
DEC_3359,filtered,0,Aliphatic_long_chain
DEC_1211,skipped,0,
DEC_1153,skipped,0,
DEC_0799,skipped,0,
DEC_0286,skipped,0,
DEC_0645,skipped,0,
DEC_3943,skipped,0,
DEC_4075,skipped,0,
DEC_1034,skipped,0,
DEC_1697,filtered,0,aniline
DEC_2866,skipped,0,
DEC_3172,skipped,0,
DEC_3410,skipped,0,
DEC_2053,skipped,0,
DEC_4316,skipped,0,
DEC_4499,skipped,0,
DEC_1921,filtered,0,Aliphatic_long_chain
DEC_4775,skipped,0,
DEC_2070,filtered,0,Aliphatic_long_chain
DEC_1071,skipped,0,
DEC_3659,skipped,0,
DEC_3142,filtered,0,iodine
DEC_3990,skipped,0,
DEC_1642,filtered,0,catechol_A(92)
DEC_2478,skipped,0,
DEC_4547,skipped,0,
DEC_1629,skipped,0,
DEC_0443,skipped,0,
DEC_2094,skipped,0,
DEC_3187,skipped,0,
DEC_2485,skipped,0,
DEC_0163,skipped,0,
DEC_1777,skipped,0,
DEC_0359,skipped,0,
DEC_2557,skipped,0,
DEC_1700,skipped,0,
DEC_4463,skipped,0,
DEC_2112,skipped,0,
DEC_3009,filtered,0,Michael_acceptor_1
DEC_3687,skipped,0,
DEC_1239,skipped,0,
DEC_1906,filtered,0,iodine
DEC_4276,skipped,0,
DEC_1302,skipped,0,
DEC_0485,skipped,0,
DEC_2088,skipped,0,
DEC_1617,filtered,0,thiol_2
DEC_2811,skipped,0,
DEC_2933,skipped,0,
DEC_1233,skipped,0,
DEC_2889,skipped,0,
DEC_3615,skipped,0,
DEC_2178,filtered,0,Aliphatic_long_chain
DEC_3014,filtered,0,triple_bond
DEC_0728,skipped,0,
DEC_1808,filtered,0,Aliphatic_long_chain
DEC_0554,skipped,0,
DEC_2271,filtered,0,charged_oxygen_or_sulfur_atoms
DEC_1767,filtered,0,aldehyde
DEC_0276,skipped,0,
DEC_0470,skipped,0,
DEC_1476,skipped,0,
DEC_4630,skipped,0,
DEC_2863,skipped,0,
DEC_2302,filtered,0,Aliphatic_long_chain
DEC_4423,skipped,0,
DEC_0546,skipped,0,
DEC_3001,filtered,0,>_2_ester_groups
DEC_0923,skipped,0,
DEC_4293,skipped,0,
DEC_3664,skipped,0,
DEC_0256,skipped,0,
DEC_2067,filtered,0,indol_3yl_alk(461)
DEC_2718,skipped,0,
DEC_2841,skipped,0,
DEC_0693,skipped,0,
DEC_3013,filtered,0,triple_bond
DEC_0660,skipped,0,
DEC_0738,skipped,0,
DEC_2658,skipped,0,
DEC_1664,filtered,0,Polycyclic_aromatic_hydrocarbon_2
DEC_1174,skipped,0,
DEC_2177,filtered,0,nitro_group
DEC_2688,skipped,0,
DEC_3363,filtered,0,Aliphatic_long_chain
DEC_1208,skipped,0,
ACT_054,skipped,0,
DEC_2179,skipped,0,
DEC_4728,skipped,0,
DEC_3580,skipped,0,
DEC_1706,filtered,0,Aliphatic_long_chain
DEC_3337,skipped,0,
DEC_4365,skipped,0,
DEC_1529,skipped,0,
DEC_4498,skipped,0,
DEC_0118,skipped,0,
DEC_4040,skipped,0,
DEC_1806,filtered,0,aniline
DEC_1692,skipped,0,
DEC_0668,skipped,0,
DEC_0145,skipped,0,
DEC_0161,skipped,0,
DEC_3357,skipped,0,
DEC_4738,skipped,0,
DEC_0613,skipped,0,
DEC_4368,skipped,0,
DEC_0740,skipped,0,
DEC_1044,skipped,0,
DEC_1729,filtered,0,Aliphatic_long_chain
DEC_1907,filtered,0,dyes5A(27)
DEC_2154,filtered,0,Aliphatic_long_chain
DEC_0105,skipped,0,
DEC_0813,skipped,0,
