compound_id,matched_to,chembl_id,smiles,MW,LogP,HBD,HBA,RotBonds,TPSA,NumHeavyAtoms,NetCharge,max_tc_to_actives
DEC_0001,ACT_001,CHEMBL20656,OC1CCCCC1N1CCC(CCC2CCN(C3CCCCC3O)CC2)CC1,392.6280000000003,3.7976000000000028,2,4,5,46.94,28,0,0.12857142857142856
DEC_0002,ACT_001,CHEMBL20533,O=NN(CCCl)C(=O)NC1C(F)(F)C(F)(F)C(F)(F)C(F)(F)C1(F)F,413.599,3.4769000000000005,1,3,4,61.77,25,0,0.13095238095238096
DEC_0003,ACT_001,CHEMBL32849,C=C1/C=C(\C)[C@H](CC)OC(=O)[C@H](C)C(=O)[C@@](O)(CO)C/C(SC)=C/[C@@H](C)C1,396.54900000000015,3.416100000000002,2,6,3,83.83000000000001,27,0,0.13095238095238096
DEC_0004,ACT_001,CHEMBL267154,C(=C1/CCCN(c2ccc(C3=NCCN3)cc2)C1)\c1ccc(C2=NCCN2)cc1,385.5150000000001,3.070000000000001,2,5,4,52.019999999999996,29,0,0.13186813186813187
DEC_0005,ACT_001,CHEMBL24250,C(=C1\CCCN(c2ccc(C3=NCCN3)cc2)C1)\c1ccc(C2=NCCN2)cc1,385.5150000000001,3.070000000000001,2,5,4,52.019999999999996,29,0,0.13186813186813187
DEC_0006,ACT_001,CHEMBL20720,OC1CCCCC1N1CCC(CCCC2CCN(C3CCCCC3O)CC2)CC1,406.6550000000003,4.187700000000004,2,4,6,46.94,29,0,0.1323529411764706
DEC_0007,ACT_001,CHEMBL9029,CC(=O)OC[C@]1(C)CCC[C@@]2(C)C1[C@H](O)CC1C[C@H](OC(C)=O)[C@@]3(C)CC[C@]12C3,406.5630000000003,4.2550000000000034,1,5,3,72.83000000000001,29,0,0.13333333333333333
DEC_0008,ACT_001,CHEMBL16690,CC(C)CN(C=O)[C@H]1CCC2C3CC[C@H]4N(C)C(=O)CC[C@]4(C)C3CC[C@@]21C,388.59600000000023,4.332800000000003,0,2,4,40.620000000000005,28,0,0.13333333333333333
DEC_0009,ACT_001,CHEMBL274276,CCCN(C=O)[C@H]1CCC2C3CC[C@H]4N(C)C(=O)CC[C@]4(C)C3CC[C@@]21C,374.56900000000024,4.086800000000003,0,2,4,40.620000000000005,27,0,0.1348314606741573
DEC_0010,ACT_001,CHEMBL22643,CN(CCF)Cc1ccccc1Sc1ccc(I)cc1N,416.30300000000005,4.425900000000004,1,3,6,29.259999999999998,21,0,0.13580246913580246
DEC_0011,ACT_001,CHEMBL17268,CC(C)N(C=O)[C@H]1CCC2C3CC[C@H]4N(C)C(=O)CC[C@]4(C)C3CC[C@@]21C,374.56900000000024,4.085200000000003,0,2,3,40.620000000000005,27,0,0.136986301369863
DEC_0012,ACT_001,CHEMBL12717,CCCCC[C@](C)(O)/C=C/C1[C@H](O)C[C@@H]2OC(=O)C(F)(F)CC/C=C\C[C@H]12,386.4790000000001,4.158100000000004,2,4,6,66.75999999999999,27,0,0.14
DEC_0013,ACT_001,CHEMBL269121,CCCc1cc(=O)oc2c(C(=O)C(C)(C)C(C)O)c(O)c3c(c12)OC(C)(C)C=C3,400.4710000000002,4.225000000000005,2,6,5,96.97000000000001,29,0,0.1414141414141414
DEC_0014,ACT_001,CHEMBL268340,CC12CCC(O)CC1CCC1C2CCC2(C)[C@@H](C3=CC(=O)OC3)C(OC=O)CC12O,418.5300000000002,2.755800000000001,2,6,3,93.06000000000002,30,0,0.14285714285714285
DEC_0015,ACT_001,CHEMBL7242,CCCc1cc(=O)oc2c(C(=O)[C@H](C)[C@H](C)O)c(O)c3c(c12)OC(C)(C)C=C3,386.44400000000013,3.8349000000000038,2,6,5,96.97000000000001,28,0,0.14432989690721648
DEC_0016,ACT_001,CHEMBL7211,CCCc1cc(=O)oc2c(C(=O)[C@@H](C)[C@H](C)O)c(O)c3c(c12)OC(C)(C)C=C3,386.44400000000013,3.8349000000000038,2,6,5,96.97000000000001,28,0,0.14432989690721648
DEC_0017,ACT_001,CHEMBL273242,O=C1O[C@H](c2ccccc2Cl)[C@@](Cn2cncn2)(c2ccccc2Cl)O1,390.2260000000001,4.388500000000001,0,5,4,66.24000000000001,26,0,0.14444444444444443
DEC_0018,ACT_001,CHEMBL6383,CC12CCC(OC=O)CC1CCC1C2CCC2(C)[C@@H](C3=CC(=O)OC3)C(O)CC12O,418.53000000000014,2.755800000000001,2,6,3,93.06000000000002,30,0,0.14457831325301204
DEC_0019,ACT_001,CHEMBL278118,Brc1cccc(Br)c1N(Cc1cccs1)C1=NCCN1,415.15400000000017,4.238900000000003,1,4,3,27.63,20,0,0.14457831325301204
DEC_0020,ACT_001,CHEMBL268404,CN(C)c1ncnc2c1ncn2Cc1cccc(I)c1,379.205,2.5452000000000004,0,4,3,46.84,20,0,0.14473684210526316
DEC_0021,ACT_001,CHEMBL20466,CC1(C)N=C(N)N=C(N)N1c1cccc(COc2cccc3ccccc23)c1,373.4600000000001,3.604300000000002,2,6,4,89.22999999999999,28,0,0.14634146341463414
DEC_0022,ACT_001,CHEMBL21174,CN(C)CCCNCc1cc(I)cc(C(C)(C)C)c1O,390.30900000000014,3.3356000000000026,2,3,6,35.5,20,0,0.14666666666666667
DEC_0023,ACT_001,CHEMBL23034,CN(C)Cc1ccccc1Sc1ccc(I)cc1N,384.286,4.0862000000000025,1,3,4,29.259999999999998,19,0,0.14666666666666667
DEC_0024,ACT_001,CHEMBL274265,Cc1cc(C)cc(Sc2c(C(C)C)c(=O)[nH]c(=S)n2COCCO)c1,380.53500000000014,3.7637300000000025,2,5,7,67.25,25,0,0.14772727272727273
DEC_0025,ACT_001,CHEMBL275679,[2H]c1c([2H])c([2H])c(NS(=O)(=O)c2ccc3c(c2)C(n2ccccc2=O)=CC(C)(C)O3)c([2H])c1[2H],413.5095088900002,3.7093000000000016,1,4,4,77.4,29,0,0.14942528735632185
DEC_0026,ACT_001,CHEMBL266210,CCCc1cc(=O)oc2c(C(=O)C(C)C(C)(C)O)c(O)c3c(c12)OC(C)(C)C=C3,400.4710000000002,4.225000000000005,2,6,5,96.97000000000001,29,0,0.14953271028037382
DEC_0027,ACT_001,CHEMBL269643,O=C1NC(=O)C(CC#Cc2ccccc2)(S(=O)(=O)c2ccc3ccccc3c2)S1,421.49900000000014,3.734600000000003,1,5,3,80.31,29,0,0.15
DEC_0028,ACT_001,CHEMBL12617,O=S(=O)(CS(=O)(=O)C(F)(F)F)c1ccc(SC(F)(F)C(F)F)cc1,420.349,3.3024000000000013,0,5,6,68.28,24,0,0.15
DEC_0029,ACT_001,CHEMBL7508,Ic1ccc(N2CCN(Cc3cnn4ccccc34)CC2)cc1,418.28200000000015,3.2611000000000017,0,3,3,23.78,23,0,0.15053763440860216
DEC_0030,ACT_001,CHEMBL503,CC[C@H](C)C(=O)O[C@H]1C[C@@H](C)C=C2C=C[C@H](C)[C@H](CC[C@@H]3C[C@@H](O)CC(=O)O3)[C@H]21,404.54700000000025,4.195500000000004,1,5,6,72.83,29,0,0.1511627906976744
DEC_0031,ACT_001,CHEMBL430724,Cn1c2ccncc2c2ncnc(N3CCN(CCc4ccc(F)c(F)c4)CC3)c21,408.45600000000013,3.1594000000000015,0,5,4,50.080000000000005,30,0,0.15151515151515152
DEC_0032,ACT_001,CHEMBL273590,Nc1nc2c(cnn2CCCCc2ccccc2)c2nc(-c3ccco3)nn12,373.4200000000001,3.339100000000002,1,6,6,100.06,28,0,0.15294117647058825
DEC_0033,ACT_001,CHEMBL23525,CCC(C)(O)C#Cc1nc(NCc2ccc(N(C)C)cc2)c2ncn(C(C)C)c2n1,406.5340000000001,3.597800000000002,2,6,6,79.10000000000001,30,0,0.15306122448979592
DEC_0034,ACT_001,CHEMBL25972,Nc1cccc2[nH]c3c(N4CCN(CCc5ccc(F)c(F)c5)CC4)ncnc3c12,408.45600000000013,3.3362000000000025,2,5,4,74.07000000000001,30,0,0.15306122448979592
DEC_0035,ACT_001,CHEMBL417828,C=CCCN(C1=NCCN1)c1c(Br)cccc1Br,373.092,3.553300000000002,1,3,4,27.63,18,0,0.15384615384615385
DEC_0036,ACT_001,CHEMBL23776,O=c1oc2ncccc2n1CCCN1CCN(c2cccc3ccccc23)CC1,388.47100000000006,3.355000000000002,0,5,5,54.510000000000005,29,0,0.15476190476190477
DEC_0037,ACT_001,CHEMBL19620,CCC(C)(C)/N=c1\c(O)c(O)\c1=N/Cc1c(C)cc(Br)cc1C,379.298,3.5429400000000033,2,4,4,65.18,23,0,0.15492957746478872
DEC_0038,ACT_001,CHEMBL7933,CC(C)N(CCNc1ccc2ncn3c4ccc(O)cc4c(=O)c1c23)C(C)C,378.47600000000017,3.6750000000000025,2,5,6,69.87,28,0,0.1566265060240964
DEC_0039,ACT_001,CHEMBL9148,C/C=C/C=C/C(=O)O[C@H](CC=C(C)C)C1=CC(=O)c2c(O)ccc(O)c2C1=O,382.4120000000001,3.8036000000000034,2,6,6,100.9,28,0,0.1566265060240964
DEC_0040,ACT_001,CHEMBL275252,CCN(CC)S(=O)(=O)c1ccc2c(c1)C(n1ccccc1=O)=CC(C)(C)O2,388.48900000000015,2.939000000000002,0,4,5,68.61,27,0,0.1566265060240964
DEC_0041,ACT_001,CHEMBL14229,CCc1nc2c(C)cc(C)nc2n1Cc1ccc(-c2ccoc2-c2nn[nH]n2)cc1,399.458,4.0989400000000025,1,6,5,98.30999999999999,30,0,0.1568627450980392
DEC_0042,ACT_001,CHEMBL17343,C[S+]([O-])c1ccc(-c2nc3n(c2-c2ccc([S+](C)[O-])cc2)CC[S+]3[O-])cc1,418.56500000000017,2.8131000000000013,0,4,4,87.0,27,0,0.15789473684210525
DEC_0043,ACT_001,CHEMBL281618,CC1(C)N=C(N)N=C(N)N1c1cccc(OCC23CC4CC(CC(C4)C2)C3)c1,381.5240000000003,3.4673000000000025,2,6,4,89.22999999999999,28,0,0.15789473684210525
DEC_0044,ACT_001,CHEMBL33205,CC1(C)N=C(N)N=C(N)N1c1cccc(OC[C@]23C[C@H]4C[C@H](C[C@H](C4)C2)C3)c1,381.5240000000003,3.4673000000000025,2,6,4,89.22999999999999,28,0,0.15789473684210525
DEC_0045,ACT_001,CHEMBL23404,O=c1oc2ncccc2n1CCN1CCN(c2cccc3ccccc23)CC1,374.4440000000001,2.964900000000001,0,5,4,54.510000000000005,28,0,0.15853658536585366
DEC_0046,ACT_001,CHEMBL268251,O=c1cc(COC2CCOCC2)occ1OC(=O)[C@]12C[C@H]3C[C@H](C[C@H](C3)C1)C2,388.46000000000026,3.457200000000002,0,6,5,74.97,28,0,0.15853658536585366
DEC_0047,ACT_001,CHEMBL20547,Brc1cccc(Br)c1N(Cc1ccco1)C1=NCCN1,399.0860000000002,3.770400000000003,1,4,3,40.77,20,0,0.15853658536585366
DEC_0048,ACT_001,CHEMBL12397,CN1CCC23c4c5ccc(O)c4O[C@H]2C=C[C@H](N(CCCl)CCCl)[C@H]3C1C5,409.3570000000002,2.985400000000001,1,4,5,35.940000000000005,27,0,0.1590909090909091
DEC_0049,ACT_001,CHEMBL22076,CN(C)CCCNCc1cc(I)cc(C2CCCCC2)c1O,416.34700000000026,4.085800000000004,2,3,7,35.5,22,0,0.15942028985507245
DEC_0050,ACT_001,CHEMBL17490,C[S+]([O-])c1ccc(-c2nc3n(c2-c2ccc([S+](C)[O-])cc2)CCS3)cc1,402.56600000000014,3.7976000000000028,0,4,4,63.94,26,0,0.1595744680851064
DEC_0051,ACT_003,CHEMBL20504,CCCCSc1cc(I)cc(CNCCCN(C)C)c1O,422.37600000000026,3.930300000000003,2,4,10,35.5,21,0,0.13793103448275862
DEC_0052,ACT_003,CHEMBL13071,CCCCc1nc(CCCC)n(Cc2ccc(-n3ccc(-c4nn[nH]n4)c3)cc2)n1,404.52200000000005,3.982400000000003,1,5,10,90.1,30,0,0.14285714285714285
DEC_0053,ACT_003,CHEMBL12693,CCCCc1nc(CCCC)n(Cc2ccc(-n3c(F)ccc3-c3nn[nH]n3)cc2)n1,422.51200000000006,4.121500000000003,1,5,10,90.1,31,0,0.14772727272727273
DEC_0054,ACT_003,CHEMBL9196,C=CCC/C=C/C(=O)O[C@H](CC=C(C)C)C1=CC(=O)c2c(O)ccc(O)c2C1=O,396.43900000000014,4.193700000000005,2,6,8,100.9,29,0,0.1511627906976744
DEC_0055,ACT_003,CHEMBL12810,CCCCc1nc(CCCC)n(Cc2ccc(-n3cccc3-c3nn[nH]n3)cc2)n1,404.52200000000005,3.982400000000003,1,5,10,90.1,30,0,0.15463917525773196
DEC_0056,ACT_003,CHEMBL31670,CC(C)C1=CC2CC3(C=O)[C@@H]4CC[C@@H](C)[C@H]4CC2(CO[C@H]2CN[C@H](C)CO2)[C@]13C(=O)O,431.5730000000002,3.2620000000000013,2,5,6,84.86,31,0,0.15625
DEC_0057,ACT_003,CHEMBL8801,CCN(CC)CCNc1ccc2ncn3c4ccc(C(C)(C)C)cc4c(=O)c1c23,390.5310000000003,4.489900000000004,1,4,6,49.64,29,0,0.15853658536585366
DEC_0058,ACT_003,CHEMBL17013,CC(C)Cc1ccc(CCn2ncc3c2nc(N)n2nc(-c4ccco4)nc32)cc1,401.4740000000001,3.7574000000000023,1,6,6,100.06,30,0,0.16091954022988506
DEC_0059,ACT_003,CHEMBL26791,Oc1c(CN2CCCC2)cc(Nc2ncnc3ccccc23)cc1CN1CCCC1,403.5300000000003,4.270600000000003,2,6,6,64.52,30,0,0.16091954022988506
DEC_0060,ACT_003,CHEMBL285500,[O-][n+]1ccc(CC(c2ccc(CO)cc2)c2ccc(OC(F)F)c(OC(F)F)c2)cc1,437.38900000000007,4.389700000000003,1,4,9,65.63000000000001,31,0,0.1625
DEC_0061,ACT_003,CHEMBL286529,Cc1cc(OCCNc2ccncc2)cc(OS(=O)(=O)c2cccs2)c1,390.4860000000001,3.7101200000000016,1,7,8,77.52,26,0,0.1643835616438356
DEC_0062,ACT_003,CHEMBL421,O=C(O)c1cc(/N=N/c2ccc(S(=O)(=O)Nc3ccccn3)cc2)ccc1O,398.4000000000001,3.7016000000000013,3,7,6,141.31,28,0,0.16455696202531644
DEC_0063,ACT_003,CHEMBL12663,CCCCc1nc(Cc2ccc(-c3ccccc3-c3nn[nH]n3)cc2)nn1CCCC,415.5450000000002,4.858700000000004,1,5,10,85.16999999999999,31,0,0.16483516483516483
DEC_0064,ACT_003,CHEMBL32287,CCN(CC)CCNC(=O)c1cc2c(c3oc4ccccc4c(=O)c13)C=CC(C)(C)O2,420.5090000000002,4.2020000000000035,1,5,6,71.78,31,0,0.16483516483516483
DEC_0065,ACT_003,CHEMBL267740,CCCCc1oc2ccccc2c1Cc1cccc(/C(C)=C/Cn2oc(=O)[nH]c2=O)c1,418.49300000000017,4.9127000000000045,1,4,8,81.13999999999999,31,0,0.1650485436893204
DEC_0066,ACT_003,CHEMBL22138,Nc1ncc(Cc2ccc(OCc3ccccc3)c(OCc3ccccc3)c2)c(N)n1,412.49300000000017,4.389800000000003,2,6,8,96.28,31,0,0.16666666666666666
DEC_0067,ACT_003,CHEMBL20524,O=C(O)CCC/C=C\CC1=CCC[C@@H]1NS(=O)(=O)c1ccc2ccccc2c1,399.51200000000017,4.408100000000004,2,3,9,83.47,28,0,0.16831683168316833
DEC_0068,ACT_003,CHEMBL29087,OC(COc1cccc2ccccc12)CN1CCC(Sc2ccccc2)CC1,393.5520000000001,4.836200000000004,1,4,7,32.7,28,0,0.16842105263157894
DEC_0069,ACT_003,CHEMBL279976,N#C/C(=C\c1ccccc1OCCN1CCOCC1)c1noc2ccc(O)cc12,391.427,3.308580000000002,1,7,6,91.75,29,0,0.16981132075471697
DEC_0070,ACT_003,CHEMBL22067,N#C/C(=C\c1ccccc1OCCN1CCCCC1)c1noc2ccc(O)cc12,389.455,4.462280000000004,1,6,6,82.52,29,0,0.1702127659574468
DEC_0071,ACT_003,CHEMBL27920,CCCc1cc2nc(O)nc-2c(O)n1Cc1ccc(-c2ccccc2-c2nn[nH]n2)cc1,427.4680000000001,3.642000000000003,3,7,6,125.63000000000001,32,0,0.1702127659574468
DEC_0072,ACT_003,CHEMBL12431,CN(Cc1ccccc1)Cc1ccn(-c2cc3nc(O)c(O)nc3cc2[N+](=O)[O-])c1,405.4140000000001,3.371900000000003,2,7,6,117.55000000000001,30,0,0.17073170731707318
DEC_0073,ACT_003,CHEMBL18816,c1ccc2nc(COc3ccc(OCc4ccc(Cc5nnn[nH]5)cc4)cc3)ccc2c1,423.47600000000006,4.496700000000003,1,6,8,85.81,32,0,0.17073170731707318
DEC_0074,ACT_003,CHEMBL18518,c1ccc(Cc2nn[nH]n2)c(COc2ccc(OCc3ccc4ccccc4n3)cc2)c1,423.4760000000001,4.496700000000003,1,6,8,85.81,32,0,0.17073170731707318
DEC_0075,ACT_003,CHEMBL20273,O=C(O)CCC/C=C\C[C@H]1[C@H](F)CC[C@@H]1NS(=O)(=O)c1ccc2ccccc2c1,419.51800000000014,4.4360000000000035,2,3,9,83.47,29,0,0.17073170731707318
DEC_0076,ACT_003,CHEMBL418561,CCCc1cc(C=O)cc(=O)n1Cc1ccc(-c2ccccc2-c2nn[nH]n2)cc1,399.454,3.508700000000002,1,5,7,93.52999999999999,30,0,0.17073170731707318
DEC_0077,ACT_003,CHEMBL11747,CC1(C)CC1C(=O)N/C(=C\CCCCSc1ncccc1C(=O)O)C(=O)O,392.4770000000001,3.173000000000001,3,5,10,116.59000000000002,27,0,0.1724137931034483
DEC_0078,ACT_003,CHEMBL25332,CCCc1cc(N)c([N+](=O)[O-])c(=O)n1Cc1ccc(-c2ccccc2-c2nn[nH]n2)cc1,431.4560000000001,3.186600000000001,2,7,7,145.62,32,0,0.1724137931034483
DEC_0079,ACT_003,CHEMBL23778,CCCc1cc(S)cc(=O)n1Cc1ccc(-c2ccccc2-c2nn[nH]n2)cc1,403.511,3.9849000000000023,2,5,6,76.46000000000001,29,0,0.1728395061728395
DEC_0080,ACT_003,CHEMBL283395,CCN(CC)CCNc1ccc(CNS(C)(=O)=O)c2sc3ccccc3c(=O)c12,433.5990000000002,3.217600000000002,2,6,9,78.50999999999999,29,0,0.17333333333333334
DEC_0081,ACT_003,CHEMBL9714,CCCCc1cn(CCCC)c(=O)n1Cc1ccc(-c2ccccc2-c2nn[nH]n2)cc1,430.5560000000001,4.6879000000000035,1,4,10,81.39,32,0,0.17391304347826086
DEC_0082,ACT_003,CHEMBL12311,O=C1CC2(CCCC2)CC(=O)N1CCCCNCC1COc2ccc3ccccc3c2O1,436.5520000000002,4.058800000000002,1,5,7,67.87,32,0,0.17391304347826086
DEC_0083,ACT_003,CHEMBL11787,O=C1CC2(CCCC2)CC(=O)N1CCCCNCC1COc2c(ccc3ccccc23)O1,436.5520000000002,4.058800000000002,1,5,7,67.87,32,0,0.17391304347826086
DEC_0084,ACT_003,CHEMBL18366,c1ccc(Oc2cccc(COc3cccc(OCCCc4nnn[nH]4)c3)n2)cc1,403.44200000000006,3.9776000000000016,1,7,10,95.04,30,0,0.1744186046511628
DEC_0085,ACT_003,CHEMBL279770,c1cc(CCc2cccc(-c3nn[nH]n3)c2)cc(OCc2ccc3ccccc3n2)c1,407.47700000000015,4.779100000000004,1,5,7,76.58,31,0,0.1744186046511628
DEC_0086,ACT_003,CHEMBL28095,CCCc1cc2ncn(C)c2c(=O)n1Cc1ccc(-c2ccccc2-c2nn[nH]n2)cc1,425.49600000000004,3.582900000000002,1,5,6,94.27999999999999,32,0,0.1744186046511628
DEC_0087,ACT_003,CHEMBL28133,OC1CCCC1CN1CCN(CCOC(c2ccc(F)cc2)c2ccc(F)cc2)CC1,430.53900000000016,3.849400000000003,1,4,8,35.94,31,0,0.1744186046511628
DEC_0088,ACT_003,CHEMBL31648,CCN(CC)CCNc1nc(Nc2ccc(N3CCN(C)CC3)cc2)nc2ccccc12,433.6040000000002,3.8789000000000016,2,7,9,59.56,32,0,0.1744186046511628
DEC_0089,ACT_003,CHEMBL416151,OC(CNCCc1ccncc1)COc1ccc(-c2nc(-c3cccs3)c[nH]2)cc1,420.53800000000007,3.7722000000000016,3,6,10,83.06,30,0,0.175
DEC_0090,ACT_003,CHEMBL21097,O=C(O)CCC/C=C\C[C@@H]1[C@@H](CNS(=O)(=O)c2ccc(F)cc2)CC[C@H]1F,401.47500000000014,3.669500000000003,2,3,10,83.47,27,0,0.17525773195876287
DEC_0091,ACT_003,CHEMBL17070,CCc1c(Sc2cc(Cl)cc(Cl)c2)n(COCCO)c(=S)[nH]c1=O,407.3440000000002,3.892690000000003,2,5,7,67.25,24,0,0.17567567567567569
DEC_0092,ACT_003,CHEMBL273783,O=C(O)C(=O)CC(=O)c1ccc(-c2ccc(SCCc3ccncc3)cc2)cc1,405.47500000000014,4.3099000000000025,1,5,9,84.33,29,0,0.17567567567567569
DEC_0093,ACT_003,CHEMBL35405,CCCN1C(=NC#N)N(CCC)[C@H](Cc2ccccc2)[C@H](O)[C@@H](O)[C@H]1Cc1ccccc1,434.5840000000001,3.2054800000000023,2,4,8,83.09,32,0,0.17567567567567569
DEC_0094,ACT_003,CHEMBL280412,CCCCc1nn(CC)c(CO)c1Cc1ccc(-c2ccccc2-c2nn[nH]n2)cc1,416.52900000000005,4.175800000000003,2,5,9,92.51,31,0,0.17582417582417584
DEC_0095,ACT_003,CHEMBL283110,CCc1cc(OCc2ccc(-c3ccccc3-c3nn[nH]n3)cc2)c2c(n1)CCC2,397.4820000000002,4.558800000000003,1,5,6,76.58000000000001,30,0,0.17582417582417584
DEC_0096,ACT_003,CHEMBL18564,c1cc(OCc2cccc(-c3nn[nH]n3)c2)cc(OCc2ccc3ccccc3n2)c1,409.4490000000001,4.572900000000003,1,6,7,85.81,31,0,0.17647058823529413
DEC_0097,ACT_003,CHEMBL18671,c1cc(COc2cccc(OCc3ccc4ccccc4n3)c2)cc(Cc2nnn[nH]2)c1,423.4760000000001,4.496700000000004,1,6,8,85.81,32,0,0.17647058823529413
DEC_0098,ACT_003,CHEMBL18833,c1cc(COc2cccc(-c3nn[nH]n3)c2)cc(OCc2ccc3ccccc3n2)c1,409.4490000000001,4.572900000000003,1,6,7,85.81,31,0,0.17647058823529413
DEC_0099,ACT_003,CHEMBL279948,Cc1nc(N)nc(N)c1Cc1ccc(OCc2ccccc2)c(OCc2ccccc2)c1,426.52000000000015,4.698220000000004,2,6,8,96.28,32,0,0.17647058823529413
DEC_0100,ACT_003,CHEMBL428889,CCCCc1nc(C(O)c2ccc(-c3ccccc3-c3nn[nH]n3)cc2)n(CCCC)n1,431.5440000000002,4.349600000000002,2,6,10,105.39999999999999,32,0,0.17708333333333334
DEC_0101,ACT_004,CHEMBL7611,CC(=O)[C@H]1O[C@@H](Oc2ccc(/C=C(/C)C(=O)N[C@H]3[C@@H](O)[C@@H]4OCO[C@@H]4[C@H](O)[C@@H]3O)cc2O)[C@@H](O)[C@@H]1O,511.4800000000002,-2.4673999999999965,7,12,6,204.46999999999997,36,0,0.16129032258064516
DEC_0102,ACT_004,CHEMBL267436,CC(=O)[C@H]1O[C@@H](Oc2ccc(/C=C(\C)C(=O)N[C@@H]3[C@H](O)[C@@H](O)[C@H]4OCO[C@H]4[C@@H]3O)cc2O)[C@@H](O)[C@@H]1O,511.4800000000002,-2.4673999999999974,7,12,6,204.46999999999997,36,0,0.16129032258064516
DEC_0103,ACT_004,CHEMBL50796,CO[C@@]12[C@H](COC(N)=O)C3=C(C(=O)C(CSC4OC(CO)C(O)C(O)C4O)=C(N)C3=O)N1C[C@@H]1N[C@@H]12,528.5400000000003,-4.137999999999992,7,14,7,237.04,36,0,0.17094017094017094
DEC_0104,ACT_005,CHEMBL274753,CC1OC(SCCC23C[C@H]4C[C@@H](C2)C[C@@H](C3)C4)C(O)C(O)C1O,342.501,2.1536000000000004,3,5,4,69.92,23,0,0.10989010989010989
DEC_0105,ACT_005,CHEMBL12500,C[C@@]1(CO)[C@H](O)CC[C@@]2(C)[C@H]1CCC1C[C@@H]3C[C@@]12CC[C@]3(O)CO,338.4880000000001,2.0858000000000003,4,4,2,80.92,24,0,0.11538461538461539
DEC_0106,ACT_005,CHEMBL29711,C[C@@]1(CO)[C@H](O)CC[C@@]2(C)[C@H]1CC[C@H]1C[C@@H]3C[C@@]12CC[C@]3(O)CO,338.4880000000001,2.0858000000000003,4,4,2,80.92,24,0,0.11538461538461539
DEC_0107,ACT_005,CHEMBL6726,Nc1nc(N)c2c([S+]([O-])c3ccc4ccccc4c3)cccc2n1,334.40400000000005,3.1141000000000023,2,5,2,100.88,24,0,0.12658227848101267
DEC_0108,ACT_005,CHEMBL19799,CCC(C)(C)/N=c1\c(O)c(O)\c1=N/Cc1c(C)cc(C)cc1Cl,334.847,3.4338400000000036,2,4,4,65.18,23,0,0.1282051282051282
DEC_0109,ACT_005,CHEMBL6979,Nc1nc(N)c2cc([S+]([O-])c3ccc4ccccc4c3)ccc2n1,334.40400000000005,3.1141000000000014,2,5,2,100.88,24,0,0.13333333333333333
DEC_0110,ACT_005,CHEMBL279409,Cc1cc(C)cc(Sc2c(C)c(=O)[nH]c(=S)n2COCCO)c1,352.48100000000017,2.9487500000000013,2,5,6,67.25,23,0,0.13333333333333333
DEC_0111,ACT_005,CHEMBL19858,Cc1cc(C#N)cc(Cl)c1C/N=c1\c(O)c(O)\c1=N/C(C)C(C)(C)C,359.85700000000014,3.243100000000002,2,5,3,88.97,25,0,0.13592233009708737
DEC_0112,ACT_005,CHEMBL278369,CCC(C)(C)/N=c1\c(O)c(O)\c1=N/Cc1c(C)cc(C#N)cc1Cl,345.83000000000004,2.9971000000000023,2,5,4,88.97,24,0,0.13725490196078433
DEC_0113,ACT_005,CHEMBL19420,C[C@@H](/N=c1\c(O)c(O)\c1=N/c1ccc(C#N)c(Cl)c1)C(C)(C)C,331.8030000000001,3.066180000000002,2,5,2,88.97,23,0,0.13953488372093023
DEC_0114,ACT_005,CHEMBL19398,Cc1cc(Br)cc(C)c1C/N=c1\c(O)c(O)\c1=N/C(C)(C)C,365.27100000000013,3.152840000000002,2,4,2,65.18,22,0,0.14084507042253522
DEC_0115,ACT_005,CHEMBL269059,Nc1nc(O)c2cc([S+]([O-])c3ccc4ccccc4c3)ccc2n1,335.38800000000003,3.2375000000000016,2,5,2,95.09,24,0,0.14285714285714285
DEC_0116,ACT_005,CHEMBL16826,CC(C)(C)c1cc(-c2nnc(N=C(N)N)s2)cc(C(C)(C)C)c1O,347.4880000000001,3.410600000000002,3,5,2,110.41,24,0,0.14285714285714285
DEC_0117,ACT_005,CHEMBL286468,C=C1/C(=C\C=C2/CCC[C@@]3(C)C2CC[C@]3(O)C(=O)CO)CC(O)C[C@@H]1O,362.46600000000007,1.8036999999999987,4,5,3,97.99000000000001,26,0,0.14285714285714285
DEC_0118,ACT_005,CHEMBL274820,CCCCC[C@@H]1/C=C\C2[C@H](O)C[C@H](O)[C@@H]2C/C=C\CCCC(=O)O1,336.47200000000015,3.522800000000003,2,4,4,66.76,24,0,0.14606741573033707
DEC_0119,ACT_005,CHEMBL8829,O=Cc1ccn(-c2cc3c(cc2Cl)nc(O)n2nc(C(=O)O)cc32)c1,356.7250000000001,2.5428999999999995,2,5,3,109.72000000000001,25,0,0.14736842105263157
DEC_0120,ACT_005,CHEMBL10540,CC(/C=C/C(=O)C1=C(O)CN(C)C1=O)=C\c1c(O)ccc2ccccc12,349.386,3.358100000000002,2,4,4,77.84,26,0,0.14772727272727273
DEC_0121,ACT_005,CHEMBL25660,O=C(O)c1ccc2oc3ccc([S+]([O-])CCO)cc3c(=O)c2c1,332.3330000000001,1.7443,2,5,4,110.80000000000001,23,0,0.14772727272727273
DEC_0122,ACT_005,CHEMBL20923,O=[N+]([O-])c1ccc(S(=O)(=O)Nc2cc(Cl)cc3cc[nH]c23)cc1,351.771,3.5303000000000013,2,4,4,105.1,23,0,0.14925373134328357
DEC_0123,ACT_005,CHEMBL279962,N=C(N)c1ccc2oc(CCc3cc4cc(C(=N)N)ccc4o3)cc2c1,346.39000000000004,3.5323400000000014,4,4,5,126.02000000000001,26,0,0.15
DEC_0124,ACT_005,CHEMBL278299,CC(/N=c1\c(O)c(O)\c1=N/c1cncc(Br)c1)C(C)(C)C,352.2320000000001,2.6986000000000008,2,5,2,78.07000000000001,21,0,0.1506849315068493
DEC_0125,ACT_005,CHEMBL19446,Cc1cc(Cl)cc(Cl)c1C/N=c1\c(O)c(O)\c1=N/C(C)(C)C,341.2380000000001,3.388720000000003,2,4,2,65.18,22,0,0.1527777777777778
DEC_0126,ACT_005,CHEMBL10691,OC(c1ccc(F)cc1)C(O)(Cn1cncn1)c1ccc(F)cc1,331.322,2.1776999999999997,2,4,5,71.17,24,0,0.15384615384615385
DEC_0127,ACT_005,CHEMBL273730,O=C1CCC/C=C\C[C@@H]2C(/C=C\[C@@H](COc3ccccc3)O1)[C@H](O)C[C@@H]2O,372.46100000000007,3.021500000000002,2,5,3,75.99000000000001,27,0,0.15384615384615385
DEC_0128,ACT_005,CHEMBL275401,C[C@@H](/N=c1\c(O)c(O)\c1=N/c1ccc(C#N)c2c1CCCC2)C(C)(C)C,351.45000000000016,3.2915800000000015,2,5,2,88.97,26,0,0.15384615384615385
DEC_0129,ACT_005,CHEMBL27223,c1ccc2c(CC3=NCCN3)c3ccccc3c(CC3=NCCN3)c2c1,342.44600000000014,3.0814000000000012,2,4,4,48.78,26,0,0.15384615384615385
DEC_0130,ACT_005,CHEMBL417098,CCC(C)(C)/N=c1\c(O)c(O)\c1=N/Cc1ccc(C#N)c(Cl)c1,331.803,2.6886800000000015,2,5,4,88.97,23,0,0.15476190476190477
DEC_0131,ACT_005,CHEMBL277124,CONC1=NC(=O)/C(=C/c2cc(C(C)(C)C)c(O)c(C(C)(C)C)c2)O1,346.42700000000013,3.3919000000000024,2,5,2,80.15,25,0,0.1566265060240964
DEC_0132,ACT_005,CHEMBL7802,CCN(CC)CCNc1ccc2ncn3c4cc(O)ccc4c(=O)c1c23,350.42200000000014,2.8980000000000006,2,5,6,69.87,26,0,0.15730337078651685
DEC_0133,ACT_005,CHEMBL11661,CCC/C=C(\NC(=O)C1CC1(Br)Br)C(=O)O,355.026,2.3772,2,2,5,66.4,16,0,0.15942028985507245
DEC_0134,ACT_005,CHEMBL16251,CC(C)c1cc(/C=C2\SC(N=C(N)N)=NC2=O)cc(C(C)C)c1O,346.4560000000001,2.882700000000001,3,4,3,114.05999999999999,24,0,0.16
DEC_0135,ACT_005,CHEMBL277719,CC(/N=c1\c(O)c(O)\c1=N/Cc1ccc(C#N)cc1Cl)C(C)(C)C,345.83000000000004,2.934680000000001,2,5,3,88.97,24,0,0.16
DEC_0136,ACT_005,CHEMBL20429,OC1CCCCC1N1CCC(C2CCN(C3CCCCC3O)CC2)CC1,364.57400000000024,3.017400000000001,2,4,3,46.94,26,0,0.16129032258064516
DEC_0137,ACT_005,CHEMBL25404,O=C(O)/C=C/c1cn2c3c(nc(O)c2n1)-c1cccc(CC(=O)O)c1C3,351.3180000000002,1.731,3,5,4,125.02,26,0,0.16129032258064516
DEC_0138,ACT_005,CHEMBL19105,CCC(C)(C)/N=c1\c(O)c(O)\c1=N/Cc1ccc(C#N)cc1Cl,331.803,2.6886800000000015,2,5,4,88.97,23,0,0.16161616161616163
DEC_0139,ACT_005,CHEMBL278829,CCC(C)(C)/N=c1\c(O)c(O)\c1=N/Cc1ccc(F)c(Cl)c1,324.783,2.956100000000002,2,4,4,65.18,22,0,0.16216216216216217
DEC_0140,ACT_005,CHEMBL22073,Clc1cc(N=NN2CCCC2)cc(Cl)c1NC1=NCCN1,327.21900000000005,3.4590000000000005,2,5,3,64.38,21,0,0.16216216216216217
DEC_0141,ACT_005,CHEMBL16878,CC(C)(C)c1cc(-c2nnc(N=C(N)N)o2)cc(C(C)(C)C)c1O,331.4200000000001,2.9421000000000013,3,5,2,123.55,24,0,0.16216216216216217
DEC_0142,ACT_005,CHEMBL8675,CN1CC=C(c2c(O)cc(O)c3c(=O)cc(-c4ccccc4)oc23)CC1,349.38600000000014,3.5901000000000023,2,5,2,73.91,26,0,0.16304347826086957
DEC_0143,ACT_005,CHEMBL269454,OC(c1ccccc1Cl)C(O)(Cn1cncn1)c1ccccc1Cl,364.2320000000001,3.2063000000000015,2,4,5,71.17,24,0,0.16417910447761194
DEC_0144,ACT_005,CHEMBL269210,CC(O)(c1ccc(F)cc1)C(O)(Cn1cncn1)c1ccccc1Cl,361.8040000000001,2.866100000000001,2,4,5,71.17,25,0,0.16455696202531644
DEC_0145,ACT_005,CHEMBL19829,CCC(C)(C)/N=c1\c(O)c(O)\c1=N/Cc1ccc(F)cc1Cl,324.783,2.956100000000002,2,4,4,65.18,22,0,0.16470588235294117
DEC_0146,ACT_005,CHEMBL19329,N[C@@H](COCc1ccc(I)cc1)Cc1c[nH]cn1,357.19500000000005,2.1008999999999998,2,3,6,63.93,18,0,0.16483516483516483
DEC_0147,ACT_005,CHEMBL416365,N[C@H](COCc1ccc(I)cc1)Cc1c[nH]cn1,357.19500000000005,2.1008999999999998,2,3,6,63.93,18,0,0.16483516483516483
DEC_0148,ACT_005,CHEMBL8373,CCN(CC)CCNc1ccc2ncn3c4c(O)cccc4c(=O)c1c23,350.42200000000014,2.8980000000000006,2,5,6,69.87,26,0,0.16666666666666666
DEC_0149,ACT_005,CHEMBL269032,N=C(N)c1ccc(N2CCCN(c3ccc(C(=N)N)cc3)CC2)cc1,336.4430000000001,1.9714399999999999,4,4,4,106.22000000000001,25,0,0.16666666666666666
DEC_0150,ACT_005,CHEMBL429203,OC(c1ccccc1Cl)C(O)(Cn1cncn1)c1ccc(F)cc1,347.77700000000004,2.692,2,4,5,71.17,24,0,0.16666666666666666
DEC_0151,ACT_005,CHEMBL16243,O=C(O)[C@@H]1C[C@H]2C[C@@H](c3ccc(Cc4nnn[nH]4)cc3)CC[C@H]2CN1,341.41500000000013,1.7368999999999997,3,5,4,103.78999999999999,25,0,0.16666666666666666
DEC_0152,ACT_005,CHEMBL417625,O=C(O)[C@@H]1C[C@H]2C[C@@H](Cc3ccc(-c4nn[nH]n4)cc3)CC[C@H]2CN1,341.41500000000013,1.8881999999999999,3,5,4,103.79,25,0,0.16666666666666666
DEC_0153,ACT_005,CHEMBL17104,CC(C)(C)c1cc(-c2nsc(N=C(N)N)n2)cc(C(C)(C)C)c1O,347.4880000000001,3.410600000000002,3,5,2,110.41,24,0,0.16666666666666666
DEC_0154,ACT_006,CHEMBL283774,O=[N+]([O-])c1ccc(N(CCBr)CCBr)cc1,352.02599999999995,3.1910000000000016,0,3,6,46.38,16,0,0.12903225806451613
DEC_0155,ACT_006,CHEMBL18965,CCCCCCc1nc2c([nH]1)N1CC3(CCCC3)N=C1N(C)C2=O,329.44800000000004,3.1069000000000013,1,4,5,64.59,24,0,0.13253012048192772
DEC_0156,ACT_006,CHEMBL416004,O=[N+]([O-])c1cc(/C=N/c2ccc(-c3ncon3)cc2)ccc1Cl,328.71500000000003,4.048800000000002,0,6,4,94.42,23,0,0.13829787234042554
DEC_0157,ACT_006,CHEMBL17897,CCN(CC)c1nc(C)nc2c1sc(=O)n2-c1c(C)cc(C)cc1C,356.4950000000001,3.922080000000003,0,5,4,51.02,25,0,0.13924050632911392
DEC_0158,ACT_006,CHEMBL12597,CCCCC[C@](C)(O)/C=C/C1[C@H](O)C[C@@H]2OC(=O)CCC/C=C\C[C@H]12,350.49900000000014,3.912900000000003,2,4,6,66.75999999999999,25,0,0.14285714285714285
DEC_0159,ACT_006,CHEMBL12539,CCCCC[C@](C)(O)/C=C/C1[C@@H]2C[C@@H](O)[C@H]1C/C=C\CCCC(=O)O2,350.4990000000002,3.912900000000003,2,4,6,66.76,25,0,0.14285714285714285
DEC_0160,ACT_006,CHEMBL16793,CCc1c(Sc2cc(C)cc(C)c2)n(COCCO)c(=S)[nH]c1=O,366.50800000000004,3.202730000000001,2,5,7,67.25,24,0,0.14285714285714285
DEC_0161,ACT_006,CHEMBL12584,CCCCC[C@@H]1/C=C\C2[C@H](O)CC(=O)[C@@H]2C/C=C\CCCC(=O)O1,334.45600000000013,3.7310000000000025,1,4,4,63.599999999999994,24,0,0.14444444444444443
DEC_0162,ACT_006,CHEMBL276380,CCCCC[C@@H]1/C=C\C2C(=O)CC(O)[C@@H]2C/C=C\CCCC(=O)O1,334.45600000000013,3.7310000000000034,1,4,4,63.599999999999994,24,0,0.14444444444444443
DEC_0163,ACT_006,CHEMBL263879,CCN(CC)/C(=N\C#N)C1=CC(C)(C)Oc2ccc([N+](=O)[O-])cc21,328.37200000000007,3.370580000000002,0,5,4,91.76,24,0,0.14444444444444443
DEC_0164,ACT_006,CHEMBL277515,C=CCONC1=NC(=O)/C(=C/c2cc(C(C)(C)C)c(O)c(C(C)(C)C)c2)O1,372.46500000000015,3.948100000000003,2,5,4,80.15,27,0,0.14606741573033707
DEC_0165,ACT_006,CHEMBL268102,CN(C)c1ncnc2c1ncn2C(c1ccccc1)c1ccccc1,329.40700000000004,3.530000000000002,0,4,4,46.84,25,0,0.14666666666666667
DEC_0166,ACT_006,CHEMBL31390,c1ccc(CNc2nc(Cc3ccncc3)nc3ccsc23)cc1,332.4320000000001,4.289200000000004,1,5,5,50.7,24,0,0.14705882352941177
DEC_0167,ACT_006,CHEMBL20022,CCCC1(CCC)C(=O)C(C(=O)C(C)C)=C(O)C(C(=O)C(C)C)=C1O,350.4550000000001,4.230100000000003,2,5,8,91.67,25,0,0.14754098360655737
DEC_0168,ACT_006,CHEMBL7648,CC1=CC(C)(C)N(C)c2ncc(/C=C/C(C)=C\C=N\N=C(/N)S)cc21,355.5110000000001,3.903100000000002,2,4,4,66.87,25,0,0.14772727272727273
DEC_0169,ACT_006,CHEMBL22042,CCCn1c(=O)c2c(nc(C3CCCCC3)n2C)n(CCC)c1=O,332.4480000000001,2.764400000000001,0,3,5,61.82,24,0,0.1506849315068493
DEC_0170,ACT_006,CHEMBL10956,CC(/C=C/C(=O)C1=C(O)CN(C)C1=O)=C\c1cccc2ccccc12,333.38700000000006,3.6525000000000025,1,3,4,57.61,25,0,0.1511627906976744
DEC_0171,ACT_006,CHEMBL12741,CCCCC(C)(C)[C@H](O)/C=C/C1[C@H](O)C[C@@H]2OC(=O)CCC/C=C\C[C@H]12,364.5260000000002,4.158900000000004,2,4,6,66.75999999999999,26,0,0.15151515151515152
DEC_0172,ACT_006,CHEMBL17121,Nc1nc2c(cnn2CCCc2ccccc2)c2nc(-c3ccco3)nn12,359.3930000000001,2.9490000000000007,1,6,5,100.06,27,0,0.15476190476190477
DEC_0173,ACT_006,CHEMBL18450,c1ccc(OCc2ccc3ccccc3n2)c(OCCCc2nnn[nH]2)c1,361.4050000000001,3.3385000000000007,1,6,8,85.81,27,0,0.15476190476190477
DEC_0174,ACT_006,CHEMBL18817,CCCCCCCCc1nc2c([nH]1)N1C(=N[C@@H]3CCC[C@@H]31)N(C)C2=O,343.47500000000014,3.4954000000000027,1,4,7,64.59,25,0,0.15555555555555556
DEC_0175,ACT_006,CHEMBL277317,CCCCCCCc1nc2c([nH]1)N1C(=N[C@@H]3CCC[C@@H]31)N(C)C2=O,329.4480000000001,3.1053000000000015,1,4,6,64.59,24,0,0.15555555555555556
DEC_0176,ACT_006,CHEMBL273259,O=C1O[C@H](c2ccccc2)[C@@](Cn2cncn2)(c2ccccc2Cl)O1,355.78100000000006,3.7351000000000028,0,5,4,66.24000000000001,25,0,0.15584415584415584
DEC_0177,ACT_006,CHEMBL279912,c1ccc(N/N=C(\N=N\c2nnnn2-c2ccccc2)c2ccccc2)cc1,368.4040000000001,4.219900000000003,1,6,5,92.71000000000001,28,0,0.15584415584415584
DEC_0178,ACT_006,CHEMBL8834,CC(C)=CC[C@@H](OC(=O)CCl)C1=CC(=O)c2c(O)ccc(O)c2C1=O,364.78100000000006,2.910100000000002,2,6,5,100.9,25,0,0.1566265060240964
DEC_0179,ACT_006,CHEMBL415250,CCCCCc1ccc(C(c2ccns2)N2CCN(C)CC2)cc1,343.54000000000013,4.212600000000004,0,4,7,19.370000000000005,24,0,0.1566265060240964
DEC_0180,ACT_006,CHEMBL277852,CC(C)COc1ccccc1C(c1ccns1)N1CCN(C)CC1,345.51200000000017,3.514700000000002,0,5,6,28.6,24,0,0.1566265060240964
DEC_0181,ACT_006,CHEMBL278717,CCO[C@@]12CCC(=O)[C@@H]3Oc4c(O)ccc5c4[C@@]31CCN(CC1CC1)C2C5,369.46100000000024,2.5696000000000003,1,5,4,59.00000000000001,27,0,0.1568627450980392
DEC_0182,ACT_006,CHEMBL19794,Nc1nc(/C=C/c2ccccc2)c2ncn(Cc3ccccc3)c2n1,327.391,3.627200000000002,1,4,4,69.62,25,0,0.15789473684210525
DEC_0183,ACT_006,CHEMBL16867,Nc1nc2nn(CCc3ccccc3)cc2c2nc(-c3ccco3)nn12,345.3660000000001,2.5589000000000004,1,6,4,100.06,26,0,0.15853658536585366
DEC_0184,ACT_006,CHEMBL17127,Nc1nc2c(cnn2CCc2ccccc2)c2nc(-c3ccco3)nn12,345.36600000000004,2.5589000000000004,1,6,4,100.06,26,0,0.15853658536585366
DEC_0185,ACT_006,CHEMBL29847,Cc1ccc(-c2cc(C(F)F)nn2-c2ccc(S(N)(=O)=O)cc2)o1,353.3500000000001,3.0257199999999997,1,4,4,91.12,24,0,0.15853658536585366
DEC_0186,ACT_006,CHEMBL12015,CCCCC[C@]1(C)/C=C\C2[C@H](O)C[C@H](O)[C@@H]2C/C=C\CCCC(=O)O1,350.4990000000002,3.912900000000003,2,4,4,66.76,25,0,0.1590909090909091
DEC_0187,ACT_006,CHEMBL23179,Cc1ccc(S(=O)(=O)N(C)NSc2ccccc2[N+](=O)[O-])cc1,353.4250000000001,2.735620000000001,1,6,6,92.55000000000001,23,0,0.15942028985507245
DEC_0188,ACT_006,CHEMBL284899,CCC(C)(O)C#Cc1nc(Nc2ccccc2)c2ncn(C(C)C)c2n1,349.4380000000001,3.663300000000002,2,5,4,75.86000000000001,26,0,0.1595744680851064
DEC_0189,ACT_006,CHEMBL25514,NC/C(=N\O)c1ccc(Sc2cc(F)cc(C3CCOCC3)c2)cc1,360.4540000000002,4.007900000000003,2,5,5,67.84,25,0,0.1595744680851064
DEC_0190,ACT_006,CHEMBL273497,O=C1O[C@H](c2ccc(F)cc2)[C@@](Cn2cncn2)(c2ccc(F)cc2)O1,357.3160000000001,3.3599000000000014,0,5,4,66.24000000000001,26,0,0.16049382716049382
DEC_0191,ACT_006,CHEMBL17603,CC1(C)CC(=O)c2c(SCCO)sc(-c3nccs3)c2C1,339.50700000000006,4.111100000000003,1,6,4,50.19,21,0,0.16049382716049382
DEC_0192,ACT_006,CHEMBL20227,CC(C)c1cccc(OCc2cccc(N3C(N)=NC(N)=NC3(C)C)c2)c1,365.4810000000001,3.5745000000000013,2,6,5,89.23,27,0,0.16129032258064516
DEC_0193,ACT_006,CHEMBL268947,CN(C)CCCCCNc1ccc2ncn3c4ccc(O)cc4c(=O)c1c23,364.4490000000002,3.288100000000001,2,5,7,69.87,27,0,0.16161616161616163
DEC_0194,ACT_006,CHEMBL12731,CCCCC[C@@H]1/C=C\C2[C@H](O)CC(=O)[C@@H]2CCCCCCC(=O)O1,336.4720000000001,3.9550000000000036,1,4,4,63.599999999999994,24,0,0.1625
DEC_0195,ACT_006,CHEMBL25172,CCCc1cc2c(cc1O)C(C)(C)C(CCSCCC(=O)O)O2,338.4690000000001,3.9813000000000027,2,4,8,66.76,23,0,0.1625
DEC_0196,ACT_006,CHEMBL276506,CONC1=NC(=O)/C(=C/c2cc(C(C)C)c(O)c(C(C)C)c2)S1,334.44100000000003,3.7603000000000026,2,5,4,70.92,23,0,0.16279069767441862
DEC_0197,ACT_006,CHEMBL10387,CC(/C=C/C(=O)C1=C(O)CN(C)C1=O)=C\c1ccnc2ccccc12,334.37500000000006,3.047500000000001,1,4,4,70.5,25,0,0.16304347826086957
DEC_0198,ACT_006,CHEMBL21077,CC1(C)N=C(N)N=C(N)N1c1cccc(SCc2ccc(Cl)cc2)c1,373.9130000000001,3.817800000000002,2,6,4,79.99999999999999,25,0,0.1643835616438356
DEC_0199,ACT_006,CHEMBL267024,CC(C)=CC[C@@H](OC(=O)C=C(C)C)C1=CC(=O)c2c(O)ccc(O)c2C1=O,370.4010000000001,3.6375000000000033,2,6,5,100.9,27,0,0.16455696202531644
DEC_0200,ACT_006,CHEMBL418532,CCCCC[C@@H]1/C=C\C2[C@H](O)C[C@H](O)[C@@H]2CCCCCCC(=O)O1,338.4880000000001,3.746800000000003,2,4,4,66.76,24,0,0.16455696202531644
DEC_0201,ACT_006,CHEMBL417106,Cc1cc(C(c2cccc([N+](=O)[O-])c2)N2CCN(C)CC2)sn1,332.42900000000003,2.6965200000000014,0,6,4,62.510000000000005,23,0,0.16455696202531644
DEC_0202,ACT_006,CHEMBL268867,OCCNc1nc2ccc(Cl)cc2c2nc(-c3ccco3)nn12,329.747,2.5951000000000004,2,6,4,88.48,23,0,0.16483516483516483
DEC_0203,ACT_006,CHEMBL276843,[O-][N+]1(Cn2c(SCc3ccccn3)nc3ccccc32)CCOCC1,356.45100000000025,3.025900000000002,0,5,5,63.0,25,0,0.16483516483516483
DEC_0204,ACT_007,CHEMBL34184,N#C/C(=C(/N)Sc1ccccc1N)c1cccc(C(O)c2ccc([N+](=O)[O-])cc2[N+](=O)[O-])c1,463.4750000000002,4.110080000000003,3,9,7,182.34,33,0,0.12371134020618557
DEC_0205,ACT_007,CHEMBL280918,C=C(CC[C@H](O)[C@@]1(C)CC[C@H](C(C)(C)O)O1)[C@H]1CC[C@H]2O[C@@H]([C@]3(C)CCC(=O)O3)CC[C@]2(C)O1,480.6420000000004,3.9733000000000036,2,7,7,94.45000000000002,34,0,0.12903225806451613
DEC_0206,ACT_007,CHEMBL416628,CC(=O)OCC/C(COC(C)=O)=C(\CC1(C)C(C)CCC2(C)C1CCCC2(O)CO)OC(C)=O,482.61400000000043,3.676000000000003,2,8,9,119.36000000000001,34,0,0.13636363636363635
DEC_0207,ACT_007,CHEMBL19243,CCCOP(=O)(OCC1C=CC(n2cc(C)c(=O)[nH]c2=O)O1)OCC(Cl)(Cl)Cl,477.6650000000001,3.236720000000001,1,7,9,108.85,28,0,0.1368421052631579
DEC_0208,ACT_007,CHEMBL22592,NC(=O)c1cc([N+](=O)[O-])cc([N+](=O)[O-])c1N(CCBr)CCBr,440.048,2.1981,1,6,8,132.61,22,0,0.136986301369863
DEC_0209,ACT_007,CHEMBL18922,c1cc(CSc2ccc3ccccc3n2)cc(-c2nnn(CCCCc3nnn[nH]3)n2)c1,443.5400000000002,3.7166000000000023,1,8,9,110.95,32,0,0.1414141414141414
DEC_0210,ACT_007,CHEMBL267815,CC[C@@]1(O)C(=O)OCc2c1cc1n(c2=O)Cc2cc3c(CSCCN(C)C)c(O)ccc3nc2-1,481.5740000000003,2.580000000000001,2,8,6,104.89,34,0,0.14285714285714285
DEC_0211,ACT_007,CHEMBL44393,Cc1cc(C)c(S(=O)(=O)N/N=C/c2cc3c(cc2[N+](=O)[O-])NC(CNC(C)C)CC3)c(C)c1,473.5990000000003,3.5571600000000023,3,7,8,125.73,33,0,0.14423076923076922
DEC_0212,ACT_007,CHEMBL23612,NC(=O)c1cc(N(CCBr)CCBr)c([N+](=O)[O-])cc1[N+](=O)[O-],440.0480000000001,2.1981,1,6,8,132.61,22,0,0.14492753623188406
DEC_0213,ACT_007,CHEMBL297036,CC(C)NCC1CCc2cc(/C=N/NS(=O)(=O)c3ccc([N+](=O)[O-])cc3)c([N+](=O)[O-])cc2N1,476.51500000000027,2.5401,3,9,9,168.87000000000003,33,0,0.14563106796116504
DEC_0214,ACT_007,CHEMBL32838,CO[C@@H]1[C@H](OC(=O)/C=C/C=C/C=C/C=C/C(=O)O)CC[C@]2(CO2)[C@H]1[C@@]1(C)O[C@@H]1CC=C(C)C,458.5510000000004,3.9154000000000035,1,6,10,97.89,33,0,0.14606741573033707
DEC_0215,ACT_007,CHEMBL275538,CCc1c2c(nc3cnc(CCCN(C)C)cc13)-c1cc3c(c(=O)n1C2)COC(=O)[C@]3(O)CC,462.5500000000003,2.5312,1,7,6,97.55,34,0,0.14782608695652175
DEC_0216,ACT_007,CHEMBL21682,CC(C)C1=CC2CC3(C=O)[C@@H]4CC[C@@H](C)[C@H]4CC2(CO[C@H]2C[C@@H]4OCO[C@@H]4[C@@H](C)O2)C13C(=O)O,474.5940000000003,3.804000000000003,1,6,6,91.29,34,0,0.1485148514851485
DEC_0217,ACT_007,CHEMBL284622,C=CC(=O)N1C[C@H](OCC23C[C@@H]4[C@H](C)CC[C@H]4C4(C=O)CC2C=C(C(C)C)[C@@]34C(=O)O)OC[C@H]1C,485.62100000000027,3.687000000000002,1,5,7,93.14,35,0,0.1485148514851485
DEC_0218,ACT_007,CHEMBL278228,COC(=O)C[C@]1(O)C[C@H](OC)C[C@H]([C@H](O)/C=C(C)/C=C/[C@@H](C/C=C/Br)OC)O1,463.3650000000001,2.6092000000000004,2,7,10,94.45000000000002,28,0,0.15053763440860216
DEC_0219,ACT_007,CHEMBL287434,C=CCN1C[C@H](OCC23C[C@@H]4[C@H](C)CC[C@H]4C4(C=O)CC2C=C(C(C)C)[C@@]34C(=O)O)OC[C@H]1C,471.63800000000026,4.160400000000003,1,5,8,76.07000000000001,34,0,0.15053763440860216
DEC_0220,ACT_007,CHEMBL29128,CO[C@H]1[C@@H]2O[C@@H]2[C@@H](OCC23C[C@@H]4[C@H](C)CC[C@H]4C4(C=O)CC2C=C(C(C)C)C34C(=O)O)O[C@@H]1C,474.5940000000002,3.4548000000000014,1,6,7,94.59,34,0,0.15151515151515152
DEC_0221,ACT_007,CHEMBL286043,CO[C@H]1[C@H]2O[C@H]2[C@@H](OCC23C[C@@H]4[C@H](C)CC[C@H]4C4(C=O)CC2C=C(C(C)C)C34C(=O)O)O[C@@H]1C,474.5940000000002,3.4548000000000014,1,6,7,94.59,34,0,0.15151515151515152
DEC_0222,ACT_007,CHEMBL283401,CO[C@H]1[C@H]2O[C@H]2[C@H](OCC23C[C@@H]4[C@H](C)CC[C@H]4C4(C=O)CC2C=C(C(C)C)C34C(=O)O)O[C@@H]1C,474.5940000000002,3.4548000000000014,1,6,7,94.59,34,0,0.15151515151515152
DEC_0223,ACT_007,CHEMBL278331,Nc1nc2c(cnn2CCc2ccccc2)c2nc(-c3ccc(CN4CCOCC4)o3)nn12,444.4990000000003,2.3911000000000007,1,8,6,112.53,33,0,0.15454545454545454
DEC_0224,ACT_007,CHEMBL279002,CCN(CC)C(=O)c1cc(=O)c(C)c2oc3c(C)c(O)c(N)c(C(=O)N(CC)CC)c3nc1-2,454.52700000000027,3.1614400000000016,2,7,6,129.97,33,0,0.15476190476190477
DEC_0225,ACT_007,CHEMBL39515,CCN(CC)CCn1nc2c3c(c(NCCN4CCOC4=O)ccc31)Sc1ccc(O)cc1-2,467.5950000000002,4.079400000000002,2,7,9,82.86,33,0,0.15625
DEC_0226,ACT_007,CHEMBL274008,Cc1cn(C2C=CC(COP(=O)(OCC(F)(F)F)OCC(F)(F)F)O2)c(=O)[nH]c1=O,468.2430000000001,2.5811200000000003,1,7,8,108.85,30,0,0.15853658536585366
DEC_0227,ACT_007,CHEMBL266066,C#CCN(Cc1cc2c(O)nc(C)nc2cc1C)c1ccc(C(=O)NCc2cncs2)c(F)c1,475.54900000000015,4.117640000000002,2,7,7,91.24,34,0,0.16
DEC_0228,ACT_007,CHEMBL38299,C=Cc1ccc(-c2ccc(OCC(CN3C(=O)N(C)C(C)(C)C3=O)N(O)C=O)cc2)cc1,437.4960000000001,3.2642000000000015,1,5,9,90.39000000000001,32,0,0.16161616161616163
DEC_0229,ACT_007,CHEMBL10858,CCCCC(=O)O[C@]1(C(=O)CO)C(C)CC2C3CCC4=CC(=O)C=CC4(C)[C@@]3(F)C(O)CC21C,476.58500000000026,3.6368000000000027,2,6,6,100.90000000000002,34,0,0.1619047619047619
DEC_0230,ACT_007,CHEMBL20795,CN1CCN(Cc2ccc(-c3nc4c5cnn(CCc6ccccc6)c5nc(N)n4n3)o2)CC1,457.5420000000002,2.3063000000000002,1,8,6,106.54,34,0,0.16304347826086957
DEC_0231,ACT_007,CHEMBL8810,CCCCn1c(=O)[nH]c2[nH]c(-c3ccc(S(=O)(=O)Oc4cccc([N+](=O)[O-])c4)cc3)nc2c1=O,485.47800000000024,2.5559000000000003,2,8,8,170.05,34,0,0.16346153846153846
DEC_0232,ACT_007,CHEMBL266065,C#CCN(Cc1ccc2nc(C)nc(O)c2c1)c1ccc(C(=O)NCc2ccccc2[N+](=O)[O-])cc1,481.51200000000017,4.121820000000003,2,7,8,121.49000000000001,36,0,0.16363636363636364
DEC_0233,ACT_007,CHEMBL269664,COc1ccc2c3c1OC1[C@H](O)[C@@](C=CCCCc4ccccc4)(CO)CC4C(C2)N(C)CCC341,475.6290000000003,3.892800000000003,2,5,7,62.160000000000004,35,0,0.16379310344827586
DEC_0234,ACT_007,CHEMBL284119,O=c1ccn([C@@H]2O[C@H](COC(c3ccccc3)(c3ccccc3)c3ccccc3)[C@H]3OC23)c(=O)[nH]1,468.5090000000001,3.2101000000000015,1,5,7,85.85,35,0,0.16455696202531644
DEC_0235,ACT_007,CHEMBL6279,Cn1cc(C2=C(c3cn(CCC/N=C(\N)N[N+](=O)[O-])c4ccccc34)C(=O)NC2=O)c2ccccc21,485.5040000000002,2.1862999999999992,3,5,7,149.57999999999998,36,0,0.16470588235294117
DEC_0236,ACT_007,CHEMBL275125,OC[C@@]1(CCCc2ccccc2)CC2C3Cc4ccc(O)c5c4C2(CCN3CC2CC2)C(O5)[C@@H]1O,475.62900000000036,3.8138000000000036,3,5,7,73.16000000000001,35,0,0.16494845360824742
DEC_0237,ACT_007,CHEMBL418425,O=C1OCCN1CCNc1ccc2c3c(nn2CCNCCO)-c2ccccc2Sc13,439.5410000000002,2.613900000000001,3,7,9,91.65,31,0,0.16666666666666666
DEC_0238,ACT_007,CHEMBL412854,CCCCn1c(=O)[nH]c2[nH]c(-c3ccc(S(=O)(=O)Oc4ccc([N+](=O)[O-])cc4)cc3)nc2c1=O,485.47800000000024,2.5559000000000003,2,8,8,170.05,34,0,0.16666666666666666
DEC_0239,ACT_007,CHEMBL269604,O=C1[C@@H](NS(=O)(=O)c2ccc(-c3ccon3)s2)CCN1Cc1cc2c[nH]ccc-2n1,443.5100000000002,2.3103999999999996,2,7,6,121.18999999999998,30,0,0.168141592920354
DEC_0240,ACT_007,CHEMBL278605,Nc1nc2c(cnn2CCCc2ccc(S(=O)(=O)O)cc2)c2nc(-c3ccco3)nn12,439.4570000000001,2.1957000000000004,2,8,6,154.42999999999998,31,0,0.16842105263157894
DEC_0241,ACT_007,CHEMBL13084,CCCCn1c(=O)c2c(nc3n(Cc4cccs4)c(O)c(CCC)c(=O)n23)n(CCCC)c1=O,485.6100000000004,3.340700000000002,1,6,10,103.53,34,0,0.16853932584269662
DEC_0242,ACT_007,CHEMBL268151,C#CCN(Cc1cc2c(O)nc(C)nc2cc1C)c1ccc(C(=O)NCc2nccs2)c(F)c1,475.54900000000015,4.117640000000002,2,7,7,91.24,34,0,0.16981132075471697
DEC_0243,ACT_007,CHEMBL267056,CCCCc1nc2c(=O)[nH][nH]c(=O)c2n1Cc1ccc(-c2ccccc2-c2nn[nH]n2)cc1,442.4830000000001,2.6509,3,6,7,138.0,33,0,0.1702127659574468
DEC_0244,ACT_007,CHEMBL11890,Nn1c(SCCCN2CCN(c3ccccc3[N+](=O)[O-])CC2)nc2sccc2c1=O,446.5580000000002,2.3844000000000003,1,9,7,110.53,30,0,0.1702127659574468
DEC_0245,ACT_007,CHEMBL9462,COC(=O)C[C@@H](c1ccc(OC)nc1)N(C)C(=O)CCCCc1nc2c(cc1N)CCCN2,455.55900000000037,2.9011000000000005,2,8,10,119.67,33,0,0.17117117117117117
DEC_0246,ACT_007,CHEMBL278810,CCOC(=O)c1cnc2ccc(C3(CCC(=O)CCc4ccoc4)CCC(=O)NC3=O)cc2c1O,478.50100000000026,3.3666000000000023,2,8,9,135.79999999999998,35,0,0.17142857142857143
DEC_0247,ACT_007,CHEMBL6775,C#CCN(Cc1ccc2nc(C)nc(O)c2c1)c1ccc(C(=O)NCc2ccc([N+](=O)[O-])cc2)cc1,481.51200000000017,4.121820000000002,2,7,8,121.49000000000001,36,0,0.17204301075268819
DEC_0248,ACT_007,CHEMBL30104,CCN(CC)CCn1nc2c3c(c(CNS(C)(=O)=O)ccc31)Sc1ccc(O)cc1-2,446.5980000000002,3.264500000000001,2,6,8,87.46000000000001,30,0,0.1724137931034483
DEC_0249,ACT_007,CHEMBL281115,CCN(CC)C(=O)c1c2nc3c(C(=O)N(CC)CC)ccc(C)c3oc-2c(C)c(=O)c1N,438.52800000000025,3.455840000000001,1,6,6,109.74,32,0,0.1728395061728395
DEC_0250,ACT_007,CHEMBL17871,CC1OC(SCCCc2ccc(C(F)(F)C(F)(F)c3ccccc3)cc2)C(O)C(O)C1O,474.5160000000001,4.063700000000008,3,5,8,69.92,32,0,0.17333333333333334
DEC_0251,ACT_007,CHEMBL276548,C[S+]([O-])c1ccc(-c2nc(-c3cccc(NS(C)(=O)=O)c3)c(-c3ccncc3)[nH]2)cc1,452.56100000000015,3.914600000000002,2,5,6,110.80000000000001,31,0,0.17346938775510204
DEC_0252,ACT_007,CHEMBL40977,COc1cc(O)c2c(c1)C(=O)c1cc(CN(CCCl)CCCl)cc(OC)c1C2=O,438.30700000000013,3.464400000000002,1,6,8,76.07,29,0,0.17391304347826086
DEC_0253,ACT_007,CHEMBL58771,C[C@@H](n1cnc2cc(N3CCOC3=O)ccc2c1=O)[C@](O)(Cn1cncn1)c1ccc(F)cc1F,482.4470000000001,2.3718000000000004,1,7,6,115.37,35,0,0.1743119266055046
DEC_0254,ACT_008,CHEMBL15661,CN(C)CCCNCc1cccc2c1Oc1c(CNCCCN(C)C)cccc1C2(C)C,438.66000000000025,4.200800000000003,2,5,12,39.77,32,0,0.14864864864864866
DEC_0255,ACT_008,CHEMBL36118,N#CN=C1N(CC2CC2)[C@H](Cc2ccccc2)[C@H](O)[C@@H](O)[C@@H](Cc2ccccc2)N1CC1CC1,458.6060000000003,3.2054800000000023,2,4,8,83.09,34,0,0.16666666666666666
DEC_0256,ACT_008,CHEMBL416198,OC1CCCCCC1CN1CCN(CCOC(c2ccc(F)cc2)c2ccc(F)cc2)CC1,458.59300000000013,4.629600000000004,1,4,8,35.94,33,0,0.1724137931034483
DEC_0257,ACT_008,CHEMBL285566,OC(CCN1CCN(CCOC(c2ccc(F)cc2)c2ccc(F)cc2)CC1)c1ccco1,456.5330000000002,4.405100000000004,1,5,10,49.08,33,0,0.1724137931034483
DEC_0258,ACT_008,CHEMBL19202,CCCCc1nn(CC(C)(C)C)c(=O)n1Cc1ccc(-c2ccccc2-c2nn[nH]n2)cc1,445.5710000000001,4.3289000000000035,1,5,8,94.27999999999999,33,0,0.17346938775510204
DEC_0259,ACT_008,CHEMBL29151,OC1CCCCC1CN1CCN(CCOC(c2ccc(F)cc2)c2ccc(F)cc2)CC1,444.56600000000014,4.239500000000003,1,4,8,35.94,32,0,0.1744186046511628
DEC_0260,ACT_008,CHEMBL285180,CCCCN1C(=NC#N)N(CCCC)[C@H](Cc2ccccc2)[C@H](O)[C@@H](O)[C@H]1Cc1ccccc1,462.6380000000001,3.985680000000003,2,4,10,83.09,34,0,0.175
DEC_0261,ACT_008,CHEMBL6422,COC(=O)CC/C=C\CC[C@H]1C(=O)C[C@@H](O)[C@@H]1/C=C/CC(C)(O)CCC1CCCC1,420.5900000000004,4.509800000000004,2,5,12,83.83000000000001,30,0,0.17582417582417584
DEC_0262,ACT_008,CHEMBL23246,O=S(=O)(Nc1cccc(OCCNc2ccncc2)c1)c1ccc2ccccc2c1,419.5060000000001,4.526500000000003,2,5,8,80.32000000000001,30,0,0.17857142857142858
DEC_0263,ACT_008,CHEMBL9642,CCCCc1cn(CCCC)c(=O)n1Cc1ccc(-c2ccccc2-c2nn[nH]n2)nc1,431.5440000000001,4.082900000000002,1,5,10,94.28,32,0,0.17894736842105263
DEC_0264,ACT_008,CHEMBL29065,O[C@@H]1c2ccccc2CC[C@H]1CN1CCN(CCOC(c2ccccc2)c2ccccc2)CC1,456.6300000000001,4.706200000000004,1,4,8,35.94,34,0,0.1794871794871795
DEC_0265,ACT_008,CHEMBL416022,O[C@H]1c2ccccc2CC[C@H]1CN1CCN(CCOC(c2ccccc2)c2ccccc2)CC1,456.6300000000001,4.706200000000004,1,4,8,35.94,34,0,0.1794871794871795
DEC_0266,ACT_008,CHEMBL27763,CCCN(CCCCN1C(=O)CC2(CCCC2)CC1=O)C1COc2cccc(O)c2C1,428.57300000000015,3.897300000000003,1,5,8,70.08000000000001,31,0,0.1797752808988764
DEC_0267,ACT_008,CHEMBL280972,CCN(C/C=C/C#CC(C)(C)C)Cc1cccc(OCCNS(=O)(=O)c2cccs2)c1,460.66500000000013,4.533000000000004,1,5,11,58.64,31,0,0.18072289156626506
DEC_0268,ACT_008,CHEMBL25908,CCN(CC)CCn1nc2c3c(c(CNS(C)(=O)=O)ccc31)Sc1ccccc1-2,430.59900000000016,3.558900000000002,1,5,8,67.23,29,0,0.18072289156626506
DEC_0269,ACT_008,CHEMBL282277,CN(C)CCCCCNc1cc(-c2ccc(N3CCN(C)CC3)cc2)nc2ccccc12,431.6280000000002,4.797400000000004,1,5,9,34.64,32,0,0.18085106382978725
DEC_0270,ACT_008,CHEMBL22993,CN(C)CCCCNc1cc(-c2ccc(N3CCN(C)CC3)cc2)nc2ccccc12,417.60100000000017,4.407300000000004,1,5,8,34.64,31,0,0.1827956989247312
DEC_0271,ACT_008,CHEMBL267020,NC(N)=NCCC[C@H](N)C(=O)N(Cc1ccc2ccccc2c1)Cc1cccc2ccccc12,453.59000000000015,3.902700000000004,3,3,9,110.73,34,0,0.18292682926829268
DEC_0272,ACT_008,CHEMBL276109,O=C(O)[C@@H]1C[C@@H](Sc2ccccc2)CN1C(=O)CP(=O)(O)CCCCc1ccccc1,461.52000000000027,4.126100000000004,2,4,10,94.91000000000001,31,0,0.18292682926829268
DEC_0273,ACT_008,CHEMBL279121,O=C(O)[C@@H]1C[C@H](Sc2ccccc2)CN1C(=O)CP(=O)(O)CCCCc1ccccc1,461.52000000000027,4.126100000000004,2,4,10,94.91000000000001,31,0,0.18292682926829268
DEC_0274,ACT_008,CHEMBL11186,COCCOCc1ccc2ccccc2c1/C=C(C)/C=C/C(O)=C1\C(=O)CN(C)C1=O,421.4930000000002,3.815500000000003,1,5,8,76.07,31,0,0.1836734693877551
DEC_0275,ACT_008,CHEMBL277020,CCN(CCCN)CCCNc1nccc2c(C)c3[nH]c4ccc(OC)cc4c3cc12,419.5730000000002,4.6590200000000035,3,5,10,79.2,31,0,0.18478260869565216
DEC_0276,ACT_008,CHEMBL26452,CN(c1ccccc1)S(=O)(=O)c1cc(Cl)cc(OCCNc2ccncc2)c1,417.9180000000001,4.051000000000002,1,5,8,71.53,28,0,0.18478260869565216
DEC_0277,ACT_008,CHEMBL280608,CCCN(CCNS(=O)(=O)c1ccc(C)cc1)C1COc2cccc(OC)c2C1,418.55900000000025,2.9976200000000013,1,5,9,67.87,29,0,0.18556701030927836
DEC_0278,ACT_008,CHEMBL417069,O=C(O)COc1cccc2c1CCC(CON=C(c1ccccc1)c1ccccc1)C2,415.4890000000001,4.724100000000004,1,4,8,68.12,31,0,0.18604651162790697
DEC_0279,ACT_008,CHEMBL18712,Ic1ccc(COCCCc2c[nH]cn2)cc1.NCCc1c[nH]cn1,453.3280000000001,3.0746,3,4,8,92.61,25,0,0.18681318681318682
DEC_0280,ACT_008,CHEMBL416194,OCC(c1ccccc1)N1CCN(CCOC(c2ccc(F)cc2)c2ccc(F)cc2)CC1,452.5450000000001,4.422000000000004,1,4,9,35.94,33,0,0.1891891891891892
DEC_0281,ACT_008,CHEMBL28598,OC(CCN1CCN(CCOC(c2ccccc2)c2ccccc2)CC1)c1cccs1,436.62100000000015,4.595400000000004,1,5,10,35.94,31,0,0.1891891891891892
DEC_0282,ACT_008,CHEMBL7078,CCCCCCCCC#Cc1ccc2c(c1OC)C[C@@H](CO)NC(=O)[C@H](C(C)C)N2C,428.6170000000002,4.291300000000003,2,4,9,61.800000000000004,31,0,0.18947368421052632
DEC_0283,ACT_008,CHEMBL9771,CCCCc1cn(-c2ccccc2)c(=O)n1Cc1ccc(-c2ccccc2-c2nn[nH]n2)nc1,451.5340000000001,4.272000000000003,1,5,8,94.28,34,0,0.18947368421052632
DEC_0284,ACT_008,CHEMBL433230,CCCCc1ncc(C(=O)O)n1Cc1cccc2c1ccn2-c1ccccc1-c1nn[nH]n1,441.4950000000001,4.096200000000002,2,5,8,114.51,33,0,0.19
DEC_0285,ACT_008,CHEMBL278530,CN(C)CCCNc1cc(-c2ccc(CN3CCN(C)CC3)cc2)nc2ccccc12,417.60100000000017,4.012800000000003,1,5,8,34.64,31,0,0.19047619047619047
DEC_0286,ACT_008,CHEMBL288182,CCCCCCCCS(=O)(=O)[C@H](C)[C@](O)(Cn1cncn1)c1ccc(F)cc1F,429.5330000000001,3.6079000000000034,1,5,12,85.08,29,0,0.19047619047619047
DEC_0287,ACT_008,CHEMBL33112,CCCCS(=O)(=O)NCCCn1c2c(c3ccccc31)C(=O)CN1CCCCC21,417.5750000000003,3.4742000000000024,1,4,8,71.41,29,0,0.19148936170212766
DEC_0288,ACT_008,CHEMBL31571,OC(CCN1CCN(CCOC(c2ccccc2)c2ccccc2)CC1)c1ccco1,420.55300000000017,4.126900000000004,1,5,10,49.08,31,0,0.1917808219178082
DEC_0289,ACT_008,CHEMBL23323,Cc1ccc(S(=O)(=O)N(C)NP(=O)(Oc2ccccc2)Oc2ccccc2)cc1,432.4380000000001,4.386220000000003,1,5,8,84.94000000000001,29,0,0.1917808219178082
DEC_0290,ACT_008,CHEMBL8287,N[C@H](CCC(=O)O)C(=O)N(Cc1ccc2ccccc2c1)Cc1cccc2ccccc12,426.5160000000002,4.713900000000004,2,3,8,83.63000000000001,32,0,0.19230769230769232
DEC_0291,ACT_008,CHEMBL11779,O=C(O)COc1cccc2c1CCC(Cn1cc(C(c3ccccc3)c3cccnc3)cn1)C2,453.5420000000001,4.726800000000004,1,4,8,77.24,34,0,0.1927710843373494
DEC_0292,ACT_008,CHEMBL23030,O=C(Cc1cccc2ccccc12)N1CCC(CNCCCCNCC2CCCCN2)CC1,450.6710000000004,3.722400000000002,3,4,11,56.400000000000006,33,0,0.1935483870967742
DEC_0293,ACT_008,CHEMBL25214,O=C(Cc1cccc2ccccc12)N1CCC(CNCCCCNCC2CCCN2)CC1,436.64400000000035,3.332300000000002,3,4,11,56.400000000000006,32,0,0.1935483870967742
DEC_0294,ACT_008,CHEMBL36045,O=C(O)C(CCCCn1cnc2c1NC=NCC2O)Cc1ccccc1Br,435.3220000000001,3.2466000000000017,3,5,8,99.74,27,0,0.1935483870967742
DEC_0295,ACT_008,CHEMBL291059,CC(CCCCn1cnc2c1NC=NCC2O)(Cc1cccc(C(F)(F)F)c1)C(=O)O,438.4500000000001,3.8930000000000016,3,5,8,99.74,31,0,0.1935483870967742
DEC_0296,ACT_008,CHEMBL31217,CN1CCN(c2cccc3ccc(OCCOc4ccc5[nH]cc(CCN)c5c4)cc23)CC1,444.57900000000024,4.031900000000002,2,5,8,66.75,33,0,0.19387755102040816
DEC_0297,ACT_008,CHEMBL278616,O[C@@H](CN1CCN(CCOC(c2ccc(F)cc2)c2ccc(F)cc2)CC1)c1ccccc1,452.5450000000002,4.422000000000004,1,4,9,35.94,33,0,0.19444444444444445
DEC_0298,ACT_008,CHEMBL279461,O[C@H](CN1CCN(CCOC(c2ccc(F)cc2)c2ccc(F)cc2)CC1)c1ccccc1,452.5450000000002,4.422000000000004,1,4,9,35.94,33,0,0.19444444444444445
DEC_0299,ACT_008,CHEMBL16277,O=C(O)[C@@H]1C[C@@H](c2ccccc2)CN1C(=O)CP(=O)(O)CCCCc1ccccc1,429.45300000000026,3.7490000000000023,2,3,9,94.91000000000001,30,0,0.19480519480519481
DEC_0300,ACT_008,CHEMBL279178,O=C(O)[C@@H]1C[C@H](c2ccccc2)CN1C(=O)CP(=O)(O)CCCCc1ccccc1,429.45300000000026,3.7490000000000023,2,3,9,94.91000000000001,30,0,0.19480519480519481
DEC_0301,ACT_008,CHEMBL431306,O=C1N(CC2CC2)[C@H](Cc2ccccc2)[C@H](O)[C@@H](O)[C@@H](Cc2ccccc2)N1CC1CC1,434.58000000000027,3.488400000000002,2,3,8,64.01,32,0,0.19480519480519481
DEC_0302,ACT_008,CHEMBL22796,CCCCc1nn(CCC)c(C(=O)O)c1Cc1ccc(-c2ccccc2-c2nn[nH]n2)cc1,444.5390000000001,4.771800000000003,2,5,10,109.58,33,0,0.19540229885057472
DEC_0303,ACT_008,CHEMBL42206,Cc1nn(C)c(N(C)C(=O)CNCCCN2CCCCC2C)c1C(=O)c1ccccc1F,443.5670000000002,2.9155200000000008,1,5,9,70.47,32,0,0.1956521739130435
DEC_0304,ACT_009,CHEMBL297609,CC[C@H]1OC(=O)/C(C)=C/[C@H](C)[C@@H](O[C@@H]2O[C@H](C)C[C@H](N(C)C)[C@H]2O)[C@@](C)(OC)C[C@@H](C)C(=O)[C@H](C)[C@H]2NC(=O)O[C@@]21C,596.7620000000003,3.219000000000002,2,10,5,132.85999999999999,42,0,0.12173913043478261
DEC_0305,ACT_009,CHEMBL295999,CC[C@H]1OC(=O)/C(C)=C/[C@H](C)[C@@H](O[C@@H]2O[C@H](C)C[C@H](N(C)C)[C@H]2O)[C@@](C)(OC)C[C@@H](C)[C@@H]2NCCN3C(=O)O[C@@]1(C)[C@H]3[C@H]2C,623.8320000000002,3.334100000000004,2,10,5,119.03000000000002,44,0,0.12280701754385964
DEC_0306,ACT_009,CHEMBL295144,CC[C@H]1OC(=O)/C(C)=C/[C@H](C)[C@@H](O[C@@H]2O[C@H](C)C[C@H](N(C)C)[C@H]2O)[C@@](C)(OC)C[C@@H](C)[C@@H]2NN3C(=O)O[C@@]1(C)[C@H]3[C@H]2C,595.7780000000001,3.249100000000002,2,10,5,119.03000000000002,42,0,0.12380952380952381
DEC_0307,ACT_009,CHEMBL9117,CC[C@H]1OC(=O)CC(O)[C@H](C)[C@@H](O[C@@H]2O[C@H](C)C[C@H](N(C)C)[C@H]2O)[C@@H](CCN(C)C)C[C@@H](C)C(=O)/C=C/C(C)=C/[C@@H]1C,594.8340000000003,3.821900000000003,2,9,7,108.77000000000001,42,0,0.1282051282051282
DEC_0308,ACT_009,CHEMBL274801,CC[C@H]1OC(=O)CC(O)[C@H](C)[C@@H](O[C@@H]2O[C@H](C)C[C@H](N(C)C)[C@H]2O)[C@@H](CCN2CC(O)C2)C[C@@H](C)C(=O)/C=C/C(C)=C/[C@@H]1C,622.8440000000003,2.9368000000000025,3,10,7,129.0,44,0,0.13445378151260504
DEC_0309,ACT_009,CHEMBL269087,CC[C@H]1OC(=O)CC(O)[C@H](C)[C@@H](O[C@@H]2O[C@H](C)C[C@H](N(C)C)[C@H]2O)[C@@H](CCN(C)C)C[C@@H](C)C(=O)/C=C/[C@]2(C)O[C@H]2[C@@H]1C,610.8330000000003,3.0331000000000037,2,10,7,121.30000000000001,43,0,0.14166666666666666
DEC_0310,ACT_009,CHEMBL288008,CC(C)[C@@H]1NC(=O)CCCCCOc2ccc(cc2)C[C@@H]([C@H](O)CN(C2CCCC2)S(=O)(=O)c2ccc(N)cc2)NC1=O,614.8090000000002,3.3841,4,7,7,151.05999999999997,43,0,0.14285714285714285
DEC_0311,ACT_009,CHEMBL265343,CC[C@H]1OC(=O)CC(O)[C@H](C)[C@@H](O[C@@H]2O[C@H](C)C[C@H](N(C)C)[C@H]2O)[C@@H](CCN2CCOCC2)C[C@@H](C)C(=O)/C=C/C(C)=C/[C@@H]1C,636.8710000000003,3.592500000000003,2,10,7,118.0,45,0,0.14285714285714285
DEC_0312,ACT_009,CHEMBL284064,CO[C@H]1[C@H](O)[C@H]2[C@@H](O[C@@H]1CN=[N+]=[N-])n1c3ccc([N+](=O)[O-])cc3c3c4c(c5c6cc([N+](=O)[O-])ccc6n2c5c31)C(=O)NC4=O,598.4880000000003,3.740700000000002,2,10,5,229.76,44,0,0.14414414414414414
DEC_0313,ACT_009,CHEMBL90641,C=C(C)C12OC3(c4ccccc4)OC1[C@@H]1[C@@H]4O[C@]4(CO)[C@@H](O)[C@]4(O)C(=O)C=C[C@@]4(C)C1(O3)[C@H](C)[C@H]2OC(=O)c1ccccc1,602.6360000000002,2.168399999999999,3,10,5,144.28,44,0,0.14423076923076922
DEC_0314,ACT_009,CHEMBL327914,CC(C)C12OC3(c4ccccc4)OC1[C@@H]1[C@@H]4O[C@]4(CO)[C@@H](O)[C@]4(O)C(=O)C=C[C@@]4(C)C1(O3)[C@H](C)[C@H]2OC(=O)c1ccccc1,604.6520000000003,2.2482999999999995,3,10,5,144.28,44,0,0.14563106796116504
DEC_0315,ACT_009,CHEMBL421636,CO[C@H]1/C=C\C=C(/C)C(=O)NC2=CC(=O)C(NCCc3ccco3)=C(C[C@@H](C)C[C@H](OC)[C@H](O)[C@@H](C)/C=C(\C)[C@@H]1OC(N)=O)C2=O,639.7460000000002,3.1873000000000005,4,10,7,179.42,46,0,0.14655172413793102
DEC_0316,ACT_009,CHEMBL288907,CCC(C)N(C[C@@H](O)[C@@H]1Cc2ccc(cc2)OCCCCCC(=O)N[C@@H](C(C)C)C(=O)N1)S(=O)(=O)c1ccc(N)cc1,602.7980000000002,3.240000000000002,4,7,8,151.06,42,0,0.14814814814814814
DEC_0317,ACT_009,CHEMBL338819,CO[C@H]1/C=C\C=C(/C)C(=O)N(Cc2ccccn2)C2=CC(=O)C(N)=C(C[C@@H](C)C[C@H](OC)[C@H](O)[C@@H](C)/C=C(\C)[C@@H]1OC(N)=O)C2=O,636.7460000000002,3.0283000000000007,3,10,5,184.37,46,0,0.14960629921259844
DEC_0318,ACT_009,CHEMBL435606,CO[C@H]1/C=C\C=C(/C)C(=O)NC2=CC(=O)C(N3CCC3)=C(C[C@@H](C)C[C@H](OC)[C@H](OC(N)=O)[C@@H](C)/C=C(\C)[C@@H]1OC(N)=O)C2=O,628.7230000000003,2.5707000000000013,3,10,5,189.57999999999998,45,0,0.15151515151515152
DEC_0319,ACT_009,CHEMBL119012,COc1cccc2c1C(=O)c1c(O)c3c(c(O)c1C2=O)C[C@@](O)(C(C)=O)C[C@@H]3OC1CC(Br)C(N=[N+]=[N-])C(C)O1,616.421,3.783100000000003,3,10,5,188.35000000000002,40,0,0.1532258064516129
DEC_0320,ACT_009,CHEMBL124840,CO[C@H]1/C=C\C=C(/C)C(=O)NC2=CC(=O)C(NCCCN(C)C)=C(C[C@@H](C)C[C@H](OC)[C@H](O)[C@@H](C)/C=C(\C)[C@@H]1OC(N)=O)C2=O,630.7830000000002,2.303300000000002,4,10,8,169.51999999999998,45,0,0.15517241379310345
DEC_0321,ACT_009,CHEMBL327522,COc1cc2cc(C(=O)N3C[C@H]4C[C@@]45C3=CC(=O)c3[nH]c(C)c(C(=O)OC4CSSCC4O)c35)[nH]c2c(OC)c1OC,611.6980000000001,3.6054200000000023,3,10,6,143.17999999999998,42,0,0.1559633027522936
DEC_0322,ACT_009,CHEMBL273473,CC[C@H]1OC(=O)CC(O)[C@H](C)[C@@H](O[C@@H]2O[C@H](C)C[C@H](N(C)C)[C@H]2O)[C@@H](CCN2CCCC2)C[C@@H](C)C(=O)/C=C/[C@]2(C)O[C@H]2[C@@H]1C,636.8710000000004,3.567300000000004,2,10,7,121.30000000000001,45,0,0.1559633027522936
DEC_0323,ACT_009,CHEMBL197795,CNC(=O)O[C@H]1/C(C)=C/[C@H](C)[C@@H](O)[C@@H](OC)C[C@H](C)CC2=C(NCCN(C)C)C(=O)C=C(NC(=O)/C(C)=C/C=C\[C@@H]1OC)C2=O,630.7830000000004,2.1739000000000015,4,10,7,155.52999999999997,45,0,0.1565217391304348
DEC_0324,ACT_009,CHEMBL332984,COC1=C2C[C@@H](C)C[C@H](OC)[C@H](O)[C@@H](C)/C=C(\C)[C@H](OC(N)=O)[C@@H](OC)/C=C\C=C(/C)C(=O)NC(=C(Br)C1=O)C2=O,639.5400000000002,3.131000000000001,3,9,4,163.48,41,0,0.1574074074074074
DEC_0325,ACT_009,CHEMBL340163,CO[C@H]1/C=C\C=C(/C)C(=O)NC2=CC(=O)C(NC(=O)c3ccco3)=C(C[C@@H](C)C[C@H](OC)[C@H](O)[C@@H](C)/C=C(\C)[C@@H]1OC(N)=O)C2=O,639.7020000000002,2.785,4,10,5,196.49,46,0,0.16393442622950818
DEC_0326,ACT_009,CHEMBL292837,CC(C)C[C@@H]1N[C@H]2N(C1=O)c1ccccc1[C@]2(C[C@@H]1NC(=O)c2ccccc2-n2c1nc1ccccc1c2=O)OC(=O)CCC(=O)O,635.6770000000001,3.554400000000002,3,8,8,159.93,47,0,0.16666666666666666
DEC_0327,ACT_009,CHEMBL432511,CC(C)C[C@H]1C(=O)N2c3ccccc3[C@@](O)(C[C@@H]3NC(=O)c4ccccc4N4C(=O)c5ccccc5NC34)[C@H]2N1C(=O)CCC(=O)O,637.6930000000001,3.269300000000001,4,7,7,159.59,47,0,0.16666666666666666
DEC_0328,ACT_009,CHEMBL301427,CC(C)C[C@H]1C(=O)N2c3ccccc3[C@@](O)(C[C@@H]3NC(=O)c4ccccc4-n4c3nc3ccccc3c4=O)[C@H]2N1C(=O)CCC(=O)O,635.6770000000001,3.2425000000000015,3,7,7,162.14000000000001,47,0,0.16806722689075632
DEC_0329,ACT_009,CHEMBL306727,CC(C)[C@@H]1NC(=O)/C=C\CCCOc2ccc(cc2)C[C@@H]([C@H](O)CN2CC3CCCCC3C[C@H]2C(=O)NC(C)(C)C)NC1=O,610.8400000000003,3.7398000000000025,4,6,5,120.0,44,0,0.168141592920354
DEC_0330,ACT_009,CHEMBL327671,CC(C)C12OC3(c4ccccc4)OC1[C@@H]1[C@@H]4O[C@]4(CO)[C@@H](O)[C@]4(O)C(=O)CC[C@@]4(C)C1(O3)[C@H](C)[C@H]2OC(=O)CCc1ccccc1,634.7220000000002,2.7912999999999997,3,10,7,144.28,46,0,0.16981132075471697
DEC_0331,ACT_009,CHEMBL423423,CC(=O)OC1/C=C\C(C)(O)C(=O)C(C)C/C=C/C2C(O)C(CI)=C(C)C3C(Cc4ccccc4)NC(=O)C123,633.5230000000001,3.476300000000002,3,6,4,112.93,38,0,0.17
DEC_0332,ACT_009,CHEMBL15015,C[C@]12CCC(=O)C=C1CCC1C2=CC[C@@]2(C)C1CC[C@]2(O)C(=O)CN1CCN(Cc2ncccc2O)CC1.O=C(O)/C=C/C(=O)O,635.7580000000004,3.368800000000001,4,9,7,168.57,46,0,0.17142857142857143
DEC_0333,ACT_009,CHEMBL313085,CC(C)C12OC3(c4ccccc4)OC1[C@@H]1[C@@H]4O[C@]4(CO)[C@@H](O)[C@]4(O)C(=O)C=C[C@@]4(C)C1(O3)[C@H](C)[C@H]2OC(=O)CCc1ccccc1,632.7060000000001,2.5672999999999995,3,10,7,144.28,46,0,0.17307692307692307
DEC_0334,ACT_009,CHEMBL287103,CCOC(=O)N[C@@H](c1ccsc1)[C@@H](O)C(=O)OC1CC2C(C)(C)C1(C)[C@@]13C[C@](O)(COC(C)=O)c4ccccc4[C@@]21O3,599.7020000000005,3.6929000000000025,3,10,8,143.92000000000002,42,0,0.17543859649122806
DEC_0335,ACT_009,CHEMBL124755,CO[C@H]1/C=C\C=C(/C)C(=O)NC2=CC(=O)C(NCc3ccccc3)=C(C[C@@H](C)C[C@H](OC)[C@H](O)[C@@H](C)/C=C(\C)[C@@H]1OC(N)=O)C2=O,635.7580000000002,3.551800000000002,4,9,6,166.28,46,0,0.17592592592592593
DEC_0336,ACT_009,CHEMBL110536,N=C(N)c1ccc2oc(C(=O)N3CCN(C(=O)CCCC(=O)N4CCN(C(=O)c5cc6cc(C(=N)N)ccc6o5)CC4)CC3)cc2c1,640.701,2.186440000000001,4,8,8,207.26,47,0,0.17647058823529413
DEC_0337,ACT_009,CHEMBL111892,N[C@@H](Cc1cc(I)c(Oc2ccc(O)c(Cc3ccc(O)nn3)c2)c(I)c1)C(=O)O,633.1800000000003,3.4345000000000017,4,7,7,138.79,30,0,0.18072289156626506
DEC_0338,ACT_009,CHEMBL311816,CC(C)C1C(=O)N2CCCC2(O)C2OC(NC(=O)C3C=C4c5cccc6[nH]c(Br)c(c56)CC4N(C)C3)(C(C)C)CN12,626.5959999999999,3.2761000000000013,3,6,4,101.13999999999999,41,0,0.1810344827586207
DEC_0339,ACT_009,CHEMBL55985,Nc1nc(/C(=N/OC2CCCC2)C(=O)N[C@@H]2C(=O)N3C(C(=O)O)=C(/C=C4\CCN(CC(F)(F)F)C4=O)CS[C@H]23)cs1,614.6280000000003,1.8481999999999992,3,10,8,167.51999999999998,41,0,0.18253968253968253
DEC_0340,ACT_009,CHEMBL429388,C[C@]12C=CC(=O)C=C1CCC1C2[C@H](O)C[C@@]2(C)C1CC[C@]2(O)C(=O)CN1CCN(c2ccccn2)CC1.O=C(O)/C=C/C(=O)O,621.7310000000006,2.494300000000001,4,9,6,168.56999999999996,45,0,0.18269230769230768
DEC_0341,ACT_009,CHEMBL113459,N[C@@H](Cc1cc(I)c(Oc2ccc(O)c(Cc3cnc(O)nc3)c2)c(I)c1)C(=O)O,633.1800000000003,3.4345000000000017,4,7,7,138.79,30,0,0.18518518518518517
DEC_0342,ACT_009,CHEMBL266678,COc1ccc(C[C@H]2NC(=O)/C=C/C[C@@H]([C@@](C)(O)C#Cc3ccccc3)OC(=O)[C@H](CC(C)C)OC(=O)CCNC2=O)cc1,604.7000000000002,2.8611000000000013,3,8,6,140.26000000000002,44,0,0.1864406779661017
DEC_0343,ACT_009,CHEMBL275952,COc1ccc(C[C@H]2NC(=O)/C=C/C[C@@H]([C@](C)(O)C#Cc3ccccc3)OC(=O)[C@H](CC(C)C)OC(=O)CCNC2=O)cc1,604.7000000000002,2.8611000000000013,3,8,6,140.26000000000002,44,0,0.1864406779661017
DEC_0344,ACT_009,CHEMBL292055,CO[C@@H]1[C@@H](OC(=O)c2ccc(C)[nH]2)[C@@H](O)[C@H](Oc2ccc3c(O)c(C(=O)Nc4ccccc4)c(=O)oc3c2C)OC1(C)C,592.6010000000001,3.811040000000002,4,10,7,169.54999999999998,43,0,0.1875
DEC_0345,ACT_009,CHEMBL311371,COc1cccc2c1C(=O)c1c(O)c3c(c(O)c1C2=O)C[C@@](O)(C(C)=O)C[C@@H]3OC1CC(Cl)C(NC(=O)C(F)(F)F)C(C)O1,641.9790000000004,2.9952000000000005,4,10,5,168.69,44,0,0.1885245901639344
DEC_0346,ACT_009,CHEMBL55122,C=C[C@@]1(C)CC(=O)[C@]2(O)C3(C)C(C(O)C(OC(=O)CN4CCC(NC(=O)c5ccccc5)CC4)[C@@]2(C)O1)C(C)(C)CC[C@@H]3O,612.7640000000001,2.3944000000000014,4,9,6,145.63000000000002,44,0,0.1896551724137931
DEC_0347,ACT_009,CHEMBL55255,COc1cccc2c1C(=O)c1c(O)c3c(c(O)c1C2=O)C=C(C(C)=O)C[C@@H]3OC1CC(NC(=O)C(F)(F)F)C(O)C(C)O1,605.5180000000004,2.8585000000000003,4,10,5,168.69,43,0,0.19298245614035087
DEC_0348,ACT_009,CHEMBL407054,CCOC(=O)N[C@@H](c1ccccc1)[C@@H](O)C(=O)OC1CC2C(C)(C)C1(C)[C@@]13C[C@](O)(COC(C)=O)c4ccccc4[C@@]21O3,593.6730000000005,3.631400000000003,3,9,8,143.92000000000002,43,0,0.19444444444444445
DEC_0349,ACT_009,CHEMBL295423,COC1C(OC(=O)c2ccc(C)[nH]2)C(O)C(Oc2ccc3c(O)c(NC(=O)c4ccccc4)c(=O)oc3c2C)OC1(C)C,592.6010000000001,3.811040000000002,4,10,7,169.54999999999998,43,0,0.19642857142857142
DEC_0350,ACT_009,CHEMBL52870,COc1ccc(C[C@H]2NC(=O)/C=C/C[C@@H]([C@H](C)C3OC3c3ccccc3)OC(=O)[C@H](CC(C)C)NC(=O)CCNC2=O)cc1,605.7320000000002,3.4076000000000013,3,7,8,135.35999999999999,44,0,0.19801980198019803
DEC_0351,ACT_009,CHEMBL293324,C=C[C@@]1(C)CC(=O)[C@]2(O)C3(C)C(C(OC(=O)CN4CCC(NC(=O)c5ccccc5)CC4)C(O)[C@@]2(C)O1)C(C)(C)CC[C@@H]3O,612.7640000000001,2.3944000000000014,4,9,6,145.63,44,0,0.19827586206896552
DEC_0352,ACT_009,CHEMBL274130,COc1ccc(C[C@H]2NC(=O)/C=C/C[C@@H](C(=O)C#Cc3ccccc3)OC(=O)[C@H](CC(C)C)OC(=O)[C@H](C)CNC2=O)cc1,602.6840000000002,2.925200000000001,2,8,6,137.1,44,0,0.2
DEC_0353,ACT_009,CHEMBL13396,COc1ccc(C[C@H]2NC(=O)/C=C/C[C@@H](C(=O)C#Cc3ccccc3)OC(=O)[C@H](CC(C)C)OC(=O)[C@@H](C)CNC2=O)cc1,602.6840000000002,2.925200000000001,2,8,6,137.1,44,0,0.2
DEC_0354,ACT_010,CHEMBL9556,CN(C)Cc1cccc(CSCCNc2n[s+]([O-])nc2N)n1,340.478,1.5882999999999998,2,8,8,103.02,22,0,0.13333333333333333
DEC_0355,ACT_010,CHEMBL11971,CN(CCCCC/C=C(\NC(=O)C1CC1(C)C)C(=O)O)CC(=O)O,340.4200000000001,1.694,3,4,11,106.94000000000001,24,0,0.14285714285714285
DEC_0356,ACT_010,CHEMBL417797,CN(CCCCCC/C=C(\NC(=O)C1CC1(C)C)C(=O)O)CC(=O)O,354.4470000000001,2.0840999999999994,3,4,12,106.94000000000001,25,0,0.14285714285714285
DEC_0357,ACT_010,CHEMBL12837,O=NN(CCF)C(=O)NC1CCC(NC(=O)N(CCCl)N=O)CC1,366.78100000000023,1.8919,2,6,8,123.53999999999999,24,0,0.14457831325301204
DEC_0358,ACT_010,CHEMBL417431,CC1(C)CC1C(=O)N/C(=C\CCCCSCC(=O)C(=O)O)C(=O)O,357.42800000000005,1.6743999999999999,3,5,11,120.77,24,0,0.14705882352941177
DEC_0359,ACT_010,CHEMBL8982,CN(C)Cc1ccc(CSCCNc2n[s+]([O-])nc2N)o1,329.4510000000001,1.7863,2,8,8,103.27,21,0,0.14772727272727273
DEC_0360,ACT_010,CHEMBL9380,CN(C)Cc1ccc(CSCCNc2n[s+]([O-])nc2N)s1,345.51900000000006,2.2548,2,8,8,90.13,21,0,0.14942528735632185
DEC_0361,ACT_010,CHEMBL30500,O=C(NCCNCC(O)COc1cccc2c1OCCO2)c1cccs1,378.45000000000016,1.2786000000000004,3,7,9,89.05000000000001,26,0,0.1590909090909091
DEC_0362,ACT_010,CHEMBL276162,COC(=O)CSCCCCC/C=C(\NC(=O)C1CC1(C)C)C(=O)O,357.47200000000015,2.5838,2,5,11,92.7,24,0,0.16049382716049382
DEC_0363,ACT_010,CHEMBL41839,CC(C)NCC(O)CON=C(C(C)C)C(C)C.O=C(O)C(=O)O,334.41300000000007,1.1854999999999993,4,6,8,128.45,23,0,0.16363636363636364
DEC_0364,ACT_010,CHEMBL275476,CN(C)Cc1cccc(CSCCNc2n[s+]([O-])nc2N)c1,339.49,2.1933,2,7,8,90.13,22,0,0.16455696202531644
DEC_0365,ACT_010,CHEMBL276751,CC(C)NCC(O)COc1ccc(/C=C/CO)cc1Br,344.249,2.1922999999999995,3,4,8,61.72,20,0,0.16666666666666666
DEC_0366,ACT_010,CHEMBL14535,CC(C)NCC(O)COc1cc(/C=C/CO)ccc1Br,344.249,2.1922999999999995,3,4,8,61.72,20,0,0.16666666666666666
DEC_0367,ACT_010,CHEMBL12030,CC1(C)CC1C(=O)N/C(=C\CCCCCNC1=NCCN1)C(=O)O,336.43600000000004,1.226400000000001,4,5,9,102.82000000000001,24,0,0.16853932584269662
DEC_0368,ACT_010,CHEMBL286681,O=C(Cc1ccccc1[N+](=O)[O-])NCCNCC(O)COc1ccccc1,373.40900000000005,1.2829999999999995,3,6,11,113.73,27,0,0.17073170731707318
DEC_0369,ACT_010,CHEMBL11125,CC(C)NCC(O)COc1ccc(Cc2nc(Br)c[nH]2)cc1,368.275,2.5007,3,4,8,70.16999999999999,22,0,0.17142857142857143
DEC_0370,ACT_010,CHEMBL280098,C(=C\COc1ccc(C2=NCCN2)cc1)\COc1ccc(C2=NCCN2)cc1,376.4600000000001,2.4002,2,6,8,67.24,28,0,0.17142857142857143
DEC_0371,ACT_010,CHEMBL14660,C(=C/COc1ccc(C2=NCCN2)cc1)\COc1ccc(C2=NCCN2)cc1,376.4600000000001,2.4002,2,6,8,67.24,28,0,0.17142857142857143
DEC_0372,ACT_010,CHEMBL287766,CCCC(CCC)=NOCC(O)CNC(C)(C)C.O=C(O)C(=O)O,348.44000000000005,1.8638,4,6,9,128.45,24,0,0.1724137931034483
DEC_0373,ACT_010,CHEMBL275318,CC1(C)CC1C(=O)N/C(=C\CCCCCSCC(N)C(=O)O)C(=O)O,372.487,1.8226999999999998,4,5,12,129.72,25,0,0.17333333333333334
DEC_0374,ACT_010,CHEMBL27118,CC(O)CN(CC(C)O)CC(O)COc1cccc2ccccc12,333.42800000000005,1.6430999999999993,3,5,9,73.16000000000001,24,0,0.175
DEC_0375,ACT_010,CHEMBL766,CC1(C)C[C@@H]1C(=O)N/C(=C\CCCCSC[C@H](N)C(=O)O)C(=O)O,358.46000000000004,1.4326000000000003,4,5,11,129.72,24,0,0.17567567567567569
DEC_0376,ACT_010,CHEMBL11918,CC1(C)CC1C(=O)N/C(=C\CCCCCSCC(N)=O)C(=O)O,342.461,1.8961000000000001,3,4,11,109.49,23,0,0.17647058823529413
DEC_0377,ACT_010,CHEMBL15733,CC/N=C(\NC#N)NCCSCCn1nc(-c2ccccc2)ccc1=O,370.482,1.6796799999999996,2,5,8,95.1,26,0,0.17647058823529413
DEC_0378,ACT_010,CHEMBL11996,CC1(C)CC1C(=O)N/C(=C\CCCSCC(N)C(=O)O)C(=O)O,344.43300000000005,1.0425000000000006,4,5,10,129.72,23,0,0.1780821917808219
DEC_0379,ACT_010,CHEMBL23443,COc1cc(N(CC(=O)O)C(=O)C(C)CS)cc(OC)c1OC,343.4010000000001,1.6958999999999997,2,6,8,85.30000000000001,23,0,0.1780821917808219
DEC_0380,ACT_010,CHEMBL15555,CCC/N=C(\NC#N)NCCSCn1nc(-c2ccccc2)ccc1=O,370.482,2.0272799999999997,2,5,8,95.1,26,0,0.17894736842105263
DEC_0381,ACT_010,CHEMBL11925,CC(=O)NCCCCC/C=C(\NC(=O)C1CC1(C)C)C(=O)O.CC(C)=O,368.47400000000016,2.409,3,4,9,112.57000000000002,26,0,0.1794871794871795
DEC_0382,ACT_010,CHEMBL274519,NCCc1c[nH]cn1.N[C@H](COCc1ccccc1)Cc1c[nH]cn1,342.44700000000006,1.4072000000000005,4,5,8,118.63000000000001,25,0,0.1827956989247312
DEC_0383,ACT_010,CHEMBL18875,NCCc1c[nH]cn1.N[C@@H](COCc1ccccc1)Cc1c[nH]cn1,342.44700000000006,1.4072000000000005,4,5,8,118.63000000000001,25,0,0.1827956989247312
DEC_0384,ACT_010,CHEMBL16258,CCCCCCCC(C(=O)N[C@H](C(=O)NC)C(C)(C)C)C(O)CS,360.5640000000001,2.530700000000001,4,4,11,78.43,24,0,0.18292682926829268
DEC_0385,ACT_010,CHEMBL20798,O=C(O)CC/C=C\C[C@@H]1[C@@H](NS(=O)(=O)c2ccc(F)cc2)CC[C@@H]1O,371.4300000000001,2.0546,3,4,8,103.7,25,0,0.18309859154929578
DEC_0386,ACT_010,CHEMBL16185,CCCCc1ccc(Nc2nc(O)c3ncn(COCCO)c3n2)cc1,357.4140000000001,2.5845000000000002,3,7,9,105.32000000000001,26,0,0.18681318681318682
DEC_0387,ACT_010,CHEMBL23434,N#Cc1ccccc1OCC(O)CNCCNC(=O)COc1ccccc1,369.4210000000001,1.08278,3,6,11,103.61,27,0,0.18681318681318682
DEC_0388,ACT_010,CHEMBL278226,CCCCc1ccc(Nc2nc(N)c3ncn(COCCO)c3n2)cc1,356.4300000000001,2.4611,3,7,9,111.11,26,0,0.18811881188118812
DEC_0389,ACT_010,CHEMBL274246,C=CCOc1ccccc1OCC(=O)NCCNCC(O)c1ccccc1,370.449,2.0695999999999994,3,5,12,79.82000000000001,27,0,0.18840579710144928
DEC_0390,ACT_010,CHEMBL279051,CCOc1ccc(N(CC(=O)O)C(=O)C(C)CS)cc1OCC,341.4290000000001,2.4675000000000002,2,5,9,76.07000000000001,23,0,0.18840579710144928
DEC_0391,ACT_010,CHEMBL21547,O=C(O)CN(CCN(CC(=O)O)c1ccccc1O)c1ccccc1O,360.3660000000001,1.5800000000000007,4,6,9,121.54,26,0,0.18867924528301888
DEC_0392,ACT_010,CHEMBL15447,C/N=C(\NC#N)NCCSCCCn1nc(-c2ccccc2)ccc1=O,370.482,1.6796799999999996,2,5,8,95.1,26,0,0.19047619047619047
DEC_0393,ACT_010,CHEMBL440772,O=C(O)COCCCC[C@H]1[C@H](F)CC[C@@H]1NS(=O)(=O)c1ccccc1,373.4460000000001,2.3531000000000004,2,4,10,92.69999999999999,25,0,0.19047619047619047
DEC_0394,ACT_010,CHEMBL19287,NCCc1c[nH]cn1.N[C@@H](COCC1CCCCC1)Cc1c[nH]cn1,348.495,1.7872999999999992,4,5,8,118.63000000000001,25,0,0.19148936170212766
DEC_0395,ACT_010,CHEMBL278743,NCCc1c[nH]cn1.N[C@H](COCC1CCCCC1)Cc1c[nH]cn1,348.495,1.7872999999999992,4,5,8,118.63000000000001,25,0,0.19148936170212766
DEC_0396,ACT_010,CHEMBL276515,C/N=C(\NC#N)NCCCCOCn1nc(-c2ccccc2)ccc1=O,354.41400000000004,1.3106799999999994,2,5,8,104.33000000000001,26,0,0.1919191919191919
DEC_0397,ACT_010,CHEMBL32039,COCCOc1c(OC)cc(Cc2cnc(N)nc2N)cc1OC,334.3760000000001,1.2742,2,8,8,114.74,24,0,0.19230769230769232
DEC_0398,ACT_010,CHEMBL20933,O=C(O)COCCCCC1=CCC[C@@H]1NS(=O)(=O)c1ccccc1,353.4400000000001,2.3252000000000006,2,4,10,92.69999999999999,24,0,0.1951219512195122
DEC_0399,ACT_010,CHEMBL25609,CCCOCC/N=C(\N)Nc1nc(-c2ccc(CNC(C)=O)o2)cs1,365.45900000000006,2.1923999999999992,3,6,9,114.77,25,0,0.1956521739130435
DEC_0400,ACT_010,CHEMBL40783,CCCC(CCC)=NOCC(O)CNC(C)C.O=C(O)C(=O)O,334.41300000000007,1.4736999999999996,4,6,10,128.45,23,0,0.19642857142857142
DEC_0401,ACT_010,CHEMBL23392,O=C(Cc1ccc([N+](=O)[O-])cc1)NCCNCC(O)COc1ccccc1,373.4090000000001,1.2829999999999995,3,6,11,113.73,27,0,0.19718309859154928
DEC_0402,ACT_010,CHEMBL279139,CC(C)NCC(O)COc1ccc(Br)cc1/C=C/CO,344.2490000000001,2.1923,3,4,8,61.72,20,0,0.19736842105263158
DEC_0403,ACT_010,CHEMBL7663,CCOC(=O)NCC(C)(C)NCC(O)COC(=O)c1ccccc1F,356.39400000000006,1.4577,3,6,9,96.89000000000001,25,0,0.19753086419753085
DEC_0404,ACT_011,CHEMBL36510,C=C1/C(=C\C=C\C2CCCC([C@H](C)CC#CC(C)(C)O)C2(C)C)C[C@@H](O)C[C@@H]1O,400.6030000000001,4.783800000000006,3,3,4,60.69,29,0,0.10891089108910891
DEC_0405,ACT_011,CHEMBL290789,C=C1/C(=C\C=C\C2CCCC([C@@H](C)CC#CC(C)(C)O)C2(C)C)C[C@@H](O)C[C@@H]1O,400.6030000000001,4.783800000000006,3,3,4,60.69,29,0,0.10891089108910891
DEC_0406,ACT_011,CHEMBL284121,C=C1/C(=C\C=C2/CCC[C@]3(C)C([C@H](C)CC#CC(C)(C)O)=CC[C@@H]23)C[C@@H](O)C[C@@H]1O,410.5980000000001,4.848000000000006,3,3,3,60.69,30,0,0.125
DEC_0407,ACT_011,CHEMBL35115,C=C1/C(=C\C=C2/CCCC3(C)C([C@H](C)CC#CC(C)(C)O)=CCC23)C[C@@H](O)C[C@@H]1O,410.5980000000001,4.848000000000006,3,3,3,60.69,30,0,0.125
DEC_0408,ACT_011,CHEMBL266322,CCCc1cc(=O)oc2c3c(c4c(c12)OC(C)(C)C=C4)O[C@H](CC)[C@H](C)[C@H]3O,384.4720000000001,4.770200000000005,1,5,3,68.9,28,0,0.14018691588785046
DEC_0409,ACT_011,CHEMBL267693,CCCc1cc(=O)oc2c3c(c4c(c12)OC(C)(C)C=C4)O[C@H](CC)[C@@H](C)[C@H]3O,384.4720000000001,4.770200000000005,1,5,3,68.9,28,0,0.14018691588785046
DEC_0410,ACT_011,CHEMBL267208,CCCc1cc(=O)oc2c3c(c4c(c12)OC(C)(C)C=C4)O[C@H](CC)[C@H](C)[C@@H]3O,384.4720000000001,4.770200000000005,1,5,3,68.9,28,0,0.14018691588785046
DEC_0411,ACT_011,CHEMBL7840,CCCc1cc(=O)oc2c3c(c4c(c12)OC(C)(C)C=C4)O[C@H](CC)[C@@H](C)[C@@H]3O,384.4720000000001,4.770200000000005,1,5,3,68.9,28,0,0.14018691588785046
DEC_0412,ACT_011,CHEMBL11430,Oc1c(Cl)c(OCC(F)(F)F)nc(C(Cl)(Cl)Cl)c1Cl,379.376,4.8618,1,3,2,42.35,19,0,0.14084507042253522
DEC_0413,ACT_011,CHEMBL24214,[O-][S+](Cc1[nH]c2ccccc2c1[S+]([O-])c1ccccc1)c1ccccc1,379.50600000000003,4.642400000000003,1,2,5,61.91,26,0,0.1411764705882353
DEC_0414,ACT_011,CHEMBL6883,CCCc1cc(=O)oc2c3c(c4c(c12)OC(C)(C)C=C4)O[C@H](C(C)C)[C@H](C)[C@@H]3O,398.4990000000001,5.016200000000006,1,5,3,68.9,29,0,0.14285714285714285
DEC_0415,ACT_011,CHEMBL269359,CCCc1cc(=O)oc2c3c(c4c(c12)OC(C)(C)C=C4)O[C@H](C(C)C)[C@@H](C)[C@H]3O,398.4990000000001,5.016200000000006,1,5,3,68.9,29,0,0.14285714285714285
DEC_0416,ACT_011,CHEMBL266921,CCCc1cc(=O)oc2c3c(c4c(c12)OC(C)(C)C=C4)O[C@H](C(C)C)[C@@H](C)[C@@H]3O,398.4990000000001,5.016200000000006,1,5,3,68.9,29,0,0.14285714285714285
DEC_0417,ACT_011,CHEMBL266050,CCCc1cc(=O)oc2c3c(c4c(c12)OC(C)(C)C=C4)OC(C)(C)[C@H](C)[C@@H]3O,384.4720000000001,4.770200000000005,1,5,2,68.9,28,0,0.14432989690721648
DEC_0418,ACT_011,CHEMBL266552,CCCc1cc(=O)oc2c3c(c4c(c12)OC(C)(C)C=C4)OC(C)(C)[C@H](C)[C@H]3O,384.4720000000001,4.770200000000005,1,5,2,68.9,28,0,0.14432989690721648
DEC_0419,ACT_011,CHEMBL28066,COC1(c2cc(F)cc(Sc3ccc4c(c3)CC/C4=N\O)c2)CCOCC1,387.4760000000002,4.753500000000004,1,5,4,51.05,27,0,0.14432989690721648
DEC_0420,ACT_011,CHEMBL278005,[O-][S+](CC(F)(F)C(F)(F)F)c1nc(-c2ccccc2)c(-c2ccccc2)[nH]1,400.37200000000007,5.048900000000003,1,2,5,51.74,27,0,0.14457831325301204
DEC_0421,ACT_011,CHEMBL24822,Cc1ccccc1-c1cc(C(O)(C#Cc2ccccc2)c2cncn2C)ccc1C#N,403.4850000000001,4.554800000000004,1,3,3,61.84,31,0,0.14606741573033707
DEC_0422,ACT_011,CHEMBL276567,CC(C)c1ccc(C(c2ccco2)c2ccc(C(C)C)cc(=O)c2O)c(O)c(=O)c1,406.4780000000002,4.838200000000006,2,5,5,87.74000000000001,30,0,0.14814814814814814
DEC_0423,ACT_011,CHEMBL274626,CCc1nc2c(C)cc(C)nc2n1Cc1ccc(-c2cscc2-c2nn[nH]n2)cc1,415.526,4.567440000000004,1,6,5,85.17,30,0,0.1485148514851485
DEC_0424,ACT_011,CHEMBL268748,CN1C(=O)CC[C@]2(C)C3CC[C@@]4(C)C(CC[C@@]4(O)C#CCCCCl)C3CCC12,406.0100000000002,4.603300000000004,1,2,2,40.540000000000006,28,0,0.14942528735632185
DEC_0425,ACT_011,CHEMBL277045,CN(C)Cc1ccccc1Sc1ccc(/C=C/I)cc1N,410.324,4.887300000000004,1,3,5,29.259999999999998,21,0,0.15
DEC_0426,ACT_011,CHEMBL10343,CN1C(=O)CC[C@]2(C)C3CC[C@@]4(C)C(CC[C@@]4(O)C#CCCCO)C3CCC12,387.5640000000002,3.3568000000000024,2,3,2,60.77000000000001,28,0,0.1511627906976744
DEC_0427,ACT_011,CHEMBL16127,C=CCONC1=NC(=O)/C(=C/c2cc(C(C)(C)C)c(O)c(C(C)(C)C)c2)S1,388.53300000000013,4.664700000000004,2,5,4,70.92,27,0,0.1511627906976744
DEC_0428,ACT_011,CHEMBL286184,C=C1/C=C(\C)[C@H](CC)OC(=O)[C@H](C)C(=O)[C@@](O)(CO)C/C(Cl)=C/[C@@H](C)C1,384.90000000000015,3.291900000000002,2,5,2,83.83000000000001,26,0,0.1518987341772152
DEC_0429,ACT_011,CHEMBL149,Oc1ccc2c3c1O[C@H]1c4[nH]c5ccccc5c4C[C@@]4(O)C(C2)N(CC2CC2)CC[C@]314,414.50500000000034,3.5726000000000013,3,4,2,68.72,31,0,0.15454545454545454
DEC_0430,ACT_011,CHEMBL278794,O=C1NC(=O)c2c1c1c3ccccc3cnc1c1[nH]c3c(CCO)cccc3c21,381.3910000000002,3.440900000000002,3,4,2,95.08,29,0,0.15853658536585366
DEC_0431,ACT_011,CHEMBL20241,Brc1cccc(Br)c1N(Cc1ccccc1)C1=NCCN1,409.12500000000017,4.177400000000003,1,3,3,27.63,21,0,0.16049382716049382
DEC_0432,ACT_011,CHEMBL282933,Brc1cccc(Br)c1N(CC1CCCCC1)C1=NCCN1,415.17300000000034,4.557500000000004,1,3,3,27.63,21,0,0.16049382716049382
DEC_0433,ACT_011,CHEMBL30390,C/C(=N\N=C(/S)Nc1c(N)c2ccccc2c2ccccc12)c1ccccn1,385.4960000000001,5.092100000000003,3,4,3,75.66,28,0,0.16049382716049382
DEC_0434,ACT_011,CHEMBL32303,Cc1nnc2n1-c1sc(-c3cc(O)[nH]n3)cc1C(c1ccccc1Cl)=NC2,396.8630000000001,3.7373200000000013,2,6,2,91.97999999999999,27,0,0.16091954022988506
DEC_0435,ACT_011,CHEMBL275284,CN1C(=O)C=C[C@]2(C)C3CC[C@@]4(C)C(CC[C@@]4(O)C#CCCCCl)C3CCC12,403.99400000000014,4.379300000000004,1,2,2,40.540000000000006,28,0,0.16129032258064516
DEC_0436,ACT_011,CHEMBL16753,CC(C)(C)c1cc(-c2nnc(SCCC(=O)O)s2)cc(C(C)(C)C)c1O,394.5620000000001,5.072500000000005,2,6,5,83.31,26,0,0.16129032258064516
DEC_0437,ACT_011,CHEMBL33558,CC(C)(C)c1cccc(OCc2cccc(N3C(N)=NC(N)=NC3(C)C)c2)c1,379.5080000000001,3.7486000000000015,2,6,4,89.23,28,0,0.16129032258064516
DEC_0438,ACT_011,CHEMBL27079,Cc1nc(O)c2c(ccc3nc(Nc4c(Cl)cccc4Cl)n(C)c32)c1CCO,417.2960000000002,4.720720000000004,3,5,4,83.2,28,0,0.16216216216216217
DEC_0439,ACT_011,CHEMBL20013,Brc1cccc(Br)c1N(CC1CC1)C1=NCCCN1,387.11900000000026,3.777300000000002,1,3,3,27.63,19,0,0.1625
DEC_0440,ACT_011,CHEMBL20415,CCCCCN(C1=NCCN1)c1c(Br)cccc1Br,389.13500000000005,4.167400000000003,1,3,5,27.63,19,0,0.1625
DEC_0441,ACT_011,CHEMBL20074,Brc1cccc(Br)c1N(CC1CCC1)C1=NCCN1,387.11900000000026,3.777300000000002,1,3,3,27.63,19,0,0.1625
DEC_0442,ACT_011,CHEMBL277652,Brc1cccc(Br)c1N(CC1CCCC1)C1=NCCN1,401.1460000000003,4.167400000000002,1,3,3,27.63,20,0,0.1625
DEC_0443,ACT_011,CHEMBL8977,CN(CCCl)[C@@H]1CCC2C3Cc4ccc(O)c5c4C2(CCN3CC2CC2)[C@H]1O5,402.9660000000003,3.380600000000002,1,4,5,35.94,28,0,0.16304347826086957
DEC_0444,ACT_011,CHEMBL430283,CN1C(=O)C=C[C@]2(C)C3CC[C@@]4(C)C(CC[C@@]4(O)C#CCCCO)C3CCC12,385.5480000000002,3.1328000000000014,2,3,2,60.77000000000001,28,0,0.16304347826086957
DEC_0445,ACT_011,CHEMBL418755,CC(C)(C)c1ccc(Sc2ccc(-n3ncc(=O)[nH]c3=O)cc2Cl)cc1,387.89200000000005,4.022900000000003,1,4,3,67.75,26,0,0.16326530612244897
DEC_0446,ACT_011,CHEMBL267679,CCCc1cc(=O)oc2c3c(c4c(c12)OC(C)(C)C=C4)O[C@H](C)C(C)(C)[C@H]3O,384.4720000000001,4.770200000000005,1,5,2,68.9,28,0,0.16346153846153846
DEC_0447,ACT_011,CHEMBL7760,CCCc1cc(=O)oc2c3c(c4c(c12)OC(C)(C)C=C4)O[C@H](C)C(C)(C)[C@@H]3O,384.4720000000001,4.770200000000005,1,5,2,68.9,28,0,0.16346153846153846
DEC_0448,ACT_011,CHEMBL282709,CCN1C(=O)c2c(nc(N=[N+]=[N-])n2Cc2ccc(O)cc2)N2C1=N[C@@H]1CCC[C@@H]12,392.4230000000002,3.151600000000002,1,6,4,122.72000000000001,29,0,0.16494845360824742
DEC_0449,ACT_011,CHEMBL281786,CO[C@]12CC[C@@]3(C[C@@H]1C(C)(C)O)[C@H]1Cc4ccc(O)c5c4[C@@]3(CCN1CC1CC1)[C@H]2O5,425.5690000000003,3.3876000000000017,2,5,4,62.16,31,0,0.16521739130434782
DEC_0450,ACT_011,CHEMBL280075,CCc1nc2c(C)cc(C)nc2n1Cc1ccc(-c2ccccc2-c2nn[nH]n2)s1,415.526,4.567440000000004,1,6,5,85.17,30,0,0.16666666666666666
DEC_0451,ACT_011,CHEMBL14671,CC(C)=CCSC1C=C(O)n2c(nc3c2C(=O)N(C)CN3C)N1Cc1ccccc1,425.55800000000016,3.7645000000000026,1,6,5,64.84,30,0,0.16666666666666666
DEC_0452,ACT_011,CHEMBL20907,CC(C)CCN(C1=NCCN1)c1c(Br)cccc1Br,389.13500000000005,4.0233000000000025,1,3,4,27.63,19,0,0.16666666666666666
DEC_0453,ACT_011,CHEMBL282044,CC1(C)N=C(N)N=C(N)N1c1cccc(COc2cc(Cl)c(Cl)cc2Cl)c1,426.7350000000001,4.411300000000002,2,6,4,89.22999999999999,27,0,0.16666666666666666
DEC_0454,ACT_012,CHEMBL281625,C1CCC(NCCN(CCNC2CCCCC2)CCNC2CCCCC2)CC1,392.6760000000003,4.055300000000002,3,4,12,39.33,28,0,0.13559322033898305
DEC_0455,ACT_012,CHEMBL28808,CC(C)=CCC/C(C)=C/CC/C(C)=C/CC/C(C)=C/COC(=O)NS(N)(=O)=O,412.5960000000001,5.061800000000003,2,4,12,98.48999999999998,28,0,0.1527777777777778
DEC_0456,ACT_012,CHEMBL21254,CCCCCCCCCCCCc1cccc(N2C(N)=NC(N)=NC2(C)C)c1,385.60000000000014,5.335500000000004,2,5,12,80.0,28,0,0.15584415584415584
DEC_0457,ACT_012,CHEMBL20021,CCCCC1(CCCC)C(=O)C(C(=O)C(C)C)=C(O)C(C(=O)C(C)C)=C1O,378.5090000000001,5.010300000000004,2,5,10,91.67,27,0,0.16455696202531644
DEC_0458,ACT_012,CHEMBL20050,CCCCCC1(CCCCC)C(=O)C(C(=O)C(C)C)=C(O)C(C(=O)C(C)C)=C1O,406.56300000000016,5.790500000000005,2,5,12,91.67,29,0,0.16455696202531644
DEC_0459,ACT_012,CHEMBL10966,O=C(O)CCC/C=C/C[C@@H]1[C@@H](COCc2ccccc2)C2CC1(c1ccccc1)CO2,420.5490000000002,5.377300000000005,1,3,11,55.760000000000005,31,0,0.1724137931034483
DEC_0460,ACT_012,CHEMBL10412,O=C(O)CCC/C=C/C[C@H]1[C@H](COCc2ccccc2)C2CC1(c1ccccc1)CO2,420.5490000000002,5.377300000000005,1,3,11,55.760000000000005,31,0,0.1724137931034483
DEC_0461,ACT_012,CHEMBL6502,COC(=O)CC/C=C\CC[C@H]1C(=O)C[C@@H](O)[C@@H]1/C=C/CC(C)(O)CCC1CCC1,406.56300000000033,4.1197000000000035,2,5,12,83.83000000000001,29,0,0.17582417582417584
DEC_0462,ACT_012,CHEMBL7604,Cc1cc(SCCCC(C)(C)C(=O)O)c(C)cc1OCCCC(C)(C)C(=O)O,410.5760000000003,5.556340000000004,2,4,12,83.83,28,0,0.17647058823529413
DEC_0463,ACT_012,CHEMBL12909,CCCCc1nc(Cc2ccc(-c3ccccc3-c3nn[nH]n3)cc2)n(CCCC)n1,415.5450000000002,4.858700000000003,1,5,10,85.17,31,0,0.18085106382978725
DEC_0464,ACT_012,CHEMBL8528,CCCCN(CCCC)CCNc1ccc2ncn3c4ccc(O)cc4c(=O)c1c23,406.53000000000014,4.458400000000005,2,5,10,69.87,30,0,0.18478260869565216
DEC_0465,ACT_012,CHEMBL13677,CCN(CC/C=C/c1ccc(NS(C)(=O)=O)cc1)CCCCCC(C)F,384.5610000000002,4.701700000000004,1,3,13,49.410000000000004,26,0,0.18518518518518517
DEC_0466,ACT_012,CHEMBL277460,O=C(O)CCCCCC[C@@H]1[C@@H](CNS(=O)(=O)c2ccc(F)cc2)CC[C@H]1F,403.49100000000016,3.893500000000003,2,3,11,83.47,27,0,0.18571428571428572
DEC_0467,ACT_012,CHEMBL17796,CCCCCCn1cncc1[C@H]1OC(C)(C)OC[C@H]1C/C=C\CCC(=O)O,378.51300000000015,4.714700000000004,1,4,11,73.58,27,0,0.18627450980392157
DEC_0468,ACT_012,CHEMBL13417,CCN(CCCCCC(C)F)CCCC(O)c1ccc(NS(C)(=O)=O)cc1,402.5760000000001,4.112000000000003,2,4,14,69.64,27,0,0.18681318681318682
DEC_0469,ACT_012,CHEMBL13328,CCN(CCCCCC(C)F)CCC[C@H](O)c1ccc(NS(C)(=O)=O)cc1,402.5760000000001,4.112000000000003,2,4,14,69.64,27,0,0.18681318681318682
DEC_0470,ACT_012,CHEMBL7984,Cc1cc(OCCCC(C)(C)C(=O)O)c(C)c(C)c1OCCCC(C)(C)C(=O)O,408.53500000000025,5.151460000000005,2,4,12,93.06000000000002,29,0,0.1875
DEC_0471,ACT_012,CHEMBL27224,CN(C)CCCNCc1c2ccccc2c(CNCCCN(C)C)c2ccccc12,406.6180000000003,4.075600000000003,2,4,12,30.54,30,0,0.18867924528301888
DEC_0472,ACT_012,CHEMBL13676,CCN(CCCCCC(F)F)CCC[C@H](O)c1ccc(NS(C)(=O)=O)cc1,406.53900000000004,4.019100000000003,2,4,14,69.64,27,0,0.18888888888888888
DEC_0473,ACT_012,CHEMBL13871,CCN(CCCCCC(F)F)CCCC(O)c1ccc(NS(C)(=O)=O)cc1,406.53900000000004,4.019100000000003,2,4,14,69.64,27,0,0.18888888888888888
DEC_0474,ACT_012,CHEMBL18949,CCCC(CC)Oc1c(OC)cc(NC(C)CCCN)c2ncc(C)cc12,373.54100000000017,5.048620000000004,2,5,11,69.4,27,0,0.19148936170212766
DEC_0475,ACT_012,CHEMBL278838,CCCCCCCCCN1CCC[C@@H]1CNC(=O)c1cc(Cl)cc2c1OCC2,406.99800000000016,5.219700000000005,1,3,11,41.57000000000001,28,0,0.19230769230769232
DEC_0476,ACT_012,CHEMBL22154,CCCCCCCCCN1CCC[C@H]1CNC(=O)c1cc(Cl)cc2c1OCC2,406.99800000000016,5.219700000000005,1,3,11,41.57000000000001,28,0,0.19230769230769232
DEC_0477,ACT_012,CHEMBL13332,CCCCCCCN(CC)CCC[C@H](O)c1ccc(NS(C)(=O)=O)cc1,384.58600000000007,4.164000000000003,2,4,14,69.64,26,0,0.1927710843373494
DEC_0478,ACT_012,CHEMBL276009,CCCCCCCN(CC)CCC[C@@H](O)c1ccc(NS(C)(=O)=O)cc1,384.58600000000007,4.164000000000003,2,4,14,69.64,26,0,0.1927710843373494
DEC_0479,ACT_012,CHEMBL533,CCCCCCCN(CC)CCCC(O)c1ccc(NS(C)(=O)=O)cc1,384.58600000000007,4.164000000000003,2,4,14,69.64,26,0,0.1927710843373494
DEC_0480,ACT_012,CHEMBL8121,CC(O)c1cc(OCCCC(C)(C)C(=O)O)ccc1OCCCC(C)(C)C(=O)O,410.5070000000003,4.279500000000002,3,5,13,113.29,29,0,0.19736842105263158
DEC_0481,ACT_012,CHEMBL35852,CCCCCCNc1c2ccccc2nc2c(C(=O)NCCN(C)C)cccc12,392.54700000000014,4.671600000000003,2,4,10,57.260000000000005,29,0,0.1978021978021978
DEC_0482,ACT_012,CHEMBL415035,CCCC#CC12COC(C1)[C@H](COCc1ccccc1)[C@H]2C/C=C/CCCC(=O)O,410.5540000000002,5.229200000000004,1,3,11,55.760000000000005,30,0,0.19801980198019803
DEC_0483,ACT_012,CHEMBL8196,CC(C)(CCCOc1ccc(OCCCC(C)(C)C(=O)O)c(C(=O)O)c1)C(=O)O,410.46300000000014,3.924400000000002,3,5,13,130.36,29,0,0.2
DEC_0484,ACT_012,CHEMBL12854,CC(C)N(CCC(CCN(C)C1CCCCC1)(C(N)=O)c1ccccc1F)C(C)C,419.6290000000001,4.7123000000000035,1,3,11,49.57,30,0,0.2
DEC_0485,ACT_012,CHEMBL12737,CCCCc1nc(CCCC)n(Cc2ccc(-n3cccc3C(=O)O)cc2)n1,380.4920000000001,4.500500000000003,1,3,10,72.94,28,0,0.20224719101123595
DEC_0486,ACT_012,CHEMBL34928,CCCCCCCCCCCCNc1c(N)n(Cc2ccccc2)c(=O)[nH]c1=O,400.56700000000006,4.499900000000002,3,4,14,92.91,29,0,0.20270270270270271
DEC_0487,ACT_012,CHEMBL8118,CC(C)(CCCOc1ccc(OCCCC(C)(C)C(=O)O)c(Cl)c1)C(=O)O,400.8990000000001,4.8796000000000035,2,4,12,93.06000000000002,27,0,0.2028985507246377
DEC_0488,ACT_012,CHEMBL21581,CCCCCCCC(=O)c1ccc(O)c(C(=O)Nc2ccc([N+](=O)[O-])cc2)c1,384.43200000000013,5.095900000000006,2,5,10,109.53999999999999,28,0,0.20454545454545456
DEC_0489,ACT_012,CHEMBL415036,CCCCCCOS(=O)(=O)NC(=O)Oc1c(C(C)C)cccc1C(C)C,385.5260000000001,4.863500000000005,1,5,10,81.7,26,0,0.20481927710843373
DEC_0490,ACT_012,CHEMBL12754,Cc1ccccc1C(CCN(C(C)C)C(C)C)(CCN(C(C)C)C(C)C)C(N)=O,403.6550000000002,4.735920000000004,1,3,12,49.57,29,0,0.20588235294117646
DEC_0491,ACT_012,CHEMBL13189,CC(C)N(CCC(CCN(C(C)C)C(C)C)(C(N)=O)c1ccccc1F)C(C)C,407.6180000000001,4.566600000000004,1,3,12,49.57,29,0,0.20588235294117646
DEC_0492,ACT_012,CHEMBL267220,CC(CCc1ccccc1)NCC(O)COc1ccc(CCOCC2CCC2)cc1,411.5860000000003,4.396400000000004,2,4,14,50.72,30,0,0.20652173913043478
DEC_0493,ACT_012,CHEMBL7548,CC(C)(CCOc1ccc(OCCC(C)(C)C(=O)O)c(Cl)c1)C(=O)O,372.845,4.099400000000002,2,4,10,93.06000000000002,25,0,0.20833333333333334
DEC_0494,ACT_012,CHEMBL18805,CCCCCCOc1c(OC)cc(NC(C)CCCN)c2ncc(C)cc12,373.54100000000017,5.050220000000004,2,5,12,69.4,27,0,0.2087912087912088
DEC_0495,ACT_012,CHEMBL417435,CCN(CCCCCC(C)(C)F)CCCC(O)c1ccc(NS(C)(=O)=O)cc1,416.60300000000007,4.502100000000004,2,4,14,69.64,28,0,0.2087912087912088
DEC_0496,ACT_012,CHEMBL417617,CCN(CCCCCC(C)(F)F)CCCC(O)c1ccc(NS(C)(=O)=O)cc1,420.5660000000001,4.409200000000004,2,4,14,69.64,28,0,0.2087912087912088
DEC_0497,ACT_012,CHEMBL269446,CCN(CCCCCC(C)(C)F)CCC[C@H](O)c1ccc(NS(C)(=O)=O)cc1,416.60300000000007,4.502100000000004,2,4,14,69.64,28,0,0.2087912087912088
DEC_0498,ACT_012,CHEMBL13749,CCN(CCCCCC(C)(F)F)CCC[C@H](O)c1ccc(NS(C)(=O)=O)cc1,420.5660000000001,4.409200000000004,2,4,14,69.64,28,0,0.2087912087912088
DEC_0499,ACT_012,CHEMBL441344,CCN(CCCCCC(C)(C)F)CCC[C@@H](O)c1ccc(NS(C)(=O)=O)cc1,416.60300000000007,4.502100000000004,2,4,14,69.64,28,0,0.2087912087912088
DEC_0500,ACT_012,CHEMBL278451,CC(C)(c1ccccc1)C(O)/C=C/[C@H]1CCC(=O)N1CCCCCCC(=O)O,387.52000000000027,3.9074000000000026,2,3,11,77.84,28,0,0.20987654320987653
DEC_0501,ACT_012,CHEMBL12455,CC(C)N(CCC(CCn1cccc1)(C(N)=O)c1ccccc1F)C(C)C,373.5160000000001,3.9495000000000022,1,2,10,51.26,27,0,0.21052631578947367
DEC_0502,ACT_012,CHEMBL285257,Cc1cc(/C=C/c2ccccc2OCC(O)CNC(C)CCc2ccccc2)on1,406.5260000000002,4.504020000000003,2,5,11,67.52000000000001,30,0,0.21052631578947367
DEC_0503,ACT_012,CHEMBL13099,CCN(CCCCC(C)(C)F)CCCC(O)c1ccc(NS(C)(=O)=O)cc1,402.5760000000001,4.112000000000003,2,4,13,69.64,27,0,0.2111111111111111
DEC_0504,ACT_013,CHEMBL424402,Oc1ccc2c3c1O[C@H]1[C@@H](N=C=S)CCC4(O)C(C2)N(CC2CC2)CCC314,384.50100000000026,2.4276999999999997,2,6,3,65.28999999999999,27,0,0.13131313131313133
DEC_0505,ACT_013,CHEMBL21068,Oc1ccc2c3c1O[C@H]1[C@H](N=C=S)CCC4(O)C(C2)N(CC2CC2)CCC314,384.50100000000026,2.4276999999999997,2,6,3,65.28999999999999,27,0,0.13131313131313133
DEC_0506,ACT_013,CHEMBL33933,CN(Cc1c2ccccc2cc2ccccc12)c1cnc2nc(N)nc(N)c2n1,381.44300000000015,3.527,2,7,3,106.84,29,0,0.13953488372093023
DEC_0507,ACT_013,CHEMBL281805,Nc1ccc(CCCn2ncc3c2nc(N)n2nc(-c4ccco4)nc32)cc1,374.40800000000013,2.5312,2,7,5,126.08,28,0,0.1414141414141414
DEC_0508,ACT_013,CHEMBL277114,O=C(O)[C@H]1CSC(c2nc3ccc(O)c(I)c3s2)=N1,406.22600000000006,2.5531,2,6,2,82.78,19,0,0.14492753623188406
DEC_0509,ACT_013,CHEMBL281601,N=C(N)c1ccc(CCCn2ncc3c2nc(N)n2nc(-c4ccco4)nc32)cc1,401.4340000000001,2.2330699999999997,3,7,6,149.93,30,0,0.14563106796116504
DEC_0510,ACT_013,CHEMBL8892,c1cc(N2CCN(c3ccc(C4=NCCN4)cc3)CC2)ccc1C1=NCCN1,374.49200000000013,1.7128,2,6,4,55.26,28,0,0.14705882352941177
DEC_0511,ACT_013,CHEMBL10364,CC[C@@]1(O)C(=O)OCc2c1cc1n(c2=O)Cc2cc3c(C=O)c(O)ccc3nc2-1,392.36700000000013,1.5977,2,7,2,118.72,29,0,0.14942528735632185
DEC_0512,ACT_013,CHEMBL9185,c1cc(N2CCCN(c3ccc(C4=NCCN4)cc3)CC2)ccc1C1=NCCN1,388.51900000000023,2.1029,2,6,4,55.26,29,0,0.15
DEC_0513,ACT_013,CHEMBL440275,CC(=O)OCC(=O)[C@@]1(O)CCC2C3CCC4=CC(=O)CCC4(C)C3C(O)CC21C,404.5030000000002,2.3524000000000003,2,6,3,100.90000000000002,29,0,0.15
DEC_0514,ACT_013,CHEMBL32108,C=C1/C=C(\C)[C@H](CC)OC(=O)[C@H](C)C(=O)[C@@](O)(CO)[C@H](OC)/C=C/[C@@H](C)C1,380.4810000000001,2.3503,2,6,3,93.06000000000002,27,0,0.15
DEC_0515,ACT_013,CHEMBL33428,C=C1/C=C(\C)[C@H](CC)OC(=O)[C@H](C)C(=O)[C@@](O)(CO)[C@@H](OC)/C=C/[C@@H](C)C1,380.4810000000001,2.3503,2,6,3,93.06000000000002,27,0,0.15
DEC_0516,ACT_013,CHEMBL22320,NCc1ccc(CCCn2ncc3c2nc(N)n2nc(-c4ccco4)nc32)cc1,388.4350000000001,2.4077,2,7,6,126.08,29,0,0.15151515151515152
DEC_0517,ACT_013,CHEMBL10419,CC[C@@]1(O)C(=O)OCc2c1cc1n(c2=O)Cc2cc3c(CC#N)c(O)ccc3nc2-1,403.3940000000002,1.8512799999999998,2,7,2,125.44,30,0,0.15254237288135594
DEC_0518,ACT_013,CHEMBL281632,C=CC(=O)N[C@H]1CCC2(O)C3Cc4ccc(O)c5c4C2(CCN3CC2CC2)[C@H]1O5,396.4870000000003,1.6270999999999993,3,5,4,82.03,29,0,0.15730337078651685
DEC_0519,ACT_013,CHEMBL21879,C=CC(=O)N[C@@H]1CCC2(O)C3Cc4ccc(O)c5c4C2(CCN3CC2CC2)[C@H]1O5,396.4870000000003,1.6270999999999993,3,5,4,82.03,29,0,0.15730337078651685
DEC_0520,ACT_013,CHEMBL281768,CCc1c2c(nc3ccc(N)cc13)-c1cc3c(c(=O)n1C2)COC(=O)[C@]3(O)CC,391.4270000000002,2.2241999999999997,2,6,2,107.44000000000001,29,0,0.15841584158415842
DEC_0521,ACT_013,CHEMBL24875,O=C(O)Cc1cccc2c1Cc1c-2nc(O)c2nc(-c3ccc(C(=O)O)cc3)cn12,401.3780000000001,2.9984,3,5,4,125.02,30,0,0.16129032258064516
DEC_0522,ACT_013,CHEMBL650,C[C@H]1C[C@@H]2[C@H]([C@@H](O)C[C@@]3(C)[C@H]2CC[C@]3(O)C(=O)CO)[C@@]2(C)C=CC(=O)C=C12,374.4770000000001,1.8036,3,5,2,94.83000000000001,27,0,0.16279069767441862
DEC_0523,ACT_013,CHEMBL276449,C(=C1CCN(Cc2ccc(C3=NCCN3)cc2)CC1)c1ccc(C2=NCCN2)cc1,399.5420000000001,3.0656000000000008,2,5,5,52.019999999999996,30,0,0.16279069767441862
DEC_0524,ACT_013,CHEMBL10206,CCc1c2c(nc3ccc(O)cc13)-c1cc3c(c(=O)n1C2)COC(=O)C3(O)CC,392.41100000000023,2.3476,2,6,2,101.65000000000002,29,0,0.16304347826086957
DEC_0525,ACT_013,CHEMBL10637,c1cc(CN2CCC(C3=NCCN3)CC2)ccc1CN1CCC(C2=NCCN2)CC1,408.5940000000002,2.1140000000000003,2,6,6,55.26,30,0,0.16455696202531644
DEC_0526,ACT_013,CHEMBL32773,C=C1/C=C(\C)[C@H](CC)OC(=O)[C@H](C)C(=O)[C@@](O)(CO)C/C(OC)=C/[C@@H](C)C1,380.48100000000017,2.6995000000000005,2,6,3,93.06000000000002,27,0,0.16483516483516483
DEC_0527,ACT_013,CHEMBL431117,C=C1/C=C(\C)[C@H](CC)OC(=O)[C@@H](C)C(=O)[C@@](O)(CO)C/C(OC)=C/[C@@H](C)C1,380.48100000000017,2.6995000000000005,2,6,3,93.06000000000002,27,0,0.16483516483516483
DEC_0528,ACT_013,CHEMBL278485,C[C@@H](/N=c1\c(O)c(O)\c1=N/c1ccc(C#N)cc1Br)C(C)(C)C,376.2540000000001,3.1752800000000017,2,5,2,88.97,23,0,0.16494845360824742
DEC_0529,ACT_013,CHEMBL273685,CCC1(O)C(=O)OCc2c1cc1n(c2=O)Cc2c-1nc1ccc(CCN)cc1c2C,405.4540000000002,1.8892200000000001,2,6,3,107.44,30,0,0.1650485436893204
DEC_0530,ACT_013,CHEMBL28840,CCC(C)c1ccc2c(c1)-c1oc(C(=O)O)cc(=O)c1CS2.NCCO,377.46200000000016,3.0616000000000008,3,6,4,113.75999999999999,26,0,0.16666666666666666
DEC_0531,ACT_013,CHEMBL11073,Nc1nc(O)c2nc(Br)n(C3CCCc4ccc([N+](=O)[O-])cc43)c2n1,405.21200000000016,2.7105000000000006,2,7,2,132.99,25,0,0.16666666666666666
DEC_0532,ACT_013,CHEMBL632,C[C@H]1C[C@H]2[C@@H]3CCC4=CC(=O)C=C[C@]4(C)[C@@]3(F)[C@@H](O)C[C@]2(C)[C@@]1(O)C(=O)CO,392.4670000000002,1.8957000000000002,3,5,2,94.83,28,0,0.16666666666666666
DEC_0533,ACT_013,CHEMBL24474,Nc1ccc(S(=O)(=O)c2cc(Br)nc(N3CCNCC3)c2)cc1,397.2980000000002,1.6687,2,6,3,88.32000000000001,23,0,0.16666666666666666
DEC_0534,ACT_013,CHEMBL16829,C[C@@H]1CC2C3CCC4=CC(=O)C=CC4(C)[C@@]3(F)C(O)CC2(C)C1C(=O)CO,376.4680000000002,2.7808000000000015,2,4,2,74.6,27,0,0.16883116883116883
DEC_0535,ACT_013,CHEMBL287872,Cc1cn(C2CC(N=[N+]=[N-])C(COP(=O)(O)C(F)(F)F)O2)c(=O)[nH]c1=O,399.22200000000004,1.5332199999999996,2,6,5,159.38,26,0,0.16981132075471697
DEC_0536,ACT_013,CHEMBL279254,Nc1nc2c(cnn2CCCc2ccc(C(=O)O)cc2)c2nc(-c3ccco3)nn12,403.4020000000001,2.6472000000000007,2,7,6,137.35999999999999,30,0,0.17045454545454544
DEC_0537,ACT_013,CHEMBL418164,NS(=O)(=O)c1ccc(NSC(=S)N2CCOCC2)c(Br)c1,412.35600000000017,1.7737000000000003,2,6,3,84.66,21,0,0.17073170731707318
DEC_0538,ACT_013,CHEMBL275539,CN1C[C@H](CN2CC(=O)NC2=O)C[C@@H]2c3cc(C(C)(C)C)cc4[nH]cc(c34)C[C@H]21,394.5190000000002,2.9772000000000007,2,3,2,68.44,29,0,0.1717171717171717
DEC_0539,ACT_013,CHEMBL282108,CCCCc1ccc2c(c1)-c1nc(C(=O)O)cc(O)c1CS2.NCCO,376.4780000000002,3.0381000000000005,4,6,5,116.67,26,0,0.17204301075268819
DEC_0540,ACT_013,CHEMBL16692,OCCn1ncc2c1nc(NCc1ccccc1)n1nc(-c3ccco3)nc21,375.3920000000001,2.3384,2,7,6,106.3,28,0,0.17204301075268819
DEC_0541,ACT_013,CHEMBL418333,CCCn1c(=O)c2nc(-c3ccc(S(=O)(=O)O)cc3)[nH]c2n(CCC)c1=O,392.4370000000002,1.6199999999999999,2,5,6,127.05000000000001,27,0,0.1724137931034483
DEC_0542,ACT_013,CHEMBL28388,O=C(O)Cc1cccc2c1Cc1c-2nc(O)c2nc(-c3cccc(C(=O)O)c3)cn12,401.3780000000001,2.998400000000001,3,5,4,125.02,30,0,0.1728395061728395
DEC_0543,ACT_013,CHEMBL440787,CN1CCC23c4c5ccc(O)c4O[C@H]2[C@@H](OC2CCCC(C(=O)O)O2)C=C[C@H]3[C@H]1C5,413.4700000000002,2.2022000000000004,2,6,3,88.46000000000001,30,0,0.17346938775510204
DEC_0544,ACT_013,CHEMBL29345,CCC(C)c1ccc2c(c1)-c1nc(C(=O)O)cc(O)c1CS2.NCCO,376.4780000000002,3.209000000000001,4,6,4,116.67,26,0,0.1744186046511628
DEC_0545,ACT_013,CHEMBL275830,CC1(CN)CCN(c2c(F)c(N)c3c(=O)c(C(=O)O)cn(C4CC4)c3c2F)C1,392.4060000000001,2.070100000000001,3,5,4,114.57999999999998,28,0,0.1744186046511628
DEC_0546,ACT_013,CHEMBL30152,CC(NC(C)(C)C)C(O)COc1cccc2sccc12.O=C(O)C(=O)O,383.4660000000001,2.5732,4,6,5,116.08999999999999,26,0,0.175
DEC_0547,ACT_013,CHEMBL10489,OC(c1ccc(F)cc1)C(O)(Cn1cncn1)c1ccc(Cl)cc1Cl,382.2220000000001,3.3454000000000015,2,4,5,71.17,25,0,0.175
DEC_0548,ACT_013,CHEMBL275963,OC(c1ccc(Cl)cc1Cl)C(O)(Cn1cncn1)c1ccc(F)cc1,382.22200000000004,3.3454000000000015,2,4,5,71.17,25,0,0.175
DEC_0549,ACT_013,CHEMBL276886,CCCC[C@]1(CO)CC2C3Cc4ccc(OC)c5c4C2(CCN3C)C(O5)[C@@H]1O,387.52000000000015,2.503900000000001,2,5,5,62.16000000000001,28,0,0.17525773195876287
DEC_0550,ACT_013,CHEMBL34818,CC(C)[C@@H](N)C(=O)OC1Cc2c(cccc2N(C)CC#CC#CC(C)(C)C)NC1=O,409.53000000000026,2.5654000000000003,2,5,5,84.66,30,0,0.17525773195876287
DEC_0551,ACT_013,CHEMBL26817,O=C1NCc2c1c1c3ccccc3n3c1c1c2c2ccccc2n1CN(CCO)C3,396.4500000000002,3.3687000000000022,2,3,2,62.43000000000001,30,0,0.17567567567567569
DEC_0552,ACT_013,CHEMBL20786,CCC(=O)N[C@H]1CCC2(O)C3Cc4ccc(O)c5c4C2(CCN3CC2CC2)[C@H]1O5,398.50300000000027,1.8510999999999993,3,5,4,82.03,29,0,0.17582417582417584
DEC_0553,ACT_013,CHEMBL283948,CCC(=O)N[C@@H]1CCC2(O)C3Cc4ccc(O)c5c4C2(CCN3CC2CC2)[C@H]1O5,398.50300000000027,1.8510999999999993,3,5,4,82.03,29,0,0.17582417582417584
DEC_0554,ACT_014,CHEMBL276355,CN1C(=O)CC[C@]2(C)C3CC[C@@]4(C)C(CC[C@@H]4N(C=O)C4CC4)C3CC[C@@H]12,372.55300000000017,3.8392000000000026,0,2,3,40.620000000000005,27,0,0.136986301369863
DEC_0555,ACT_014,CHEMBL280485,O=S(=O)(OCCCl)c1c(Cl)c(Cl)c(Cl)c(Cl)c1Cl,392.90200000000016,4.8977,0,3,4,43.370000000000005,18,0,0.13725490196078433
DEC_0556,ACT_014,CHEMBL31113,CC(=O)OC[C@@]1(O)C[C@@]23CCC4C5=C(CC[C@@]4(C)C2CCC1C3)OCC5,360.4940000000002,3.9715000000000034,1,4,2,55.760000000000005,26,0,0.13829787234042554
DEC_0557,ACT_014,CHEMBL15641,Cc1cc2nc3ccc(N(C)C)cc3nc2cc1I,363.202,3.7620200000000024,0,3,1,29.020000000000003,19,0,0.13924050632911392
DEC_0558,ACT_014,CHEMBL413593,C[C@]12CCC3C(CC=C4C[C@@H](O)[C@H]5COC[C@]43C5)C1CC[C@@H]2OC1CC1,358.52200000000016,4.094100000000004,1,3,2,38.69,26,0,0.14285714285714285
DEC_0559,ACT_014,CHEMBL414006,C[C@]12CCC3C(CCC4=CC(=O)[C@H]5COC[C@]43C5)C1CC[C@@H]2OC1CC1,356.50600000000014,4.302300000000003,0,3,2,35.53,26,0,0.14285714285714285
DEC_0560,ACT_014,CHEMBL416886,CCOc1nc(C(Cl)(Cl)Cl)c(Cl)c(OCC)c1Cl,353.46000000000015,5.012500000000002,0,3,4,31.35,18,0,0.14285714285714285
DEC_0561,ACT_014,CHEMBL11518,CC(=O)Oc1c(Cl)c(Cl)nc(C(Cl)(Cl)Cl)c1Cl,357.83500000000004,4.7938,0,3,1,39.19,17,0,0.14285714285714285
DEC_0562,ACT_014,CHEMBL24583,CC1(C)OC(S)=Nc2ccc(-c3cc(Br)cc(C#N)c3)cc21,373.2750000000001,5.170380000000004,1,3,1,45.379999999999995,22,0,0.14285714285714285
DEC_0563,ACT_014,CHEMBL28252,CN(Cc1cncn1C)c1ccc(C#N)c(-c2cccc3ccccc23)c1,352.4410000000001,4.7483800000000045,0,3,4,44.85,27,0,0.14285714285714285
DEC_0564,ACT_014,CHEMBL277053,CCCCN(C=O)[C@H]1CCC2C3CC[C@H]4N(C)C(=O)CC[C@]4(C)C3CC[C@@]21C,388.59600000000023,4.476900000000004,0,2,5,40.620000000000005,28,0,0.14444444444444443
DEC_0565,ACT_014,CHEMBL276851,Nc1ccc(-c2nc3ccccc3s2)cc1I,352.20000000000005,4.150100000000001,1,3,1,38.91,17,0,0.14492753623188406
DEC_0566,ACT_014,CHEMBL269389,COc1nc(C(Cl)(Cl)Cl)c(Cl)c(OC(C)C)c1Cl,353.46000000000015,5.010900000000002,0,3,3,31.35,18,0,0.14705882352941177
DEC_0567,ACT_014,CHEMBL283163,ICCN(CCI)c1ccccc1,401.029,3.363000000000002,0,1,5,3.24,13,0,0.14814814814814814
DEC_0568,ACT_014,CHEMBL31975,CC(C)(C)C1CSC(C2=CC(=O)C(Br)=CC2=[N+]=[N-])SC1,373.34100000000007,3.9135000000000026,0,3,1,53.47,20,0,0.14864864864864866
DEC_0569,ACT_014,CHEMBL20830,Cc1cc(Cl)cc(Cl)c1C/N=c1\c(O)c(O)\c1=N/C(C)C(C)(C)C,369.29200000000014,4.024820000000004,2,4,3,65.18,24,0,0.14925373134328357
DEC_0570,ACT_014,CHEMBL18553,[O-][S+](CCC(F)(F)F)c1nc(-c2ccccc2)c(-c2ccccc2)[nH]1,364.39200000000005,4.803700000000003,1,2,5,51.74,25,0,0.15
DEC_0571,ACT_014,CHEMBL29953,CCN1C(=O)N(C2CCN(CC3CCCCCCC3)CC2)[C@@H]2CCCC[C@H]21,375.6010000000002,4.880000000000005,0,2,4,26.790000000000006,27,0,0.1518987341772152
DEC_0572,ACT_014,CHEMBL9948,CN1C(=O)CC[C@]2(C)C3CC[C@@]4(C)C(CC[C@@]4(O)C#CCCCl)C3CCC12,391.9830000000002,4.213200000000004,1,2,1,40.540000000000006,27,0,0.15294117647058825
DEC_0573,ACT_014,CHEMBL6223,O=C1O/C(=C/I)CCC1c1cccc2ccccc12,364.182,4.536800000000003,0,2,1,26.3,19,0,0.15625
DEC_0574,ACT_014,CHEMBL6228,O=C1O/C(=C\I)CCC1c1cccc2ccccc12,364.182,4.536800000000003,0,2,1,26.3,19,0,0.15625
DEC_0575,ACT_014,CHEMBL428336,Brc1ccccc1-c1nnc2c3ccccc3c(N3CCCC3)nn12,394.27600000000024,4.3072000000000035,0,4,2,46.32000000000001,25,0,0.15714285714285714
DEC_0576,ACT_014,CHEMBL418392,Brc1ccccc1Sc1nc2ccccc2n2cncc12,356.24800000000005,4.7962000000000025,0,3,2,30.19,21,0,0.15853658536585366
DEC_0577,ACT_014,CHEMBL10223,O=c1oc(Nc2cccc(I)c2)nc2ccccc12,364.14200000000005,3.536200000000001,1,4,2,55.13,19,0,0.15942028985507245
DEC_0578,ACT_014,CHEMBL275947,COc1nc(C(Cl)(Cl)Cl)c(Cl)c(OC(C)=O)c1Cl,353.41600000000017,4.149000000000002,0,4,2,48.42,18,0,0.15942028985507245
DEC_0579,ACT_014,CHEMBL25454,CN1C(=S)OC(C)(C)c2cc(-c3cccc(Br)c3)ccc21,362.29200000000003,5.102500000000004,0,2,1,12.47,21,0,0.15942028985507245
DEC_0580,ACT_014,CHEMBL18231,[O-][S+](c1nc(-c2ccccc2)c(-c2ccccc2)[nH]1)C(F)(F)C(F)F,368.35499999999996,4.709200000000002,1,2,5,51.74,25,0,0.16
DEC_0581,ACT_014,CHEMBL17072,C1=C(c2ccccc2)C(N2CCN(c3ccccc3)CC2)=Nc2ccccc2C1,379.5070000000002,5.178500000000005,0,3,2,18.84,29,0,0.16
DEC_0582,ACT_014,CHEMBL267775,c1ccc(Cn2c3c(c4ccccc42)CCN(CCc2ccccn2)C3)cc1,367.49600000000004,4.685400000000003,0,2,5,21.060000000000002,28,0,0.16049382716049382
DEC_0583,ACT_014,CHEMBL20275,Brc1cccc(N(CC2CC2)C2=NCCN2)c1Br,373.092,3.3872000000000018,1,3,3,27.63,18,0,0.16049382716049382
DEC_0584,ACT_014,CHEMBL10768,CN(c1nc2ccccc2c(=O)o1)c1ccccc1I,378.169,3.560500000000002,0,4,2,46.34,20,0,0.16049382716049382
DEC_0585,ACT_014,CHEMBL16886,C#C[C@]1(O)CCC2C3CCC4=CC(=O)CCC4=C3C(c3cccs3)CC21C,378.5370000000001,5.011900000000004,1,3,1,37.3,27,0,0.16049382716049382
DEC_0586,ACT_014,CHEMBL19556,CC(/N=c1\c(O)c(O)\c1=N/Cc1ccc(Cl)cc1Cl)C(C)(C)C,355.2650000000001,3.7164000000000037,2,4,3,65.18,23,0,0.16216216216216217
DEC_0587,ACT_014,CHEMBL282195,CCN1C(=O)N(C2CCN(C3CCC(C(C)C)CC3)CC2)[C@@H]2CCCC[C@H]21,375.6010000000003,4.734300000000005,0,2,4,26.790000000000006,27,0,0.16216216216216217
DEC_0588,ACT_014,CHEMBL20092,Brc1ccc(N(CC2CC2)C2=NCCN2)cc1Br,373.0919999999999,3.3872000000000018,1,3,3,27.63,18,0,0.1625
DEC_0589,ACT_014,CHEMBL20588,C/C=C/CN(C1=NCCN1)c1c(Br)cccc1Br,373.09200000000004,3.553300000000002,1,3,3,27.63,18,0,0.1625
DEC_0590,ACT_014,CHEMBL9887,CN1C(=O)C=C[C@]2(C)C3CC[C@@]4(C)C(CC[C@@]4(O)C#CCCCl)C3CCC12,389.9670000000001,3.989200000000003,1,2,1,40.540000000000006,27,0,0.16279069767441862
DEC_0591,ACT_014,CHEMBL280340,COc1cc2c3c4c(cc5c3n(c2cc1OC)C(=O)CC5(C)C)CCNC4,364.44500000000016,3.778900000000003,1,4,2,52.49,27,0,0.16346153846153846
DEC_0592,ACT_014,CHEMBL25580,O=C1c2ccccc2C(=O)C12C(c1cccc(O)c1)=Cc1cc(O)ccc12,354.36100000000005,3.969000000000002,2,4,1,74.60000000000001,27,0,0.16417910447761194
DEC_0593,ACT_014,CHEMBL20093,CCCCN(C1=NCCN1)c1c(Br)cccc1Br,375.108,3.777300000000002,1,3,4,27.63,18,0,0.16455696202531644
DEC_0594,ACT_014,CHEMBL12138,CC1(C)C=C(n2ccccc2=O)c2cc(S(=O)(=O)c3ccccc3)ccc2O1,393.4640000000001,3.7413000000000025,0,4,3,65.37,28,0,0.16455696202531644
DEC_0595,ACT_014,CHEMBL268006,c1ccc(-c2ccc(-c3nnc4c5ccccc5c(N5CCCC5)nn34)cc2)cc1,391.4780000000002,5.211700000000005,0,4,3,46.32000000000001,30,0,0.16455696202531644
DEC_0596,ACT_014,CHEMBL283210,Cc1c2cnccc2c(C)c2c1c1ccccc1n2CCN1CCOCC1,359.47300000000024,4.291740000000004,0,3,3,30.290000000000003,27,0,0.16494845360824742
DEC_0597,ACT_014,CHEMBL9328,CC1(C)C(=O)N(c2ccc(C#N)c(C(F)(F)F)c2)C(=O)N1CCCCF,371.3340000000002,3.873980000000003,0,3,5,64.41,26,0,0.1650485436893204
DEC_0598,ACT_014,CHEMBL9140,CC1(C)C(=O)N(c2ccc(C#N)c(C(F)(F)F)c2)C(=O)N1CCCF,357.30700000000013,3.4838800000000028,0,3,4,64.41,25,0,0.16666666666666666
DEC_0599,ACT_014,CHEMBL12468,O=C1CCC/C=C\C[C@H]2C(=O)C[C@@H](O)C2/C=C\[C@@H](CCc2ccccc2)O1,368.4730000000001,3.7835000000000027,1,4,3,63.60000000000001,27,0,0.16666666666666666
DEC_0600,ACT_014,CHEMBL20079,Brc1cccc(Br)c1N(CC1CC1)C1=NCCN1,373.0920000000002,3.3872000000000018,1,3,3,27.63,18,0,0.16666666666666666
DEC_0601,ACT_014,CHEMBL11565,COc1c(Cl)c(OCC(F)(F)F)nc(C(Cl)(Cl)Cl)c1Cl,393.403,5.1648000000000005,0,3,3,31.35,20,0,0.16666666666666666
DEC_0602,ACT_014,CHEMBL20910,Brc1cccc(Br)c1N(C1=NCCN1)C1CCCCC1,401.1460000000003,4.309900000000003,1,3,2,27.63,20,0,0.16666666666666666
DEC_0603,ACT_014,CHEMBL282242,CS(=O)(=O)c1ccc(C2=C(c3cc(Br)ccn3)C(=O)CC2)cc1,392.2740000000001,3.521300000000002,0,4,3,64.1,23,0,0.16666666666666666
DEC_0604,ACT_015,CHEMBL28369,CN(C)P1(N(C)C)=NP(N(C)C)(N(C)C)=NP(N(C)C)(N2CC2)=N1,397.3890000000001,2.962200000000001,0,9,6,56.29,24,0,0.11290322580645161
DEC_0605,ACT_015,CHEMBL281679,CN(C)P1(N(C)C)=N[P@@](N(C)C)(N2CC2)=N[P@](N(C)C)(N2CC2)=N1,395.3730000000001,2.7162000000000006,0,9,6,56.059999999999995,24,0,0.11290322580645161
DEC_0606,ACT_015,CHEMBL282414,CN(C)P1(N(C)C)=N[P@](N(C)C)(N2CC2)=N[P@](N(C)C)(N2CC2)=N1,395.3730000000001,2.7162000000000006,0,9,6,56.059999999999995,24,0,0.11290322580645161
DEC_0607,ACT_015,CHEMBL27881,CN(C)P1(N(C)C)=NP(N(C)C)(N(C)C)=NP(N2CC2)(N2CC2)=N1,395.37300000000016,2.7162000000000006,0,9,6,56.059999999999995,24,0,0.11475409836065574
DEC_0608,ACT_015,CHEMBL12796,CN(C(=O)N(CC/C=N/C(=O)N(CCCl)N=O)N=O)C1CCCCC1,374.82900000000024,3.1574000000000018,0,6,8,115.08000000000001,25,0,0.13186813186813187
DEC_0609,ACT_015,CHEMBL22316,Nc1ccc(CCn2ncc3c2nc(N)n2nc(-c4ccco4)nc32)cc1,360.3810000000001,2.1411,2,7,4,126.08,27,0,0.1326530612244898
DEC_0610,ACT_015,CHEMBL17281,Nc1nc2c(cnn2CCOCc2ccccc2)c2nc(-c3ccco3)nn12,375.39200000000005,2.5330000000000004,1,7,6,109.28999999999999,28,0,0.1368421052631579
DEC_0611,ACT_015,CHEMBL16982,[N-]=[N+]=NC1C(N)C(OCc2ccccc2)OC(CO)C1OCc1ccccc1,384.43600000000015,2.5120000000000005,2,6,8,122.70000000000002,28,0,0.14084507042253522
DEC_0612,ACT_015,CHEMBL276108,Cc1cc(C)cc(Sc2c(C(C)C)c(=O)[nH]c(=O)n2COCCO)c1,364.46700000000016,2.3944400000000003,2,5,7,84.32000000000001,25,0,0.14130434782608695
DEC_0613,ACT_015,CHEMBL275994,O=NN(CCCl)C(=O)NC1CCCC(NC(=O)N(CCCl)N=O)C1,383.23600000000016,2.1612,2,6,8,123.53999999999999,24,0,0.14705882352941177
DEC_0614,ACT_015,CHEMBL282283,CCCCc1nc(Cl)c(Cc2nnn[nH]2)n1Cc1ccc(-c2nnn[nH]2)cc1,398.8620000000001,2.2114000000000003,2,7,8,126.74000000000001,28,0,0.14736842105263157
DEC_0615,ACT_015,CHEMBL14915,Cc1nsc(-c2ccc(N3CCN(c4cccc([N+](=O)[O-])c4)CC3)nn2)n1,383.4370000000001,2.5383199999999997,0,9,4,101.18,27,0,0.14772727272727273
DEC_0616,ACT_015,CHEMBL280309,C=CCN1CC[C@]23c4c5ccc(O)c4O[C@H]2C(=O)CC[C@@]3(OCC)C1C5,355.4340000000002,2.3456,1,5,4,59.0,26,0,0.15306122448979592
DEC_0617,ACT_015,CHEMBL12577,O=NN(CCCl)C(=O)NC1CCC(NC(=O)N(CCCl)N=O)CC1,383.23600000000016,2.1612,2,6,8,123.53999999999999,24,0,0.15384615384615385
DEC_0618,ACT_015,CHEMBL16988,N#CCCN1N=C(c2ccc(OCc3ccc([N+](=O)[O-])cc3)cc2)OCC1=O,380.3600000000001,2.6078800000000006,0,7,7,118.06,28,0,0.15625
DEC_0619,ACT_015,CHEMBL22623,COc1cc(OC)cc(N(C)Cc2cnc3nc(N)nc(N)c3c2C)c1,354.4140000000001,2.1512200000000004,2,8,5,112.41,26,0,0.15730337078651685
DEC_0620,ACT_015,CHEMBL27023,O=c1cnn(-c2ccc(Sc3ccc(Cl)cc3)c([N+](=O)[O-])c2)c(=O)[nH]1,376.7810000000001,2.6336000000000004,1,6,4,110.88999999999999,25,0,0.16216216216216217
DEC_0621,ACT_015,CHEMBL281068,CCCCc1nc(Cl)c(Cc2nnn[nH]2)n1Cc1cccc(-c2nnn[nH]2)c1,398.8620000000001,2.2113999999999994,2,7,8,126.74000000000001,28,0,0.16326530612244897
DEC_0622,ACT_015,CHEMBL281118,N#C/C(=C\c1ccccc1OCCCN1CCOCC1)c1noc2ccccc12,389.45500000000004,3.9930800000000035,0,6,7,71.52,29,0,0.16346153846153846
DEC_0623,ACT_015,CHEMBL267575,O=NN(CCCl)C(=O)NC1CCCCC1NC(=O)N(CCCl)N=O,383.23600000000016,2.1612,2,6,8,123.53999999999999,24,0,0.16393442622950818
DEC_0624,ACT_015,CHEMBL34521,Cc1c(C(=O)c2ccc(N(C)C)cc2)n(C(=O)C(C)C)c(=O)n1C(=O)C(C)C,385.4640000000001,2.847620000000001,0,5,5,81.38,28,0,0.1643835616438356
DEC_0625,ACT_015,CHEMBL26938,CCCn1c(=O)c2c(nc(/C=C/c3cccc([N+](=O)[O-])c3)n2C)n(CCC)c1=O,397.43500000000023,2.795300000000001,0,5,7,104.96000000000001,29,0,0.16470588235294117
DEC_0626,ACT_015,CHEMBL26454,COC(=O)C1=C(C)N=C(C)/C(=C(\O)OC)C1c1ccc([N+](=O)[O-])cc1[N+](=O)[O-],391.3360000000001,2.924100000000001,1,9,5,154.40000000000003,28,0,0.16483516483516483
DEC_0627,ACT_015,CHEMBL276448,C=CCCC(=O)O[C@H](CC=C(C)C)C1=CC(=O)c2c(O)ccc(O)c2C1=O,370.40100000000007,3.6375000000000033,2,6,7,100.9,27,0,0.16666666666666666
DEC_0628,ACT_015,CHEMBL9416,CC(C)=CC[C@@H](OC(=O)C(C)C)C1=CC(=O)c2c(O)ccc(O)c2C1=O,358.3900000000001,3.3273000000000033,2,6,5,100.9,26,0,0.16666666666666666
DEC_0629,ACT_015,CHEMBL280937,N#C/C(=C\c1ccccc1OCCN1CCOCC1)c1noc2ccccc12,375.428,3.6029800000000023,0,6,6,71.52,28,0,0.16666666666666666
DEC_0630,ACT_015,CHEMBL23557,CC(C)NS(=O)(=O)c1ccc2oc3ccc(C(=O)O)cc3c(=O)c2c1,361.3750000000001,2.3311,2,5,4,113.68,25,0,0.16666666666666666
DEC_0631,ACT_015,CHEMBL746,CCCc1c2oc(C(=O)O)cc(=O)c2cc2c(=O)cc(C(=O)O)n(CC)c12,371.34500000000014,2.476700000000001,2,5,5,126.80999999999997,27,0,0.16666666666666666
DEC_0632,ACT_015,CHEMBL10485,CCOC(C)n1c([S+]([O-])Cc2ncc(C)c(OC)c2C)nc2ccccc21,387.5050000000001,3.919540000000003,0,5,7,72.23,27,0,0.16666666666666666
DEC_0633,ACT_015,CHEMBL21901,N#C/C(=C\c1cccc(OCCCN2CCOCC2)c1)c1noc2ccccc12,389.45500000000004,3.9930800000000035,0,6,7,71.52,29,0,0.16666666666666666
DEC_0634,ACT_015,CHEMBL35743,O=C1Cc2cc(CCN3CCN(c4nsc5ccccc45)CC3)ccc2N1,378.50100000000015,3.1556000000000015,1,5,4,48.470000000000006,27,0,0.16666666666666666
DEC_0635,ACT_015,CHEMBL424024,N#C/C(=C\c1cccc(OCCN2CCOCC2)c1)c1noc2ccccc12,375.428,3.602980000000003,0,6,6,71.52,28,0,0.16842105263157894
DEC_0636,ACT_015,CHEMBL285470,CN(C)CCNC(=O)c1cc2c(c3oc4ccccc4c(=O)c13)C=CC(C)(C)O2,392.4550000000002,3.421800000000003,1,5,4,71.78,29,0,0.16853932584269662
DEC_0637,ACT_015,CHEMBL9266,CCC/C=C/C(=O)O[C@H](CC=C(C)C)C1=CC(=O)c2c(O)ccc(O)c2C1=O,384.4280000000001,4.027600000000005,2,6,7,100.9,28,0,0.1686746987951807
DEC_0638,ACT_015,CHEMBL280411,Nc1nc2c(cnn2CCc2ccccc2)c2nc(-c3ccccc3)nn12,355.40500000000003,2.9659000000000013,1,5,4,86.92,27,0,0.16883116883116883
DEC_0639,ACT_015,CHEMBL18684,CC(/N=c1\c(O)c(O)\c1=N/c1ccc(C#N)cc1)c1ccc([N+](=O)[O-])cc1,362.3450000000001,2.6475800000000005,2,7,4,132.11,27,0,0.17045454545454544
DEC_0640,ACT_015,CHEMBL279713,Cc1cnsc1C(c1ccc(CC(C)C)cc1)N1CCN(CCO)CC1,373.56600000000026,3.3493200000000014,1,5,7,39.60000000000001,26,0,0.17045454545454544
DEC_0641,ACT_015,CHEMBL280952,CCN(C)S(=O)(=O)c1ccc2oc3ccc(C(=O)O)cc3c(=O)c2c1,361.3750000000001,2.2848000000000006,1,5,4,104.89000000000001,25,0,0.17045454545454544
DEC_0642,ACT_015,CHEMBL13869,COCCN(CCOC)c1nn2c(-c3ccc(C)cc3)nnc2c2ccccc12,391.4750000000001,3.352120000000002,0,6,8,64.78,29,0,0.17045454545454544
DEC_0643,ACT_015,CHEMBL266462,CN(C)c1ncnc2c1ncn2Cc1ccc(OCc2ccccc2)cc1,359.43300000000005,3.5196000000000023,0,5,6,56.07000000000001,27,0,0.17073170731707318
DEC_0644,ACT_015,CHEMBL433224,CC1(C)Oc2cc([N+](=O)[O-])sc2[C@@H](NC(=O)c2ccc([N+](=O)[O-])cc2)[C@@H]1O,393.3770000000001,2.5675000000000003,2,8,4,144.84,27,0,0.17073170731707318
DEC_0645,ACT_015,CHEMBL7035,CC1(C)N=C(N)N=C(N)N1c1ccc(OCc2ccc(Cl)c(Cl)c2)cc1,392.2900000000001,3.757900000000001,2,6,4,89.22999999999999,26,0,0.17142857142857143
DEC_0646,ACT_015,CHEMBL428891,CC1(C)Oc2ccc(C#N)cc2[C@H](N(Cc2ncc[nH]2)c2ccccc2)[C@H]1O,374.444,3.5611800000000025,2,5,4,85.17,28,0,0.1717171717171717
DEC_0647,ACT_015,CHEMBL273900,CC1(C)Oc2ccc(C#N)cc2[C@@H](N(Cc2ncc[nH]2)c2ccccc2)[C@@H]1O,374.444,3.5611800000000025,2,5,4,85.17,28,0,0.1717171717171717
DEC_0648,ACT_015,CHEMBL22191,N#Cc1ccc(CCCn2ncc3c2nc(N)n2nc(-c4ccco4)nc32)cc1,384.40300000000013,2.8206800000000003,1,7,5,123.85,29,0,0.1717171717171717
DEC_0649,ACT_015,CHEMBL276058,Cc1c(Sc2cccc(C(C)(C)C)c2)n(COCCO)c(=O)[nH]c1=O,364.4670000000001,2.26012,2,5,6,84.32,25,0,0.17204301075268819
DEC_0650,ACT_015,CHEMBL279587,Fc1ccc(-c2ncn(CCCN3CCOCC3)c2-c2ccncn2)cc1,367.428,2.868500000000001,0,5,6,56.07000000000001,27,0,0.1724137931034483
DEC_0651,ACT_015,CHEMBL282026,CC(C)N(C)S(=O)(=O)c1ccc2oc3ccc(C(=O)O)cc3c(=O)c2c1,375.40200000000016,2.673300000000001,1,5,4,104.89000000000001,26,0,0.1724137931034483
DEC_0652,ACT_015,CHEMBL30352,C=CCC1=CC2(OC)C(=CC1=O)O[C@H](c1cc(OC)c(OC)c(OC)c1)[C@H]2C,386.44400000000013,3.7741000000000025,0,6,7,63.22000000000001,28,0,0.1724137931034483
DEC_0653,ACT_015,CHEMBL279975,Nc1nc2c(cnn2CCc2ccccc2)c2nc(-c3ccc(O)cc3)nn12,371.40400000000005,2.671500000000001,2,6,4,107.15,28,0,0.1728395061728395
DEC_0654,ACT_016,CHEMBL283171,C=C(CC[C@]12O[C@H](CN)[C@@](O)(C(=O)O)[C@](C(=O)O)(O1)[C@H](O)[C@H]2O)[C@@H](OC(C)=O)[C@H](C)Cc1ccccc1,523.5350000000003,-0.4217999999999942,6,10,11,206.06999999999996,37,0,0.1951219512195122
DEC_0655,ACT_016,CHEMBL282341,C=C(CC[C@]12O[C@H](CO)[C@@](O)(C(=O)O)[C@](C(=O)O)(O1)[C@H](O)[C@H]2O)[C@@H](OC(C)=O)[C@H](C)Cc1ccccc1,524.5190000000002,-0.38819999999999544,6,10,11,200.27999999999997,37,0,0.19753086419753085
DEC_0656,ACT_016,CHEMBL538904,Nc1nc2c(ncn2C2C=CC(OCP(=O)(O)OP(=O)(O)OP(=O)(O)O)C2)c(=O)[nH]1,487.1950000000001,-0.04280000000000056,6,10,8,249.40999999999994,30,0,0.21782178217821782
DEC_0657,ACT_016,CHEMBL288409,Cc1cccc(N2CCN(CC3OC(CC(=O)N[C@@H](CCC(=O)O)C(=O)O)C(O)C(O)C3O)CC2)c1C,523.5830000000003,-0.9001599999999945,6,9,10,180.1,37,0,0.22
DEC_0658,ACT_016,CHEMBL417696,Nc1nc(O)c2c(n1)NCC(CNc1ccc(C(=O)NC(CCS(=O)(=O)O)C(=O)O)cc1)C2,480.5030000000002,-0.0783999999999998,7,10,9,216.85999999999996,33,0,0.22330097087378642
DEC_0659,ACT_016,CHEMBL38902,Nc1nc(O)c2c(n1)NCC(CNc1ccc(C(=O)NC(CCP(=O)(O)O)C(=O)O)cc1)C2,480.4180000000002,0.21149999999999963,8,9,9,220.01999999999995,33,0,0.22549019607843138
DEC_0660,ACT_016,CHEMBL54224,Nc1nc2c(ncn2[C@H]2CC[C@@H](COP(=O)(O)OP(=O)(O)OP(=O)(O)O)O2)c(=O)[nH]1,491.18300000000005,-0.2773000000000005,6,11,8,258.63999999999993,30,0,0.24242424242424243
DEC_0661,ACT_016,CHEMBL44687,CC(=O)NCC(=O)NCC(=O)N[C@@H](C)C(=O)N[C@@H](CC(=O)O)C(=O)Nc1ccc2c(C)cc(=O)oc2c1,517.4950000000003,-1.243579999999995,6,8,11,213.01,37,0,0.25
DEC_0662,ACT_016,CHEMBL290700,O=C(O)CC[C@H](NC(=O)CC1OC(CN2CCC(O)(Cc3ccccc3)CC2)C(O)C(O)C1O)C(=O)O,524.5670000000002,-1.2695999999999954,7,9,11,197.08999999999997,37,0,0.25333333333333335
DEC_0663,ACT_016,CHEMBL27642,CN(Cc1cnc2nc(N)nc(N)c2n1)c1ccc(C(=O)NC(CCP(=O)(O)O)C(=O)O)cc1,490.4170000000002,-0.02859999999999857,6,10,9,230.76999999999995,34,0,0.25510204081632654
DEC_0664,ACT_016,CHEMBL17340,CC1(c2ccc(C(=N)N)cc2)NC(=O)N(CC(=O)NCC(NC(=O)OCc2ccccc2)C(=O)O)C1=O,510.5070000000003,0.23347000000000134,6,7,10,204.00999999999996,37,0,0.25925925925925924
DEC_0665,ACT_016,CHEMBL23594,C#CCN(CC1=Nc2c(O)nc(N)nc2NC1)c1ccc(C(=O)NC(CCC(=O)O)C(=O)O)cc1,481.4690000000003,0.45000000000000073,6,10,10,203.35999999999996,35,0,0.2621359223300971
DEC_0666,ACT_016,CHEMBL39175,Nc1nc(O)c2cc(CNc3ccc(C(=O)NC(CCS(=O)(=O)O)C(=O)O)cc3)cnc2n1,476.4710000000002,0.38560000000000005,6,10,9,217.71999999999997,33,0,0.26804123711340205
DEC_0667,ACT_016,CHEMBL281024,Nc1nc(N)c2nc(CNc3ccc(C(=O)NC(CCOP(=O)(O)O)C(=O)O)cc3)cnc2n1,492.38900000000024,-0.1212999999999998,7,11,10,248.7899999999999,34,0,0.26804123711340205
DEC_0668,ACT_016,CHEMBL38313,CC(=O)N(CC1CNc2nc(N)nc(O)c2C1)c1ccc(C(=O)N[C@@H](CCC(=O)O)C(=O)O)cc1,486.48500000000024,0.449500000000001,6,9,9,208.06999999999996,35,0,0.27
DEC_0669,ACT_016,CHEMBL27335,Nc1nc(N)c2nc(CNc3ccc(C(=O)NC(CCCP(=O)(O)O)C(=O)O)cc3)cnc2n1,490.41700000000026,0.3371999999999998,7,10,10,239.55999999999995,34,0,0.2708333333333333
DEC_0670,ACT_016,CHEMBL23784,C#CCN(CC1CNc2nc(N)nc(O)c2N1)c1ccc(C(=O)NC(CCC(=O)O)C(=O)O)cc1,483.48500000000024,0.15800000000000047,7,10,10,203.02999999999997,35,0,0.27184466019417475
DEC_0671,ACT_016,CHEMBL55030,CN(Cc1cnc2nc(N)nc(N)c2n1)c1ccc(C(=O)NC(CCC(=O)O)C(=O)NCC(=O)O)cc1,511.4990000000003,-0.615399999999996,6,11,11,239.63999999999996,37,0,0.2727272727272727
DEC_0672,ACT_016,CHEMBL281936,Nc1nc(N)c2nc(CNc3ccc(C(=O)NC(CCS(=O)(=O)O)C(=O)O)cc3)cnc2n1,476.47500000000025,-0.34279999999999866,6,11,9,236.39999999999992,33,0,0.2736842105263158
DEC_0673,ACT_016,CHEMBL277734,CC1(c2ccc(CN)cc2)NC(=O)N(CC(=O)N[C@@H](CC(=O)O)C(=O)N[C@H](C(=O)O)c2ccccc2)C1=O,525.5180000000003,-0.18609999999999638,6,7,11,208.23,38,0,0.27631578947368424
DEC_0674,ACT_016,CHEMBL27149,Nc1nc(N)c2nc(CNc3ccc(C(=O)NC(CCP(=O)(O)O)C(=O)O)cc3)cnc2n1,476.3900000000002,-0.052900000000000114,7,10,9,239.55999999999995,33,0,0.2765957446808511
DEC_0675,ACT_016,CHEMBL35517,NC(=O)CN(Cc1ccc2nc(N)nc(O)c2c1)c1ccc(C(=O)NC(CCC(=O)O)C(=O)O)cc1,496.48000000000025,0.45730000000000015,6,9,11,222.05999999999997,36,0,0.28125
DEC_0676,ACT_016,CHEMBL281213,CCNC(=O)C1OC(n2cnc3c(N)nc(NCCc4ccc(CCC(=O)O)cc4)nc32)C(O)C1O,499.52800000000025,-0.16439999999999827,6,10,10,197.73999999999995,36,0,0.28431372549019607
DEC_0677,ACT_016,CHEMBL291471,CCNC(=O)[C@H]1OC(n2cnc3c(N)nc(NCCc4ccc(CCC(=O)O)cc4)nc32)[C@H](O)[C@@H]1O,499.52800000000025,-0.16439999999999827,6,10,10,197.73999999999995,36,0,0.28431372549019607
DEC_0678,ACT_016,CHEMBL32762,C[C@H](NC(=O)[C@H](CC1CCCCC1)NC(=O)c1n[nH]c(N)n1)C(=O)N[C@@H](Cc1ccccc1)C(N)=O,498.5880000000002,0.17320000000000502,6,7,11,197.98,36,0,0.2857142857142857
DEC_0679,ACT_016,CHEMBL60860,CCNC(=O)[C@H]1OC(n2cnc3c(N)nc(NCCc4ccc(OCC(=O)O)cc4)nc32)[C@H](O)[C@@H]1O,501.5000000000002,-0.7181999999999977,6,11,10,206.96999999999997,36,0,0.2857142857142857
DEC_0680,ACT_016,CHEMBL52715,CN(Cc1cnc2nc(N)nc(N)c2n1)c1ccc(C(=O)NC(CCC(=O)NCC(=O)O)C(=O)O)cc1,511.4990000000003,-0.6153999999999968,6,11,11,239.63999999999996,37,0,0.29591836734693877
DEC_0681,ACT_017,CHEMBL52638,N=C(N)NS(=O)(=O)C(F)(F)C(F)(F)C(F)(F)C(F)(F)C(F)(F)C(F)(F)C(F)(F)C(F)(F)F,541.183,3.7661700000000002,3,3,8,96.03999999999999,32,0,0.1076923076923077
DEC_0682,ACT_017,CHEMBL51151,COC(=N)NS(=O)(=O)C(F)(F)C(F)(F)C(F)(F)C(F)(F)C(F)(F)C(F)(F)C(F)(F)C(F)(F)F,556.1940000000001,4.45387,2,4,8,79.25,33,0,0.1206896551724138
DEC_0683,ACT_017,CHEMBL22785,C=C(CC[C@H](O)[C@@]1(C)CC[C@H](C(C)(C)O)O1)[C@H]1CC[C@H]2O[C@@H]([C@]3(C)CC[C@@H](C(C)(C)O)O3)CC[C@]2(C)O1,524.7390000000004,4.586200000000004,3,7,8,97.61000000000001,37,0,0.12941176470588237
DEC_0684,ACT_017,CHEMBL300071,O=[N+]([O-])c1ccccc1Cn1c2c(c3ccccc31)C[C@@]1(O)[C@H]3Cc4ccc(O)c5c4[C@@]1(CCN3CC1CC1)[C@H]2O5,549.6270000000004,5.002500000000004,2,6,5,101.0,41,0,0.13761467889908258
DEC_0685,ACT_017,CHEMBL279534,Cc1cn(C2C=CC(COP(=O)(OCC(Cl)(Cl)Cl)OCC(Cl)(Cl)Cl)O2)c(=O)[nH]c1=O,566.973,4.196920000000002,1,7,8,108.85,30,0,0.13793103448275862
DEC_0686,ACT_017,CHEMBL287194,C=C(Cl)CN1C[C@H](OCC23C[C@@H]4[C@H](C)CC[C@H]4C4(C=O)CC2C=C(C(C)C)[C@@]34C(=O)O)O[C@@H]2CCC[C@H]21,532.1210000000003,5.259500000000005,1,5,8,76.07000000000001,37,0,0.1388888888888889
DEC_0687,ACT_017,CHEMBL417597,C/C=C/CC(O)[C@@H](C)[C@H](O)[C@H](C)[C@H]1OC(=O)/C(OC)=C/C(C)=C/[C@@H](C)[C@@H](O)[C@@H](C)C/C(C)=C/C=C/[C@@H]1OC,534.7340000000003,4.889300000000005,3,7,8,105.45,38,0,0.14414414414414414
DEC_0688,ACT_017,CHEMBL298301,O=C1C2C(C(=O)N1Nc1ccc([N+](=O)[O-])cc1[N+](=O)[O-])[C@@]1(Cl)C(Cl)=C(Cl)[C@]2(Cl)C1(Cl)Cl,550.9530000000003,4.2766,1,7,4,135.69000000000003,31,0,0.14736842105263157
DEC_0689,ACT_017,CHEMBL38727,C[C@@H]1CC2C3C[C@H](F)C4=CC(=O)C=CC4(C)[C@@]3(Cl)C(O)CC2(C)[C@@]1(OC(=O)c1ccco1)C(=O)CCl,539.4270000000004,4.817200000000004,1,6,4,93.81,36,0,0.1485148514851485
DEC_0690,ACT_017,CHEMBL294246,C/C=C/CC(=O)[C@@H](C)[C@H](O)[C@H](C)[C@H]1OC(=O)/C(OC)=C/C(C)=C/[C@@H](C)[C@@H](O)[C@@H](C)C/C(C)=C/C=C/[C@@H]1OC,532.7180000000002,5.0975000000000055,2,7,8,102.29,38,0,0.1504424778761062
DEC_0691,ACT_017,CHEMBL47934,O=S(=O)(c1ccc2ccccc2c1)N1C[C@H](S)C[C@H]1c1nnc(SCC2CC2)n1-c1ccccc1,522.7210000000003,5.3567000000000045,1,6,7,68.09,35,0,0.15217391304347827
DEC_0692,ACT_017,CHEMBL10679,CC1CC2C3CCC4=CC(=O)C=CC4(C)[C@@]3(Cl)C(Cl)CC2(C)[C@@]1(OC(=O)c1cccs1)C(=O)CO,537.5050000000002,5.337700000000006,1,6,4,80.67,35,0,0.15217391304347827
DEC_0693,ACT_017,CHEMBL435955,C[C@@H]1CC2C3CCC4=CC(=O)C=CC4(C)[C@@]3(Cl)C(O)CC2(C)[C@@]1(OC(=O)c1cccs1)C(=O)CCl,537.5050000000003,5.337700000000006,1,6,4,80.67,35,0,0.15217391304347827
DEC_0694,ACT_017,CHEMBL81387,CCOC(=O)CCCC(=O)O[C@]1(C(=O)CCl)[C@@H](C)CC2C3CCC4=CC(=O)C=CC4(C)[C@@]3(F)[C@@H](O)CC21C,553.0670000000002,4.426500000000004,1,7,8,106.97000000000001,38,0,0.15315315315315314
DEC_0695,ACT_017,CHEMBL10566,CC1CC2C3CCC4=CC(=O)C=CC4(C)[C@@]3(Cl)C(Cl)CC2(C)[C@@]1(OC(=O)c1ccco1)C(=O)CO,521.4370000000004,4.8692000000000055,1,6,4,93.81000000000002,35,0,0.15384615384615385
DEC_0696,ACT_017,CHEMBL10669,CC1CC2C3CCC4=CC(=O)C=CC4(C)[C@@]3(Cl)C(Cl)CC2(C)[C@@]1(OC(=O)c1ccoc1)C(=O)CO,521.4370000000004,4.8692000000000055,1,6,4,93.81000000000002,35,0,0.15384615384615385
DEC_0697,ACT_017,CHEMBL290383,C[C@@H]1CC2C3CCC4=CC(=O)C=CC4(C)[C@@]3(Cl)C(O)CC2(C)[C@@]1(OC(=O)c1ccco1)C(=O)CCl,521.4370000000004,4.869200000000005,1,6,4,93.81,35,0,0.15384615384615385
DEC_0698,ACT_017,CHEMBL268012,Cl.O=C(C1CCCN1)N1CCCC1P(=O)(OCC(Cl)(Cl)Cl)OCC(Cl)(Cl)Cl,547.4580000000001,5.075400000000003,1,5,6,67.87,27,0,0.15476190476190477
DEC_0699,ACT_017,CHEMBL30737,C=C(Cl)CN1C[C@H](OCC23C[C@@H]4[C@H](C)CC[C@H]4C4(C=O)CC2C=C(C(C)C)[C@@]34C(=O)O)OC[C@H]1C(F)(F)F,560.0530000000005,5.269300000000005,1,5,8,76.07000000000001,38,0,0.15517241379310345
DEC_0700,ACT_017,CHEMBL283680,C=C(Br)CN1C[C@H](OCC23C[C@@H]4[C@H](C)CC[C@H]4C4(C=O)CC2C=C(C(C)C)[C@@]34C(=O)O)OC[C@H]1C,550.5340000000002,4.8830000000000044,1,5,8,76.07000000000001,35,0,0.1553398058252427
DEC_0701,ACT_017,CHEMBL284336,CC(C)C1=CC2CC3(C=O)[C@@H]4CC[C@@H](C)[C@H]4CC2(CO[C@H]2CN(CC=C(Cl)Cl)[C@H](C)CO2)[C@]13C(=O)O,540.5280000000002,5.2934000000000045,1,5,8,76.07,36,0,0.1553398058252427
DEC_0702,ACT_017,CHEMBL83389,CCOC(=O)CCC(=O)O[C@]1(C(=O)CCl)[C@@H](C)CC2C3CCC4=CC(=O)C=CC4(C)[C@@]3(F)[C@@H](O)CC21C,539.0400000000003,4.036400000000003,1,7,7,106.97000000000001,37,0,0.1559633027522936
DEC_0703,ACT_017,CHEMBL43248,C[C@H]1CC2C3CCC4=CC(=O)C=CC4(C)[C@@]3(F)C(O)CC2(C)[C@@]1(OC(=O)c1cccs1)C(=O)CCl,521.0500000000003,5.068400000000006,1,6,4,80.67,35,0,0.1565217391304348
DEC_0704,ACT_017,CHEMBL301038,C#CCOc1ccc(CC[C@](C)(O)[C@H]2C[C@@]34C=C[C@]2(OC)[C@@H]2Oc5c(OC)ccc6c5C23CCN(C)C4C6)cc1,541.6880000000003,4.311300000000004,1,6,8,60.39000000000001,40,0,0.1565217391304348
DEC_0705,ACT_017,CHEMBL34515,CC(C)C1=CC2CC3(C=O)[C@@H]4CC[C@@H](C)[C@H]4CC2(CO[C@H]2CN(C/C=C\Br)[C@H](C)CO2)[C@]13C(=O)O,550.5340000000003,4.8830000000000044,1,5,8,76.07,35,0,0.1568627450980392
DEC_0706,ACT_017,CHEMBL308233,CCC(=O)O[C@]1(C(=O)COC(=O)C(C)(C)C)CCC2C3C[C@H](F)C4=CC(=O)C=CC4(C)[C@@]3(F)C(O)CC21C,536.6120000000002,4.155600000000003,1,7,5,106.97000000000001,38,0,0.1574074074074074
DEC_0707,ACT_017,CHEMBL31801,CCCC(=O)N[C@@H](c1ccsc1)[C@@H](O)C(=O)OC1CC2C(C)(C)C1(C)[C@@]13CC(C)c4ccccc4[C@@]21O3,523.6950000000004,5.215900000000006,2,6,7,88.16000000000001,37,0,0.1592920353982301
DEC_0708,ACT_017,CHEMBL83845,C[C@H]1CC2C3CCC4=CC(=O)C=CC4(C)[C@@]3(F)[C@@H](O)CC2(C)[C@@]1(OC(=O)CCC(=O)OC(C)(C)C)C(=O)CCl,567.0940000000004,4.815000000000005,1,7,6,106.97,39,0,0.16
DEC_0709,ACT_017,CHEMBL291679,O=[N+]([O-])c1ccc(Cn2c3c(c4ccccc42)C[C@@]2(O)[C@H]4Cc5ccc(O)c6c5[C@@]2(CCN4CC2CC2)[C@H]3O6)cc1,549.6270000000004,5.002500000000004,2,6,5,101.0,41,0,0.16037735849056603
DEC_0710,ACT_017,CHEMBL73358,CCCc1nc(-n2cccc2C(O)C(F)(F)F)c(C#N)n1Cc1ccc(-c2ccccc2-c2nn[nH]n2)cc1,532.5300000000002,4.989080000000004,2,6,8,121.23,39,0,0.16037735849056603
DEC_0711,ACT_017,CHEMBL30994,CC(C)NC(=O)N[C@@H](c1ccsc1)[C@@H](O)C(=O)OC1CC2C(C)(C)C1(C)[C@@]13CC(C)c4ccccc4[C@@]21O3,538.7100000000004,5.0072000000000045,3,6,6,100.19000000000001,38,0,0.16071428571428573
DEC_0712,ACT_017,CHEMBL296496,Cc1cn(C2OC(COC(c3ccccc3)(c3ccccc3)c3ccccc3)C(N=[N+]=[N-])C2F)c(=O)[nH]c1=O,527.5560000000002,4.768120000000004,1,5,8,122.07999999999998,39,0,0.16304347826086957
DEC_0713,ACT_017,CHEMBL289759,Cc1cn(C2OC(COC(c3ccccc3)(c3ccccc3)c3ccccc3)C(F)C2N=[N+]=[N-])c(=O)[nH]c1=O,527.5560000000002,4.768120000000004,1,5,8,122.07999999999998,39,0,0.16304347826086957
DEC_0714,ACT_017,CHEMBL311170,CCN(CC)Cc1ccc(C(=O)OCC(=O)[C@@]2(O)CCC3C4CCC5=CC(=O)CCC5(C)C4C(O)CC32C)cc1,551.7240000000004,4.488100000000004,2,7,8,104.14,40,0,0.16346153846153846
DEC_0715,ACT_017,CHEMBL31423,COC(=O)N[C@@H](c1ccc(O)cc1)[C@@H](O)C(=O)OC1CC2C(C)(C)C1(C)[C@@]13CC(C)c4ccccc4[C@@]21O3,521.6100000000004,4.299700000000003,3,7,5,117.62000000000002,38,0,0.1650485436893204
DEC_0716,ACT_017,CHEMBL430603,CC(C)C(=O)OCC(=O)[C@@]1(OC(=O)C(C)C)CCC2C3C[C@H](F)C4=CC(=O)C=CC4(C)[C@@]3(F)C(O)CC21C,536.6120000000002,4.011500000000003,1,7,6,106.97000000000001,38,0,0.1650485436893204
DEC_0717,ACT_017,CHEMBL23007,O=c1cc(-c2ccoc2)c2ccc(OCc3cccc(C4(O)CC5COC(C4)O5)n3)cc2n1Cc1ccccc1,536.5840000000004,5.006700000000003,1,7,7,95.95000000000002,40,0,0.1651376146788991
DEC_0718,ACT_017,CHEMBL288229,CCSCc1ccc2c(c1)c1c3c(c4c5ccccc5n5c4c1n2[C@@]1(C)O[C@@H]5C[C@]1(O)C(=O)OC)C(=O)NC3,541.6290000000002,4.908200000000006,2,6,4,94.72,39,0,0.16521739130434782
DEC_0719,ACT_017,CHEMBL36891,CCSCc1ccc2c(c1)c1c3c(c4c5ccccc5n5c4c1n2[C@H]1C[C@](O)(C(=O)OC)[C@]5(C)O1)CNC3=O,541.6290000000004,4.908200000000005,2,6,4,94.72,39,0,0.16521739130434782
DEC_0720,ACT_017,CHEMBL282565,CC(=O)Nc1ccccc1Cn1c2c(c3ccccc31)C[C@@]1(O)C3Cc4ccc(O)c5c4C1(CCN3CC1CC1)[C@H]2O5,561.6820000000002,5.052700000000004,3,5,5,86.96000000000001,42,0,0.16666666666666666
DEC_0721,ACT_017,CHEMBL49081,CSc1nnc([C@@H]2C[C@@H](S)CN2S(=O)(=O)c2ccc3ccccc3c2)n1-c1c(F)c(F)cc(F)c1F,554.6160000000002,5.132900000000003,1,6,5,68.09,36,0,0.16666666666666666
DEC_0722,ACT_017,CHEMBL63709,CCCC(=O)O[C@]1(C(=O)COC(=O)C(C)C)CCC2C3C[C@H](F)C4=CC(=O)C=CC4(C)[C@@]3(F)C(O)CC21C,536.6120000000002,4.155600000000003,1,7,7,106.97000000000001,38,0,0.16666666666666666
DEC_0723,ACT_017,CHEMBL287874,Cc1cn(C2OC(COC(c3ccccc3)(c3ccccc3)c3ccccc3)C(N=[N+]=[N-])C2O)c(=O)[nH]c1=O,525.5650000000002,3.790920000000003,2,6,8,142.31,39,0,0.16822429906542055
DEC_0724,ACT_017,CHEMBL277291,O=[N+]([O-])c1cccc(Cn2c3c(c4ccccc42)C[C@@]2(O)[C@H]4Cc5ccc(O)c6c5[C@@]2(CCN4CC2CC2)[C@H]3O6)c1,549.6270000000004,5.002500000000004,2,6,5,101.0,41,0,0.16822429906542055
DEC_0725,ACT_017,CHEMBL291556,CO[C@]1(OC(=O)CCCN(C)C)CC2O[C@]1(C)n1c3ccccc3c3c4c(c5c6ccccc6n2c5c31)C(=O)NC4,552.6310000000002,4.978700000000004,1,6,6,86.96000000000001,41,0,0.16831683168316833
DEC_0726,ACT_017,CHEMBL45099,CN(CCCn1c(N)nc2cc(Br)ccc21)CCCn1c(N)nc2cc(Br)ccc21,535.2880000000002,4.487600000000002,2,5,8,90.92,30,0,0.16901408450704225
DEC_0727,ACT_017,CHEMBL57947,CN1CCN(CCCNc2ncc3cc(-c4c(Cl)cccc4Cl)c(/N=C(/S)NC(C)(C)C)nc3n2)CC1,561.587,5.353400000000003,3,7,7,81.57000000000001,37,0,0.1693548387096774
DEC_0728,ACT_017,CHEMBL73518,COc1ccc2c3c1O[C@@H]1[C@]34CCN(COOC(C)(C)C)[C@H](C2)[C@]42CC[C@@]1(OC)C(C(C)(O)C(C)(C)C)C2,529.7180000000003,5.0110000000000054,1,7,6,69.62,38,0,0.1694915254237288
DEC_0729,ACT_017,CHEMBL309481,CCN(CC)Cc1cccc(C(=O)OCC(=O)[C@@]2(O)CCC3C4CCC5=CC(=O)CCC5(C)C4C(O)CC32C)c1,551.7240000000004,4.488100000000004,2,7,8,104.14,40,0,0.17
DEC_0730,ACT_017,CHEMBL72459,N#Cc1ccc(Nc2nc(N)nc(Oc3c(Br)cc(Br)cc3Br)n2)cc1,541.001,5.148880000000001,2,7,4,109.74000000000001,26,0,0.17045454545454544
DEC_0731,ACT_018,CHEMBL413968,CCN(CC)c1nc(C)nc2c1sc(=S)n2-c1c(C)cc(C)cc1C,372.56300000000016,5.291370000000005,0,5,4,33.95,25,0,0.1111111111111111
DEC_0732,ACT_018,CHEMBL267372,COc1c2occc2c(CN(C(C)C)C(C)C)c2ccc(=O)oc12.Cl,365.857,4.588400000000005,0,5,5,55.82,25,0,0.13636363636363635
DEC_0733,ACT_018,CHEMBL16843,CC[S+]([O-])c1nnc(-c2cc(C(C)(C)C)c(O)c(C(C)(C)C)c2)s1,366.55200000000013,4.633200000000004,1,5,3,69.07000000000001,24,0,0.136986301369863
DEC_0734,ACT_018,CHEMBL274271,CC(C)(C)c1cc(-c2nnc(SCCN)s2)cc(C(C)(C)C)c1O,365.5680000000001,4.556500000000004,2,6,4,72.03,24,0,0.136986301369863
DEC_0735,ACT_018,CHEMBL7633,CCCc1cc(=O)oc2c3c(c4c(c12)OC(C)(C)C=C4)O[C@H](CC)[C@@H](C)C3=O,382.45600000000013,4.919500000000005,0,5,3,65.74000000000001,28,0,0.13793103448275862
DEC_0736,ACT_018,CHEMBL14981,C=CC(=O)OC1CCC(C)(C)C(/C=C/C(C)=C/C=C/C(C)=C/C(=O)O)=C1C,370.48900000000015,5.310300000000005,1,3,7,63.60000000000001,27,0,0.13953488372093023
DEC_0737,ACT_018,CHEMBL17218,CCSc1nnc(-c2nc(C(C)(C)C)c(O)c(C(C)(C)C)n2)s1,352.52900000000005,4.407700000000004,1,7,3,71.79,23,0,0.14084507042253522
DEC_0738,ACT_018,CHEMBL24927,C=CCN1CCN(C(c2ccccc2)c2ccc(-c3cccs3)cc2)CC1,374.5530000000001,5.308100000000006,0,3,6,6.48,27,0,0.14102564102564102
DEC_0739,ACT_018,CHEMBL7485,CCCc1cc(=O)oc2c(C(=O)CC)c(OCC)c3c(c12)OC(C)(C)C=C3,370.4450000000001,4.9211000000000045,0,5,6,65.74000000000001,27,0,0.14285714285714285
DEC_0740,ACT_018,CHEMBL28456,CCCCCc1cc(O)c2c(c1)OC(C)(C)[C@@H]1CC[C@H](CN(C)C)CC21,359.55400000000014,5.3574000000000055,1,3,6,32.7,26,0,0.14285714285714285
DEC_0741,ACT_018,CHEMBL28722,CCCCCc1cc(O)c2c(c1)OC(C)(C)[C@@H]1CCC(CN(C)C)CC21,359.55400000000014,5.3574000000000055,1,3,6,32.7,26,0,0.14285714285714285
DEC_0742,ACT_018,CHEMBL283523,COC1(c2csc(Sc3ccc4c(c3)CC/C4=N\O)c2)CCOCC1,375.5150000000002,4.675900000000004,1,6,4,51.05,25,0,0.14444444444444443
DEC_0743,ACT_018,CHEMBL27691,N#C/C(=N\O)c1ccc(Sc2cc(F)cc(C3CCOCC3)c2)cc1,356.42200000000014,4.572780000000003,1,5,4,65.61,25,0,0.14444444444444443
DEC_0744,ACT_018,CHEMBL276051,CCN(C)c1ccc(-c2nc3n(c2-c2ccc(N(C)CC)cc2)CCS3)cc1,392.5720000000001,5.235000000000005,0,4,6,24.300000000000004,28,0,0.14457831325301204
DEC_0745,ACT_018,CHEMBL7693,CCCc1cc(=O)oc2c(C(O)CC)c(OCC)c3c(c12)OC(C)(C)C=C3,372.4610000000001,4.771800000000004,1,5,6,68.9,27,0,0.14606741573033707
DEC_0746,ACT_018,CHEMBL281680,C=CCN1CCN(C(c2ccccc2)c2ccc(-c3ccccn3)cc2)CC1,369.5120000000001,4.641600000000004,0,3,6,19.37,28,0,0.14606741573033707
DEC_0747,ACT_018,CHEMBL14237,CN(C)c1ccc(-c2nnc3c4ccccc4c(N4CCCC4)nn23)cc1,358.4490000000002,3.6107000000000022,0,5,3,49.56,27,0,0.15053763440860216
DEC_0748,ACT_018,CHEMBL276619,Cc1ccccc1-c1nnc(/N=C/Nc2nnc(-c3ccccc3C)s2)s1,392.5130000000001,5.112340000000002,1,7,5,75.95,27,0,0.1506849315068493
DEC_0749,ACT_018,CHEMBL280471,CCONC1=NC(=O)/C(=C/c2cc(C(C)(C)C)c(O)c(C(C)(C)C)c2)O1,360.4540000000001,3.7820000000000027,2,5,3,80.15,26,0,0.1511627906976744
DEC_0750,ACT_018,CHEMBL16272,CCONC1=NC(=O)/C(=C/c2cc(C(C)(C)C)c(O)c(C(C)(C)C)c2)S1,376.5220000000001,4.498600000000004,2,5,3,70.92,26,0,0.1518987341772152
DEC_0751,ACT_018,CHEMBL284403,COC1(c2csc(Sc3ccc4c(c3)OCC/C4=N\O)c2)CCOCC1,391.51400000000024,4.5122000000000035,1,7,4,60.28,26,0,0.15384615384615385
DEC_0752,ACT_018,CHEMBL278110,CN(Cc1coc2nc(N)nc(N)c12)c1cc(Cl)c(Cl)c(Cl)c1,372.64300000000003,3.9838000000000013,2,6,3,94.2,23,0,0.15476190476190477
DEC_0753,ACT_018,CHEMBL281360,CC(CCCc1ccccn1)NC1c2ccccc2Oc2ccccc21,344.4580000000001,5.277700000000005,1,3,6,34.150000000000006,26,0,0.15584415584415584
DEC_0754,ACT_018,CHEMBL28077,CCCCCc1cc(O)c2c(c1)OC(C)(C)[C@@H]1CCC(CNC)CC21,345.5270000000001,5.0152000000000045,2,3,6,41.49,25,0,0.15789473684210525
DEC_0755,ACT_018,CHEMBL281702,CCCCCc1cc(O)c2c(c1)OC(C)(C)[C@@H]1CC[C@H](CNC)CC21,345.5270000000001,5.0152000000000045,2,3,6,41.49,25,0,0.15789473684210525
DEC_0756,ACT_018,CHEMBL25570,C/C(=N\O)c1ccc(Sc2cc(F)cc(C3CCOCC3)c2)cc1,345.43900000000014,5.069100000000004,1,4,4,41.82000000000001,24,0,0.15853658536585366
DEC_0757,ACT_018,CHEMBL14918,CCC(c1ccc(O)c(N(C)C)c1)C(CC)c1ccc(O)c(N(C)C)c1,356.51000000000005,4.917200000000006,2,4,7,46.940000000000005,26,0,0.15873015873015872
DEC_0758,ACT_018,CHEMBL282773,CO[C@]1(c2cc(F)cc(Sc3ccc(/C(C)=N/O)cc3)c2)CCO[C@@H](C)C1,389.4920000000002,5.215700000000004,1,5,5,51.05,27,0,0.16
DEC_0759,ACT_018,CHEMBL24925,C/C(=N\OCC#N)c1ccc(Sc2cc(F)cc(C3CCOCC3)c2)cc1,384.4760000000002,5.135080000000005,0,5,6,54.61,27,0,0.16
DEC_0760,ACT_018,CHEMBL25852,C=C(c1cc(Cl)cc(Cl)c1OCc1ccsc1)n1ccnc1,351.258,5.349400000000003,0,3,5,27.05,22,0,0.16091954022988506
DEC_0761,ACT_018,CHEMBL275937,CC(C)c1ccccc1Sc1c(O)cc(-c2cccc([N+](=O)[O-])c2)oc1=O,383.4250000000001,5.195200000000004,1,6,5,93.58000000000001,27,0,0.16091954022988506
DEC_0762,ACT_018,CHEMBL25348,CO[C@]1(c2cnc(Sc3ccc(/C(C)=N/O)cc3)s2)CCO[C@@H](C)C1,378.5190000000002,4.533100000000004,1,7,5,63.94000000000001,25,0,0.16091954022988506
DEC_0763,ACT_018,CHEMBL14472,CCC(c1ccc(O)c([N+](=O)[O-])c1)C(CC)c1ccc(O)c([N+](=O)[O-])c1,360.36600000000004,4.601600000000005,2,6,7,126.74000000000001,26,0,0.16393442622950818
DEC_0764,ACT_018,CHEMBL282946,Oc1cc2c(cc1OCc1ccccc1)OC1c3ccccc3OCC21,346.3820000000001,4.580900000000003,1,4,3,47.92,26,0,0.16455696202531644
DEC_0765,ACT_018,CHEMBL12671,CC(C)c1ccccc1Sc1c(O)cc(-c2ccc([N+](=O)[O-])cc2)oc1=O,383.4250000000001,5.195200000000004,1,6,5,93.58000000000001,27,0,0.16470588235294117
DEC_0766,ACT_018,CHEMBL28723,CSc1sc(C(=N)N)cc1-c1nc(-c2cnccc2Cl)cs1,366.9240000000001,4.592970000000001,2,6,4,75.65,22,0,0.16483516483516483
DEC_0767,ACT_018,CHEMBL6316,Cc1ccc(Sc2cncc3sc(/C=N/OCC(=O)O)cc23)cc1,358.44400000000013,4.191020000000003,1,6,6,71.78,24,0,0.16666666666666666
DEC_0768,ACT_018,CHEMBL8601,CCN(CC)CCNc1ccc2ncn3c4ccc(C)cc4c(=O)c1c23,348.4500000000002,3.500820000000002,1,4,6,49.64,26,0,0.16666666666666666
DEC_0769,ACT_018,CHEMBL11094,COc1cc(CC(C)N(C)C(C)C)c(OC)cc1I,377.26599999999996,3.579600000000003,0,3,6,21.700000000000003,19,0,0.16666666666666666
DEC_0770,ACT_018,CHEMBL274811,CC(C)(C)c1cc(C(=O)C[S+]([O-])CC2CC2)cc2c1OCC2(C)C,348.5080000000001,3.9955000000000034,0,3,5,49.36,24,0,0.16666666666666666
DEC_0771,ACT_018,CHEMBL16623,N#CCCn1nc(-c2ccc(OCc3ccccc3)cc2)sc1=S,353.47200000000004,4.833770000000003,0,5,6,50.84,24,0,0.16666666666666666
DEC_0772,ACT_018,CHEMBL19200,CC(/N=c1\c(O)c(O)\c1=N/c1ccc(-c2ccccc2)cc1)C(C)(C)C,348.4460000000001,4.2081000000000035,2,4,3,65.18,26,0,0.16666666666666666
DEC_0773,ACT_018,CHEMBL277419,N#C/C(=C\c1ccccc1OCCN1CCCCC1)c1noc2ccccc12,373.45599999999996,4.756680000000005,0,5,6,62.29,28,0,0.16666666666666666
DEC_0774,ACT_018,CHEMBL269178,O=C1O[C@H](c2cccc(Cl)c2)[C@@](Cn2cncn2)(c2cccc(Cl)c2)O1,390.2260000000001,4.388500000000001,0,5,4,66.24000000000001,26,0,0.16666666666666666
DEC_0775,ACT_018,CHEMBL22084,N#C/C(=C\c1ccccc1OCCN1CCCCCC1)c1noc2ccccc12,387.483,5.146780000000005,0,5,6,62.29,29,0,0.16666666666666666
DEC_0776,ACT_018,CHEMBL24381,CS(=O)(=O)c1ccc(C2=C(c3cncc(Br)c3)C(=O)CC2)cc1,392.27400000000017,3.521300000000002,0,4,3,64.1,23,0,0.16666666666666666
DEC_0777,ACT_018,CHEMBL32910,CN(C)Cc1cc(Cl)cc(Cc2cc(Cl)cc(CN(C)C)c2O)c1O,383.31900000000013,4.118600000000006,2,4,6,46.94,25,0,0.16666666666666666
DEC_0778,ACT_018,CHEMBL284568,COc1ccc2c3c1OC1C(=O)[C@@H](C)[C@H](C)C4C(C2)N(CC2CCC2)CCC314,381.5160000000003,3.595600000000003,0,4,3,38.77,28,0,0.16822429906542055
DEC_0779,ACT_018,CHEMBL12485,CC(C)c1ccccc1Sc1c(O)cc(-c2ccc(C#N)cc2)oc1=O,363.4380000000001,5.158680000000005,1,5,4,74.22999999999999,26,0,0.16831683168316833
DEC_0780,ACT_018,CHEMBL277894,O=c1c2ccccc2nc(/C=C(\O)c2ccncc2)n1-c1ccccc1Cl,375.81500000000005,4.490200000000002,1,4,3,68.00999999999999,27,0,0.16842105263157894
DEC_0781,ACT_019,CHEMBL32633,C=C1/C(=C\C=C\[C@H]2CCC[C@H]([C@H](C)CCCC(C)(C)O)C2(C)C)C[C@@H](O)C[C@@H]1O,404.6350000000001,5.560600000000007,3,3,7,60.69,29,0,0.1134020618556701
DEC_0782,ACT_019,CHEMBL286215,C=C1/C(=C\C=C\[C@@H]2CCC[C@H]([C@H](C)CCCC(C)(C)O)C2(C)C)C[C@@H](O)C[C@@H]1O,404.6350000000001,5.560600000000007,3,3,7,60.69,29,0,0.1134020618556701
DEC_0783,ACT_019,CHEMBL284246,C=C1/C(=C\C=C\[C@H]2CCC[C@H]([C@@H](C)CCCC(C)(C)O)C2(C)C)C[C@@H](O)C[C@@H]1O,404.6350000000001,5.560600000000007,3,3,7,60.69,29,0,0.1134020618556701
DEC_0784,ACT_019,CHEMBL431123,C=C1/C(=C\C=C\[C@@H]2CCC[C@H]([C@@H](C)CCCC(C)(C)O)C2(C)C)C[C@@H](O)C[C@@H]1O,404.6350000000001,5.560600000000007,3,3,7,60.69,29,0,0.1134020618556701
DEC_0785,ACT_019,CHEMBL15718,C=C1CC[C@@H](O)C(O)/C1=C/C=C1\CCCC2(C)C1CCC2[C@H](C)CCCC(C)(C)O,416.64600000000024,5.704700000000007,3,3,6,60.69,30,0,0.12087912087912088
DEC_0786,ACT_019,CHEMBL15856,C=C1CC[C@H](O)C(O)/C1=C/C=C1\CCCC2(C)C1CCC2[C@H](C)CCCC(C)(C)O,416.64600000000024,5.704700000000007,3,3,6,60.69,30,0,0.12087912087912088
DEC_0787,ACT_019,CHEMBL34066,C=C1/C(=C\C=C2/CCCC3(C)C2CCC3[C@@H](C)OCCCC(C)(C)O)C[C@@H](O)C[C@@H]1O,432.64500000000027,5.083600000000007,3,4,7,69.92,31,0,0.12371134020618557
DEC_0788,ACT_019,CHEMBL279771,CC(C)c1ccc(C(c2ccc(O)cc2)c2ccc(C(C)C)cc(=O)c2O)c(O)c(=O)c1,432.5160000000002,4.950800000000005,3,5,5,94.83000000000001,32,0,0.140625
DEC_0789,ACT_019,CHEMBL280452,CC(C)c1ccc(C(c2cccs2)c2ccc(C(C)C)cc(=O)c2O)c(O)c(=O)c1,422.5460000000002,5.306700000000006,2,5,5,74.6,30,0,0.14492753623188406
DEC_0790,ACT_019,CHEMBL35745,[N-]=[N+]=Nc1ccc2c(Nc3ccc(S(N)(=O)=O)cc3)c3ccc(N=[N+]=[N-])cc3nc2c1,431.4410000000001,5.662600000000002,2,6,5,182.60000000000002,31,0,0.14634146341463414
DEC_0791,ACT_019,CHEMBL279126,CC(C)c1ccc(C(c2ccc(N)cc2)c2ccc(C(C)C)cc(=O)c2O)c(O)c(=O)c1,431.5320000000002,4.827400000000005,3,5,5,100.62,32,0,0.14925373134328357
DEC_0792,ACT_019,CHEMBL275920,Cc1cc(C)cc(-c2[nH]c3ccccc3c2CCNCCCCc2cncnc2)c1,398.5540000000002,5.396740000000004,2,3,9,53.6,30,0,0.1566265060240964
DEC_0793,ACT_019,CHEMBL11101,Cc1cc(C)cc(-c2[nH]c3ccccc3c2CCNCCCCc2ccc(N)nc2)c1,412.58100000000024,5.583940000000004,3,3,9,66.73,31,0,0.15789473684210525
DEC_0794,ACT_019,CHEMBL274335,CN(C)CCCNc1[nH]c2ccccc2c2nc3c(ccc4ccc([N+](=O)[O-])cc43)c1-2,413.48100000000017,5.245900000000004,2,5,6,87.09,31,0,0.16161616161616163
DEC_0795,ACT_019,CHEMBL28783,CC(C)=CCC(OC(=O)c1cccc2ccccc12)C1=CC(=O)c2c(O)ccc(O)c2C1=O,442.46700000000027,5.138300000000005,2,6,5,100.9,33,0,0.16279069767441862
DEC_0796,ACT_019,CHEMBL24203,CC(C)CNC(=N)c1ccc(-c2ccc(-c3ccc(C(=N)NCC(C)C)cc3)o2)cc1,416.56900000000013,5.755540000000004,4,3,8,84.9,31,0,0.16666666666666666
DEC_0797,ACT_019,CHEMBL267558,Cc1cc(C)cc(-c2[nH]c3ccccc3c2CCNCCCCc2ccc(O)nc2)c1,413.5650000000002,5.707340000000006,3,3,9,60.94,31,0,0.16853932584269662
DEC_0798,ACT_019,CHEMBL37755,Cc1cc(SC2=C(O)OC(C)(CCc3ccc(O)cc3)CC2=O)c(C(C)(C)C)cc1N,441.59300000000025,5.780420000000006,3,6,5,92.77999999999999,31,0,0.17045454545454544
DEC_0799,ACT_019,CHEMBL22137,CCc1nc(N)nc(N)c1Cc1ccc(OCc2ccccc2)c(OCc2ccccc2)c1,440.54700000000014,4.952200000000004,2,6,9,96.28,33,0,0.1728395061728395
DEC_0800,ACT_019,CHEMBL32680,CCN(CC)CCNc1nc(Nc2cc(Cl)cc(Cl)c2)nc2ccccc12,404.3450000000001,5.433900000000003,2,5,8,53.08,27,0,0.1744186046511628
DEC_0801,ACT_019,CHEMBL413764,CSc1sc(C(=N)N)cc1-c1nc(-c2ccc(Cl)c([N+](=O)[O-])c2)cs1,410.9330000000001,5.106170000000001,2,7,5,105.9,25,0,0.17647058823529413
DEC_0802,ACT_019,CHEMBL281875,CCc1cc2c(O)cc(=O)n(Cc3ccc(-c4ccccc4-c4nn[nH]n4)cc3)c2s1,429.50500000000005,4.226400000000003,2,6,5,96.68999999999998,31,0,0.17647058823529413
DEC_0803,ACT_019,CHEMBL274292,O=C(O)c1ccc(O)c(C(=O)/C=C/c2ccccc2OCc2ccc3ccccc3n2)c1,425.44000000000017,5.113700000000003,2,5,7,96.72,32,0,0.17708333333333334
DEC_0804,ACT_019,CHEMBL32899,Brc1cccc(Nc2nc(NCCN3CCCC3)c3ccccc3n2)c1,412.3350000000002,4.643600000000003,2,5,6,53.080000000000005,26,0,0.1780821917808219
DEC_0805,ACT_019,CHEMBL20424,CC1(C)N=C(N)N=C(N)N1c1cccc(COc2cccc(-c3ccccc3)c2)c1,399.4980000000001,4.118100000000003,2,6,5,89.22999999999999,30,0,0.17857142857142858
DEC_0806,ACT_019,CHEMBL269572,Cc1c(C)c2c(c(C)c1O)C(COc1ccc(CC3SC(=O)NC3=O)cc1)C(C)(C)O2,441.54900000000015,4.545160000000004,2,6,5,84.86,31,0,0.17857142857142858
DEC_0807,ACT_019,CHEMBL31939,CN(C)c1ccc(Nc2nc(NC3CCC(N(C)C)CC3)nc3ccccc23)cc1,404.5620000000001,4.724100000000004,2,6,6,56.32,30,0,0.1794871794871795
DEC_0808,ACT_019,CHEMBL12573,CC(C)c1ccccc1Sc1c(O)cc(-c2ccc(O)c(C(=O)O)c2)oc1=O,398.43600000000015,4.690800000000005,3,6,5,107.97,28,0,0.1797752808988764
DEC_0809,ACT_019,CHEMBL284457,CN(C)C1CCC(Nc2nc(Nc3cccc(Br)c3)c3ccccc3n2)CC1,440.3890000000002,5.420600000000004,2,5,5,53.08,28,0,0.1797752808988764
DEC_0810,ACT_019,CHEMBL14219,CC(O)c1ccc(OCCCN2CCC(c3noc4cc(F)ccc34)CC2)c(O)c1,414.47700000000015,4.374300000000004,2,6,7,78.96000000000001,30,0,0.18
DEC_0811,ACT_019,CHEMBL27233,CCN(CC)CCn1nc2c3c(c(CNC(=O)OC)ccc31)Sc1ccc(O)cc1-2,426.54200000000014,4.071300000000003,2,6,7,79.62,30,0,0.18085106382978725
DEC_0812,ACT_019,CHEMBL273811,CCS(=O)(=O)Cc1ccc(Nc2nc(Nc3ccccc3)c3ccccc3n2)cc1,418.5220000000001,5.051700000000004,2,6,7,83.98,30,0,0.18181818181818182
DEC_0813,ACT_019,CHEMBL280419,N=C(NC1CCC1)c1ccc(-c2ccc(-c3ccc(C(=N)NC4CCC4)cc3)o2)cc1,412.5370000000002,5.5485400000000045,4,3,6,84.9,31,0,0.18181818181818182
DEC_0814,ACT_019,CHEMBL416074,COc1cc(NS(C)(=O)=O)ccc1Nc1c2ccccc2nc2cc([N+](=O)[O-])ccc12,438.4650000000002,4.419900000000003,2,7,6,123.46000000000001,31,0,0.18181818181818182
DEC_0815,ACT_019,CHEMBL286253,CCCc1cc2ncnc-2c(O)n1Cc1ccc(-c2ccccc2-c2nn[nH]n2)cc1,411.46900000000005,3.9364000000000026,2,6,6,105.39999999999999,31,0,0.1827956989247312
DEC_0816,ACT_019,CHEMBL408,Cc1c(C)c2c(c(C)c1O)CCC(C)(COc1ccc(CC3SC(=O)NC3=O)cc1)O2,441.54900000000015,4.374260000000002,2,6,5,84.86,31,0,0.1827956989247312
DEC_0817,ACT_019,CHEMBL285548,O=C(c1ccc(Cl)cc1)c1ccc(O)c(C(=O)Nc2ccc([N+](=O)[O-])cc2Cl)c1,431.2310000000001,5.090500000000003,2,5,5,109.53999999999999,29,0,0.18309859154929578
DEC_0818,ACT_019,CHEMBL27741,CNC(c1c(Cl)cc(O)cc1Cl)C(NC)c1c(Cl)cc(O)cc1Cl,410.12800000000016,4.932600000000003,4,4,5,64.52,24,0,0.1836734693877551
DEC_0819,ACT_019,CHEMBL28615,CCN(CC)CCCNc1nc(Nc2cc(Cl)cc(Cl)c2)c2ccccc2n1,418.3720000000001,5.824000000000005,2,5,9,53.08,28,0,0.1839080459770115
DEC_0820,ACT_019,CHEMBL10711,OC(c1ccc(Cl)cc1Cl)C(O)(Cn1cncn1)c1ccc(Cl)cc1,398.677,3.859700000000001,2,4,5,71.17,25,0,0.18421052631578946
DEC_0821,ACT_019,CHEMBL10311,OC(c1ccc(Cl)cc1)C(O)(Cn1cncn1)c1ccc(Cl)cc1Cl,398.67700000000013,3.859700000000001,2,4,5,71.17,25,0,0.18421052631578946
DEC_0822,ACT_019,CHEMBL10361,OC(c1ccc(Cl)cc1Cl)C(O)(Cn1cncn1)c1ccc(Cl)cc1Cl,433.12200000000007,4.5131000000000006,2,4,5,71.17,26,0,0.18421052631578946
DEC_0823,ACT_019,CHEMBL9320,C=CCCCCC(=O)O[C@H](CC=C(C)C)C1=CC(=O)c2c(O)ccc(O)c2C1=O,398.45500000000015,4.417700000000006,2,6,9,100.9,29,0,0.18478260869565216
DEC_0824,ACT_019,CHEMBL416701,CCCCC(O)(c1ccc(F)cc1)C(O)(Cn1cncn1)c1ccccc1Cl,403.885,4.036400000000003,2,4,8,71.17,28,0,0.18478260869565216
DEC_0825,ACT_019,CHEMBL34072,N#C/C(=C(/N)Sc1ccccc1N)c1cccc(C(O)c2ccc3c(c2)OCCO3)c1,431.5170000000002,4.064880000000003,3,7,5,114.52000000000001,31,0,0.18478260869565216
DEC_0826,ACT_019,CHEMBL9762,COP(=O)(Nc1ccc(Nc2c3ccccc3nc3cc(N)ccc23)cc1)OC,408.3980000000002,5.526600000000004,3,6,6,98.5,29,0,0.18518518518518517
DEC_0827,ACT_019,CHEMBL276550,CCN(CC)CCNc1ccc(/N=N/c2ccc(S(N)(=O)=O)cc2)c2ccccc12,425.55800000000016,4.656300000000003,2,6,9,100.14999999999998,30,0,0.18571428571428572
DEC_0828,ACT_019,CHEMBL9767,CS(=O)(=O)Nc1ccc(Nc2c3ccccc3nc3cc(S(C)(=O)=O)ccc23)cc1,441.5340000000002,3.906600000000002,2,6,5,105.22999999999999,30,0,0.18571428571428572
DEC_0829,ACT_019,CHEMBL289391,Cc1nc2c(n1Cc1ccc(-c3ccccc3-c3nn[nH]n3)cc1)/C(=C/C(=O)O)CCCC2,440.50700000000023,4.281320000000003,2,5,5,109.58,33,0,0.18604651162790697
DEC_0830,ACT_019,CHEMBL22403,Nc1nc(N)c(-c2cccc(Cl)c2)c(CCOCCCOc2ccccc2)n1,398.8940000000002,3.989600000000003,2,6,9,96.28,28,0,0.18681318681318682
DEC_0831,ACT_020,CHEMBL16684,CCc1c(Sc2cc(C)cc(C)c2)n(COCCO)c(=O)[nH]c1=O,350.44000000000005,1.8334399999999993,2,5,7,84.32,24,0,0.14634146341463414
DEC_0832,ACT_020,CHEMBL268498,CC1(C)CC(NP(=O)(O)N(CCCl)CCCl)CC(C)(C)N1O,376.2650000000001,2.8668000000000005,3,3,7,76.04,22,0,0.16216216216216217
DEC_0833,ACT_020,CHEMBL275812,C=C(c1c(C)c(C)cc(Cl)c1OCC(O)CNC(C)(C)C)n1ccnc1,377.91600000000005,3.8001400000000025,2,4,7,59.31,26,0,0.16853932584269662
DEC_0834,ACT_020,CHEMBL12652,O=C1CCC/C=C\C[C@@H]2C(/C=C\[C@@H](CCc3ccccc3)O1)[C@H](O)C[C@@H]2O,370.4890000000001,3.5753000000000026,2,4,3,66.76,27,0,0.1686746987951807
DEC_0835,ACT_020,CHEMBL279894,Cc1cc(I)cc(CNCCCN(C)C)c1O,348.2280000000002,2.3465200000000004,2,3,6,35.5,17,0,0.17073170731707318
DEC_0836,ACT_020,CHEMBL12513,O=P(O)(O)Cc1cc(-c2ccc(Cl)cc2)cc2nc(O)c(O)nc12,366.6970000000001,3.039100000000002,4,5,3,123.77000000000001,24,0,0.17105263157894737
DEC_0837,ACT_020,CHEMBL29902,CCC(C)c1ccc2c(c1)-c1nc(C(=O)O)cc(O)c1CS2(=O)=O,347.3920000000001,2.9532000000000007,2,5,3,104.56,24,0,0.17105263157894737
DEC_0838,ACT_020,CHEMBL10446,OC(c1ccc(F)cc1)C(O)(Cn1cncn1)c1ccc(Cl)cc1,347.77700000000004,2.692,2,4,5,71.17,24,0,0.1724137931034483
DEC_0839,ACT_020,CHEMBL274014,C=C(c1ccccc1OCC(O)CNC(C)(C)C)n1cnc2ccccc21,365.47700000000003,3.6831000000000023,2,4,7,59.31,27,0,0.17391304347826086
DEC_0840,ACT_020,CHEMBL22077,CCN(CC)CCNc1ccc(CO)c2sc3ccccc3c(=O)c12,356.4910000000001,3.660700000000002,2,5,7,52.57,25,0,0.17525773195876287
DEC_0841,ACT_020,CHEMBL28844,O=C(O)c1cn(C2CC2)c2c(F)c(N3CC/C(=N\O)C3)c(F)cc2c1=O,363.3200000000001,2.3531000000000004,2,5,3,95.13,26,0,0.17525773195876287
DEC_0842,ACT_020,CHEMBL26564,CCC(C)(O)C#Cc1nc(NCc2ccccc2)c2ncn(C(C)C)c2n1,363.4650000000001,3.5318000000000023,2,5,5,75.86000000000001,27,0,0.17647058823529413
DEC_0843,ACT_020,CHEMBL9479,c1cc(C2=NCCN2)ccc1CC1CCN(c2ccc(C3=NCCN3)cc2)CC1,387.5310000000002,2.8453000000000017,2,5,5,52.02,29,0,0.17647058823529413
DEC_0844,ACT_020,CHEMBL29051,O=C(O)c1cn(C2CC2)c2c(F)c(N3CCC(=NO)CC3)c(F)cc2c1=O,377.34700000000015,2.7432000000000007,2,5,3,95.13,27,0,0.17894736842105263
DEC_0845,ACT_020,CHEMBL275117,CCN(CC)CCNC(=O)c1c(C)[nH]c(/C=C2\C(=O)Nc3ccccc32)c1C,380.49200000000013,3.1958400000000013,3,3,7,77.23,28,0,0.17894736842105263
DEC_0846,ACT_020,CHEMBL283607,Nc1nccn1Cc1c2ccccc2c(Cn2ccnc2N)c2ccccc12,368.44400000000013,3.647000000000002,2,4,4,87.67999999999999,28,0,0.1791044776119403
DEC_0847,ACT_020,CHEMBL14241,CC(C)(C)NCC(O)COc1ccc(/C=C/CO)cc1Br,358.276,2.5824000000000007,3,4,7,61.72,21,0,0.1794871794871795
DEC_0848,ACT_020,CHEMBL17014,OCCN1CCN(C2=Nc3ccccc3CC=C2c2ccc(O)cc2)CC1,363.4610000000001,2.671800000000001,2,5,3,59.3,27,0,0.1794871794871795
DEC_0849,ACT_020,CHEMBL10242,c1cc(NC2=NCCN2)ccc1Cc1ccc(OCC2CCOCC2)cc1,365.4770000000002,3.4539000000000026,2,5,6,54.88000000000001,27,0,0.1797752808988764
DEC_0850,ACT_020,CHEMBL15201,Cc1cc2c(s1)CCC(CN[C@H]1CC[C@@H](Oc3ccccc3)[C@H]1O)C2=O,371.50200000000007,3.362120000000002,2,5,5,58.559999999999995,26,0,0.18
DEC_0851,ACT_020,CHEMBL14987,Cc1cc2c(s1)CCC(CN[C@H]1CC[C@@H](Oc3ccccc3)[C@@H]1O)C2=O,371.50200000000007,3.362120000000002,2,5,5,58.559999999999995,26,0,0.18
DEC_0852,ACT_020,CHEMBL15359,Cc1cc2c(s1)CCC(CN[C@@H]1CC[C@@H](Oc3ccccc3)[C@H]1O)C2=O,371.50200000000007,3.362120000000002,2,5,5,58.559999999999995,26,0,0.18
DEC_0853,ACT_020,CHEMBL15530,Nc1c(F)c(N2CCNCC2)c(Cl)c2c1c(=O)c(C(=O)O)cn2C1CC1,380.80700000000013,1.8189,3,5,3,100.59,26,0,0.18018018018018017
DEC_0854,ACT_020,CHEMBL16159,Cc1c(F)c(N2CCNCC2)c(Cl)c2c1c(=O)c(C(=O)O)cn2C1CC1,379.81900000000013,2.5451200000000007,2,4,3,74.57,26,0,0.18018018018018017
DEC_0855,ACT_020,CHEMBL429065,CNCc1ccccc1Sc1ccc(I)cc1CO,385.27000000000004,3.654100000000003,2,3,5,32.26,19,0,0.18032786885245902
DEC_0856,ACT_020,CHEMBL269459,OC(c1ccc(Cl)cc1)C(O)(Cn1cncn1)c1ccc(Cl)cc1,364.2320000000001,3.2063000000000015,2,4,5,71.17,24,0,0.18055555555555555
DEC_0857,ACT_020,CHEMBL268529,Cn1cc(C2=C(c3cn(CCN)c4ccccc34)C(=O)NC2=O)c2ccccc21,384.4390000000001,2.658900000000001,2,3,4,82.04999999999998,29,0,0.18055555555555555
DEC_0858,ACT_020,CHEMBL429778,CCc1c(Sc2cc(Cl)cc(Cl)c2)n(COCCO)c(=O)[nH]c1=O,391.27600000000024,2.523400000000001,2,5,7,84.32,24,0,0.18055555555555555
DEC_0859,ACT_020,CHEMBL9943,CCCC[C@]1(CO)CC2C3Cc4ccc(O)c5c4C2(CCN3C)C(O5)[C@@H]1O,373.49300000000017,2.2009000000000003,3,5,4,73.16000000000001,27,0,0.18085106382978725
DEC_0860,ACT_020,CHEMBL277797,Cc1c(F)c(N2CCC(N)C2)c(F)c2c1c(=O)c(C(=O)O)cn2C1CC1,363.3640000000001,2.15862,2,4,3,88.56,26,0,0.18085106382978725
DEC_0861,ACT_020,CHEMBL29565,NCCC1CN(c2c(F)cc3c(=O)c(C(=O)O)cn(C4CC4)c3c2F)CCO1,393.3900000000002,1.8668000000000002,2,5,5,97.79,28,0,0.1810344827586207
DEC_0862,ACT_020,CHEMBL14989,C=C(c1c(C)ccc(Cl)c1OCC(O)CNC(C)(C)C)n1ccnc1,363.88900000000007,3.4917200000000026,2,4,7,59.31,25,0,0.18181818181818182
DEC_0863,ACT_020,CHEMBL15326,C=C(c1cc(Cl)cc(C)c1OCC(O)CNC(C)(C)C)n1ccnc1,363.88900000000007,3.4917200000000017,2,4,7,59.31,25,0,0.18181818181818182
DEC_0864,ACT_020,CHEMBL265410,C#CCN(Cc1ccc2nc(C)nc(O)c2c1)c1ccc(C(=O)NCCC)cc1,388.4710000000001,3.423420000000002,2,5,7,78.35,29,0,0.18181818181818182
DEC_0865,ACT_020,CHEMBL278809,CNCc1ccccc1Sc1ccc(I)cc1N,370.259,3.7440000000000015,2,3,4,38.05,18,0,0.18333333333333332
DEC_0866,ACT_020,CHEMBL278186,CC(C)c1c(Sc2ccccc2)n(COCCO)c(=S)[nH]c1=O,352.48100000000005,3.146890000000002,2,5,7,67.25,23,0,0.18421052631578946
DEC_0867,ACT_020,CHEMBL15273,CC1CN(c2c(F)c(N)c3c(=O)c(C(=O)O)cn(C4CC4)c3c2F)CC(C)N1,392.4060000000002,2.0816,3,5,3,100.59,28,0,0.18421052631578946
DEC_0868,ACT_020,CHEMBL29715,C[C@]12CC/C(=N\N=C(N)N)C=C1CC[C@@H]2CN1C(=O)c2ccccc2C1=O,365.4370000000001,2.0484999999999998,2,4,3,114.13999999999999,27,0,0.18478260869565216
DEC_0869,ACT_020,CHEMBL25977,CC(=O)Nc1cccc2ccc(S(=O)(=O)Nc3onc(C)c3C)cc12,359.40700000000015,3.2038400000000014,2,5,4,101.3,25,0,0.18518518518518517
DEC_0870,ACT_020,CHEMBL30077,CC(=O)Nc1cccc2cc(S(=O)(=O)Nc3onc(C)c3C)ccc12,359.4070000000001,3.2038400000000014,2,5,4,101.3,25,0,0.18518518518518517
DEC_0871,ACT_020,CHEMBL6307,C#CCN(Cc1ccc2nc(C)nc(O)c2c1)c1ccc(C(=O)NCC)cc1,374.4440000000001,3.0333200000000016,2,5,6,78.35,28,0,0.18556701030927836
DEC_0872,ACT_020,CHEMBL23965,CNc1cc(S(=O)(=O)Nc2ccc(N)cc2)cc(Br)n1,357.23300000000006,2.2687999999999997,3,5,4,97.11,20,0,0.18571428571428572
DEC_0873,ACT_020,CHEMBL18053,CC1(COc2ccc(CC3SC(=O)NC3=O)cc2)CCCC(O)C1,349.45200000000017,2.9007000000000014,2,5,5,75.63,24,0,0.18604651162790697
DEC_0874,ACT_020,CHEMBL281145,CN1CCC(O)(c2nc(-c3ccc(F)cc3)c(-c3ccncc3)[nH]2)CC1,352.41300000000007,3.1910000000000007,2,4,3,65.03999999999999,26,0,0.18604651162790697
DEC_0875,ACT_020,CHEMBL267293,Cc1[nH]c(/C=C2\C(=O)Nc3ccc(F)cc32)c(C)c1C(=O)NCCn1cncn1,394.4100000000001,2.28484,3,4,5,104.69999999999999,29,0,0.18627450980392157
DEC_0876,ACT_020,CHEMBL15438,CC1CN(c2c(F)cc3c(=O)c(C(=O)O)cn(C4CC4)c3c2F)CC(C)N1,377.39100000000013,2.4994000000000005,2,4,3,74.57,27,0,0.18666666666666668
DEC_0877,ACT_020,CHEMBL12393,CCC(CO)NC(=O)C1C=C2c3cccc4c3c(cn4C)CC2N(C)C1,353.4660000000001,1.9351,2,3,4,57.5,26,0,0.1875
DEC_0878,ACT_020,CHEMBL16559,Cc1c(F)c(N2CCC(C)(CN)C2)cc2c1c(=O)c(C(=O)O)cn2C1CC1,373.4280000000001,2.6572200000000006,2,4,4,88.56,27,0,0.1875
DEC_0879,ACT_020,CHEMBL283771,CC1CCC(/C=N/c2ccc3ccccc3c2)=C2NC=C(C(=O)O)C(=O)N21,361.4010000000001,3.3363000000000005,2,4,3,81.99999999999999,27,0,0.1875
DEC_0880,ACT_020,CHEMBL31851,NCC/N=C(\S)Nc1c(Br)cccc1Br,353.08299999999997,2.8680000000000003,3,2,3,50.41,15,0,0.1875
DEC_0881,ACT_021,CHEMBL277261,CC(CCC[C@H]1O[C@@H]([C@]2(C)CC[C@@H](Br)C(C)(C)O2)CC[C@]1(C)O)CC[C@H](O)[C@@]1(C)CC[C@H](C(C)(C)O)O1,591.6680000000005,6.05230000000001,3,6,10,88.38000000000001,37,0,0.12631578947368421
DEC_0882,ACT_021,CHEMBL281146,C=C(CC[C@H]1O[C@@H](C(C)(C)O)CC[C@]1(C)O)[C@H]1CC[C@H]2O[C@@H]([C@]3(C)CC[C@@H](Br)C(C)(C)O3)CC[C@]2(C)O1,587.6360000000001,5.988800000000007,2,6,6,77.38000000000001,37,0,0.13043478260869565
DEC_0883,ACT_021,CHEMBL280676,C=C(CC[C@H](O)[C@@]1(C)CC[C@H](C(C)(C)O)O1)[C@H]1CC[C@H]2O[C@@H]([C@]3(C)CC[C@@H](Br)C(C)(C)O3)CC[C@@]2(C)O1,587.6360000000001,5.988800000000007,2,6,7,77.38000000000001,37,0,0.13043478260869565
DEC_0884,ACT_021,CHEMBL277197,C/C(=C/C[C@@H](O)[C@]1(C)CC[C@H](C(C)(C)O)O1)[C@H]1CC[C@H]2O[C@@H]([C@]3(C)CC[C@@H](Br)C(C)(C)O3)CC[C@]2(C)O1,587.6360000000001,5.988800000000007,2,6,6,77.38000000000001,37,0,0.13043478260869565
DEC_0885,ACT_021,CHEMBL23600,C=C(CC[C@H](O)[C@@]1(C)CC[C@H](C(C)(C)O)O1)[C@H]1CC[C@H]2O[C@@H]([C@]3(C)CC[C@@H](Br)C(C)(C)O3)CC[C@]2(C)O1,587.6360000000001,5.988800000000007,2,6,7,77.38000000000001,37,0,0.13043478260869565
DEC_0886,ACT_021,CHEMBL23801,C/C(=C\C[C@H](O)[C@@]1(C)CC[C@H](C(C)(C)O)O1)[C@H]1CC[C@H]2O[C@@H]([C@]3(C)CC[C@@H](Br)C(C)(C)O3)CC[C@@]2(C)O1,587.6360000000001,5.988800000000007,2,6,6,77.38000000000001,37,0,0.13043478260869565
DEC_0887,ACT_021,CHEMBL23834,C=C(CC[C@@H](O)[C@]1(C)CC[C@H](C(C)(C)O)O1)[C@H]1CC[C@H]2O[C@@H]([C@]3(C)CC[C@@H](Br)C(C)(C)O3)CC[C@]2(C)O1,587.6360000000001,5.988800000000007,2,6,7,77.38000000000001,37,0,0.13043478260869565
DEC_0888,ACT_021,CHEMBL18962,C=C([C@@H](O)C[C@H](O)[C@@]1(C)CC[C@H](C(C)(C)O)O1)[C@H]1CC[C@H]2O[C@@H]([C@]3(C)CC[C@@H](Br)C(C)(C)O3)CC[C@]2(C)O1,603.6350000000001,4.959600000000005,3,7,7,97.61000000000001,38,0,0.13043478260869565
DEC_0889,ACT_021,CHEMBL23161,C=C([C@H](O)C[C@H](O)[C@@]1(C)CC[C@H](C(C)(C)O)O1)[C@H]1CC[C@H]2O[C@@H]([C@]3(C)CC[C@@H](Br)C(C)(C)O3)CC[C@]2(C)O1,603.6350000000001,4.959600000000005,3,7,7,97.61000000000001,38,0,0.13043478260869565
DEC_0890,ACT_021,CHEMBL423837,C=C(CC[C@H](O)[C@@]1(C)CC[C@H](C(C)(C)O)O1)[C@H]1CC[C@H]2O[C@]3(C)CC[C@@H](Br)C(C)(C)O[C@H]3CC[C@]2(C)O1,587.6360000000001,5.988800000000007,2,6,6,77.38000000000001,37,0,0.1348314606741573
DEC_0891,ACT_021,CHEMBL312293,Cc1cc(SC2=C(O)OC(CCc3ccc(O)cc3)(C(C)C)CC2=O)c(C(C)(C)C)cc1OS(=O)(=O)N(C)C,577.7650000000002,6.019520000000006,2,8,9,113.36999999999999,39,0,0.1415929203539823
DEC_0892,ACT_021,CHEMBL314892,CC(C)C[C@@H]1OC(=O)C(C)(C)CNC(=O)[C@@H](CC2CCCCC2)NC(=O)/C=C/C[C@@H]([C@H](C)/C=C/c2ccccc2)OC1=O,594.7930000000003,5.763100000000006,2,6,7,110.80000000000001,43,0,0.14285714285714285
DEC_0893,ACT_021,CHEMBL89807,CC(C)C[C@@H]1OC(=O)C(C)(C)CNC(=O)[C@@H](Cc2ccc(N)cc2)NC(=O)/C=C/C[C@@H]([C@H](C)/C=C/c2ccccc2)OC1=O,603.7600000000002,4.617600000000003,3,7,7,136.82000000000002,44,0,0.14285714285714285
DEC_0894,ACT_021,CHEMBL306421,Cc1cc(SC2=C(O)OC(CCc3ccc(N)cc3)(C(C)C)CC2=O)c(C(C)(C)C)cc1OS(=O)(=O)N(C)C,576.7810000000002,5.896120000000006,2,8,9,119.16000000000001,39,0,0.14655172413793102
DEC_0895,ACT_021,CHEMBL66420,CN(CCCNc1ccc2ncn3c4ccccc4c(=O)c1c23)CCCNc1ccc2nnn3c4ccccc4c(=O)c1c23,582.6680000000002,4.821800000000003,2,8,10,108.93,44,0,0.14814814814814814
DEC_0896,ACT_021,CHEMBL18968,C=C(C)[C@@H]1CC[C@]2(C(=O)N[C@@H](CC(=O)OC)C(=O)OC)CC[C@]3(C)[C@H](CC[C@@H]4[C@@]5(C)CC[C@H](O)C(C)(C)[C@@H]5CC[C@]43C)[C@@H]12,599.8530000000002,6.2258000000000076,2,6,6,101.93,43,0,0.14942528735632185
DEC_0897,ACT_021,CHEMBL70986,CCNS(=O)(=O)Oc1cc(C(C)(C)C)c(SC2=C(O)OC(CCc3ccc(O)cc3)(C(C)C)CC2=O)cc1C,577.7650000000003,6.0674200000000065,3,8,10,122.16000000000003,39,0,0.14953271028037382
DEC_0898,ACT_021,CHEMBL82446,CC(=O)O[C@@H]1[C@@H]2[C@@H](OC(C)=O)C=C3[C@H]([C@H](O)C[C@]4(C)[C@@H]([C@H](C)[C@H](O)CCC(C)C)CC[C@@H]34)[C@@]2(C)CC[C@@H]1OC(C)=O,576.7710000000004,4.984300000000005,2,8,8,119.36000000000001,41,0,0.15
DEC_0899,ACT_021,CHEMBL305204,CCNS(=O)(=O)Oc1cc(C(C)(C)C)c(SC2=C(O)OC(CCc3ccc(N)cc3)(C(C)C)CC2=O)cc1C,576.7810000000003,5.944020000000005,3,8,10,127.95000000000002,39,0,0.1504424778761062
DEC_0900,ACT_021,CHEMBL432373,CC(C)C[C@@H]1OC(=O)C(C)(C)CNC(=O)[C@@H](CC2CCCCC2)NC(=O)/C=C/C[C@@H]([C@H](C)[C@H]2O[C@@H]2c2ccccc2)OC1=O,610.7920000000004,5.189800000000004,2,7,7,123.33000000000001,44,0,0.15254237288135594
DEC_0901,ACT_021,CHEMBL54107,CO/C1=C\C(C)=C\[C@@H](C)[C@@H](O)[C@@H](C)C/C(C)=C/C=C/[C@H](OC)[C@@H]([C@@H](C)[C@@H](O)[C@H](C)C(=O)/C=C/[C@H](C)C(O)C(C)C)OC1=O,604.8250000000002,5.340500000000007,3,8,10,122.52000000000001,43,0,0.1568627450980392
DEC_0902,ACT_021,CHEMBL308695,O=C1N(Cc2ccc(CO)cc2)[C@H](CC2CCCCC2)[C@H](O)[C@@H](O)[C@@H](CC2CCCCC2)N1Cc1ccc(CO)cc1,578.7940000000004,5.508800000000007,4,5,10,104.47000000000001,42,0,0.15853658536585366
DEC_0903,ACT_021,CHEMBL431037,CN(C)C(=O)n1cc(C(=O)c2ccn3c2CS[C@@H]3c2cccnc2)c2ccc(-c3ccc(OP(=O)(O)O)cc3)cc21,588.5820000000002,5.5307000000000075,2,6,6,126.89000000000001,41,0,0.15966386554621848
DEC_0904,ACT_021,CHEMBL87165,CC(C)C[C@@H]1OC(=O)C(C)(C)CNC(=O)[C@@H](Cc2ccccc2)NC(=O)/C=C/C[C@@H]([C@H](C)/C=C/c2ccccc2)OC1=O,588.7450000000002,5.0354000000000045,2,6,7,110.80000000000001,43,0,0.16161616161616163
DEC_0905,ACT_021,CHEMBL290352,CCSCc1ccc2c(c1)c1c3c(c4c5cc(CSCC)ccc5n5c4c1n2[C@H]1C[C@](O)(C(=O)OC)[C@]5(C)O1)CNC3=O,615.7770000000002,6.161300000000006,2,7,7,94.72,43,0,0.1619047619047619
DEC_0906,ACT_021,CHEMBL277817,CCOCc1ccc2c(c1)c1c3c(c4c5cc(COCC)ccc5n5c4c1n2[C@H]1C[C@](O)(C(=O)OC)[C@]5(C)O1)CNC3=O,583.6410000000002,4.728100000000005,2,7,7,113.18,43,0,0.1619047619047619
DEC_0907,ACT_021,CHEMBL299496,CCSCc1ccc2c(c1)c1c3c(c4c5cc(CSCC)ccc5n5c4c1n2C1C[C@](O)(C(=O)OC)[C@]5(C)O1)CNC3=O,615.7770000000002,6.161300000000006,2,7,7,94.72,43,0,0.1619047619047619
DEC_0908,ACT_021,CHEMBL53885,CCOCc1ccc2c(c1)c1c3c(c4c5cc(COCC)ccc5n5c4c1n2C1C[C@](O)(C(=O)OC)[C@]5(C)O1)CNC3=O,583.6410000000002,4.728100000000005,2,7,7,113.18,43,0,0.1619047619047619
DEC_0909,ACT_021,CHEMBL94911,CCc1c(C)c2[nH]c1cc1[nH]c(cc3nc4c(c5nc(c2C=O)[C@@H](C)[C@@H]5CCC(=O)OC)CCC4=C3C)C(O)(CC)C1(C)O,598.7440000000004,5.943220000000007,4,7,6,141.19,44,0,0.16216216216216217
DEC_0910,ACT_021,CHEMBL286668,N#CN=C1N(Cc2cccc([N+](=O)[O-])c2)[C@H](Cc2ccccc2)[C@H](O)[C@@H](O)[C@@H](Cc2ccccc2)N1Cc1cccc([N+](=O)[O-])c1,620.6660000000002,4.602280000000004,2,8,10,169.37,46,0,0.1643835616438356
DEC_0911,ACT_021,CHEMBL320415,CN(CCCNc1ccc2ncn3c4ccccc4c(=O)c1c23)CCCNc1ccc2ncn3c4ccccc4c(=O)c1c23,581.6800000000003,5.4268000000000045,2,7,10,96.03999999999999,44,0,0.16455696202531644
DEC_0912,ACT_021,CHEMBL86812,CC(C)C[C@@H]1OC(=O)C(C)(C)CNC(=O)[C@@H](COCc2ccccc2)NC(=O)/C=C/C[C@@H]([C@H](C)/C=C/c2ccccc2)OC1=O,618.7710000000003,5.0095000000000045,2,7,9,120.03,45,0,0.16666666666666666
DEC_0913,ACT_021,CHEMBL319858,CC(O)c1c[n+]([O-])ccc1CC(c1ccc(C(O)(C(F)(F)F)C(F)(F)F)cc1)c1ccc(OC(F)F)c(OC(F)F)c1,617.4360000000001,6.2629000000000055,2,5,10,85.86000000000001,42,0,0.16666666666666666
DEC_0914,ACT_021,CHEMBL35901,N#CN=C1N(Cc2ccc([N+](=O)[O-])cc2)[C@H](Cc2ccccc2)[C@H](O)[C@@H](O)[C@@H](Cc2ccccc2)N1Cc1ccc([N+](=O)[O-])cc1,620.6660000000002,4.602280000000005,2,8,10,169.37,46,0,0.16901408450704225
DEC_0915,ACT_021,CHEMBL330219,CN(C)C(=O)n1cc(C(=O)c2ccn3c2CS[C@@H]3c2cccnc2)c2ccc(-c3ccc(C[C@H](N)C(=O)O)cc3)cc21,579.6820000000002,5.013600000000005,2,6,7,123.45,42,0,0.16964285714285715
DEC_0916,ACT_021,CHEMBL313117,CC(C)C[C@@H]1OC(=O)C(C)(C)CNC(=O)[C@@H](CCc2ccccc2)NC(=O)/C=C/C[C@@H]([C@H](C)/C=C/c2ccccc2)OC1=O,602.7720000000002,5.425500000000006,2,6,8,110.80000000000001,44,0,0.17
DEC_0917,ACT_021,CHEMBL318851,O=C1N(Cc2ccc3scnc3c2)[C@H](Cc2ccccc2)[C@H](O)[C@@H](O)[C@@H](Cc2ccccc2)N1Cc1ccc2scnc2c1,620.8000000000001,6.288200000000006,2,7,8,89.79,44,0,0.17142857142857143
DEC_0918,ACT_021,CHEMBL88030,CC(C)C[C@@H]1OC(=O)C(C)(C)CNC(=O)[C@@H](CCc2ccccc2)NC(=O)/C=C/C[C@@H]([C@H](C)[C@H]2O[C@@H]2c2ccccc2)OC1=O,618.7710000000002,4.852200000000004,2,7,8,123.33000000000001,45,0,0.1717171717171717
DEC_0919,ACT_021,CHEMBL315826,CC(C)C[C@@H]1OC(=O)C(C)(C)CNC(=O)[C@@H](CCc2ccccc2)NC(=O)/C=C/C[C@@H]([C@H](C)[C@@H]2O[C@H]2c2ccccc2)OC1=O,618.7710000000002,4.852200000000004,2,7,8,123.33000000000001,45,0,0.1717171717171717
DEC_0920,ACT_021,CHEMBL19093,C=C(C)[C@@H]1CC[C@]2(C(=O)N[C@@H](CCC(=O)O)C(=O)O)CC[C@]3(C)[C@H](CC[C@@H]4[C@@]5(C)CC[C@H](O)C(C)(C)[C@@H]5CC[C@]43C)[C@@H]12,585.8260000000002,6.439100000000008,4,4,7,123.93,42,0,0.1728395061728395
DEC_0921,ACT_021,CHEMBL109009,O=C(NCCCCc1ccccc1)c1ccc2[nH]c3c(c2c1)C[C@@]1(O)C2Cc4ccc(O)c5c4[C@@]1(CCN2CC1CC1)[C@H]3O5,589.7360000000003,5.325300000000005,4,5,8,97.82000000000001,44,0,0.17391304347826086
DEC_0922,ACT_021,CHEMBL27684,O=C1c2cccc3c2c(cc2ccoc23)C(=O)N1CCNCCCNCCN1C(=O)c2cccc3c2c(cc2ccoc23)C1=O,600.6310000000003,4.946900000000004,2,8,10,125.1,45,0,0.17647058823529413
DEC_0923,ACT_021,CHEMBL432093,Nc1noc2ccc(CN3C(=O)N(Cc4ccc5onc(N)c5c4)[C@H](Cc4ccccc4)[C@H](O)[C@H]3CCc3ccccc3)cc12,602.6950000000003,5.544800000000006,3,8,9,147.88,45,0,0.17647058823529413
DEC_0924,ACT_021,CHEMBL105243,[O-][n+]1ccc(CC(c2ccc(C(O)(C(F)(F)F)C(F)(F)F)cc2)c2ccc(OC(F)F)c(OC(F)F)c2)c(CO)c1,603.4090000000001,5.7019000000000055,2,5,10,85.86000000000001,41,0,0.17647058823529413
DEC_0925,ACT_021,CHEMBL71218,CCNS(=O)(=O)Oc1cc(C(C)(C)C)c(SC2=C(O)OC(CCc3ccc(O)cc3)(c3ccccc3)CC2=O)cc1C,611.7820000000002,6.5681200000000075,3,8,10,122.16000000000003,42,0,0.1782178217821782
DEC_0926,ACT_021,CHEMBL41446,CNC(=O)c1ccc(/C=C/C(=O)NCC(=O)N(C)c2ccc(Cl)c(COc3cccc4c(C)c(C)oc34)c2Cl)cc1,594.4950000000002,6.087440000000006,2,5,9,100.88000000000001,41,0,0.17857142857142858
DEC_0927,ACT_021,CHEMBL99385,O=C(c1ccn2c1CS[C@@H]2c1cccnc1)c1cn(C(=O)NCCS(=O)(=O)O)c2cc(-c3ccc(F)cc3)ccc12,590.6580000000004,5.114100000000004,2,6,7,123.29,41,0,0.17894736842105263
DEC_0928,ACT_021,CHEMBL305125,O=C1N(Cc2cccc(/C=N\O)c2)[C@H](Cc2ccccc2)[C@H](O)[C@@H](O)[C@@H](Cc2ccccc2)N1Cc1cccc(/C=N/O)c1,592.6960000000003,4.685000000000004,4,7,10,129.19,44,0,0.1791044776119403
DEC_0929,ACT_021,CHEMBL83829,N=C(c1cc(Cl)cc(Cl)c1)N(N)S(=O)(=O)c1cc(Cl)c(Oc2ccc([N+](=O)[O-])cc2Cl)c(Cl)c1,584.6520000000003,6.544070000000002,2,7,6,139.62,34,0,0.18072289156626506
DEC_0930,ACT_021,CHEMBL17950,C1CCC(NC2CCCCC2)CC1.NS(=O)(=O)c1cc(S(=O)(=O)O)c(NCc2ccco2)cc1Oc1ccccc1,605.7790000000002,5.819500000000005,4,8,9,160.95999999999995,41,0,0.18095238095238095
DEC_0931,ACT_022,CHEMBL278246,C/C(=C1/SC(N=C(N)N)=NC1=O)c1cc(C(C)(C)C)c(O)c(C(C)(C)C)c1,388.53700000000015,3.621000000000002,3,4,1,114.05999999999999,27,0,0.14102564102564102
DEC_0932,ACT_022,CHEMBL415464,Nc1ccc(S(=O)(=O)c2cc(Br)nc(Br)c2)cc1,392.072,3.021600000000001,1,4,2,73.05000000000001,18,0,0.14285714285714285
DEC_0933,ACT_022,CHEMBL23620,O=C(c1ccc2c(c1)c1c3c(cc4c1n2C(=O)CC4)CNCC3)N1CCOCC1,389.45500000000027,2.4990000000000006,1,4,1,63.57000000000001,29,0,0.15151515151515152
DEC_0934,ACT_022,CHEMBL35210,Br.Br.N=c1ccn(CCCCn2ccc(=N)cc2)cc1,404.15000000000015,2.8847400000000007,2,2,5,57.56,20,0,0.16129032258064516
DEC_0935,ACT_022,CHEMBL283177,NS(=O)(=O)c1ccc(-n2nc(C(F)(F)F)cc2-c2ccc(Cl)s2)cc1,407.826,3.9204000000000017,1,4,3,77.98,25,0,0.16883116883116883
DEC_0936,ACT_022,CHEMBL286679,[O-][S+](c1ccc(Br)cc1)c1ccc(C#CC2(O)CN3CCC2CC3)cc1,430.3670000000003,3.424000000000002,1,3,2,46.53,26,0,0.17333333333333334
DEC_0937,ACT_022,CHEMBL29562,NS(=O)(=O)c1ccc(-n2nc(C(F)(F)F)cc2-c2cc3ccccc3o2)cc1,407.3730000000001,3.9517000000000015,1,4,3,91.12,28,0,0.17391304347826086
DEC_0938,ACT_022,CHEMBL418370,Cc1nnc2n1-c1ccc(I)cc1C(c1ccccc1F)NC2,420.2290000000001,3.5120200000000015,1,3,1,42.74,23,0,0.1744186046511628
DEC_0939,ACT_022,CHEMBL283617,O=C1NCN(c2ccccc2)C12CCN(C1CCc3cccc(Cl)c3C1)CC2,395.93400000000014,3.6258000000000026,1,3,2,35.580000000000005,28,0,0.1744186046511628
DEC_0940,ACT_022,CHEMBL282454,CCn1cc(C(=O)O)c(=O)c2c(N3CCCC3)c(F)c(N3CCCC3)c(F)c21,391.4180000000002,3.1982000000000017,1,4,4,65.78,28,0,0.17475728155339806
DEC_0941,ACT_022,CHEMBL14238,CC(=O)NC(=S)NC[C@@H]1C[C@@H]2c3cc(C(C)(C)C)cc4[nH]cc(c34)C[C@H]2N(C)C1,412.6030000000002,3.4360000000000017,3,3,2,60.160000000000004,29,0,0.17647058823529413
DEC_0942,ACT_022,CHEMBL28545,NS(=O)(=O)c1ccc(-n2nc(C(=O)O)c(Cl)c2-c2ccc(Cl)cc2)cc1,412.25400000000013,3.191700000000001,2,4,4,115.28000000000002,26,0,0.17647058823529413
DEC_0943,ACT_022,CHEMBL274883,O=C(O)CCn1ccc2cc(C(=O)N3CCC4(CC3)CCN(c3ccncc3)C4)ccc21,432.5240000000002,3.6437000000000026,1,4,5,78.67,32,0,0.17708333333333334
DEC_0944,ACT_022,CHEMBL10716,O=c1oc(Nc2ccccc2I)nc2cc(F)c(F)cc12,400.12200000000007,3.814400000000001,1,4,2,55.13,21,0,0.1780821917808219
DEC_0945,ACT_022,CHEMBL29840,N#Cc1nn(-c2ccc(S(N)(=O)=O)cc2)c(-c2ccc(Cl)cc2)c1Cl,393.255,3.3651800000000014,1,4,3,101.76999999999998,25,0,0.1794871794871795
DEC_0946,ACT_022,CHEMBL268972,CC1(C)C=C(n2ccccc2=O)c2cc(S(=O)(=O)NC3CCCC3)ccc2O1,400.5000000000002,3.129400000000002,1,4,4,77.4,28,0,0.18
DEC_0947,ACT_022,CHEMBL27699,O=C1NCN(c2ccccc2)C12CCN(C1CCc3c(Cl)cccc3C1)CC2,395.93400000000014,3.6258000000000026,1,3,2,35.580000000000005,28,0,0.18072289156626506
DEC_0948,ACT_022,CHEMBL27540,CCn1cc(C(=O)O)c(=O)c2cc(Br)c(N3CCN(C)CC3)cc21,394.26900000000023,2.2339,1,4,3,65.78,24,0,0.18072289156626506
DEC_0949,ACT_022,CHEMBL417800,O=C(O)Cn1ccc2cc(C(=O)N3CCC4(CC3)CCN(c3ccncc3)C4)ccc21,418.4970000000001,3.2536000000000023,1,4,4,78.67,31,0,0.18085106382978725
DEC_0950,ACT_022,CHEMBL279226,O=C1NC(=O)c2c1c1c3ccccc3cnc1c1c2c2ccccc2n1CCCO,395.4180000000002,3.761900000000003,2,4,3,84.22,30,0,0.18181818181818182
DEC_0951,ACT_022,CHEMBL21610,O=C1NC(=O)c2c1c1cnc3ccccc3c1c1c2c2ccccc2n1CCCO,395.4180000000002,3.761900000000003,2,4,3,84.22,30,0,0.18181818181818182
DEC_0952,ACT_022,CHEMBL29899,CN(C)c1ccc(-c2cc(C(F)(F)F)nn2-c2ccc(S(N)(=O)=O)cc2)cc1F,428.41100000000006,3.4106000000000005,1,4,4,81.22,29,0,0.18478260869565216
DEC_0953,ACT_022,CHEMBL13803,O=C(O)CN1C(=O)c2cccc3cc(C(=O)CI)cc(c23)C1=O,423.1620000000001,2.1381000000000006,1,4,4,91.75,23,0,0.18571428571428572
DEC_0954,ACT_022,CHEMBL25715,CN1CCN(c2c(F)c(F)c3c(=O)c(C(=O)O)cn(-c4ccc(F)cc4)c3c2F)CC1,435.3770000000001,2.9971000000000014,1,4,3,65.78,31,0,0.18571428571428572
DEC_0955,ACT_022,CHEMBL36172,O=C1Nc2cc(C(F)(F)F)ccc2C1(O)c1cc(I)ccc1O,435.139,3.203600000000001,3,3,1,69.56,23,0,0.18571428571428572
DEC_0956,ACT_022,CHEMBL282093,NS(=O)(=O)c1ccc(-n2nc(C(F)(F)F)cc2-c2ccc(Cl)cc2)cc1,401.797,3.858900000000002,1,3,3,77.98,26,0,0.18604651162790697
DEC_0957,ACT_022,CHEMBL279647,Cc1c(F)c(N2CCC(C)(CN)C2)c(F)c2c1c(=O)c(C(=O)O)cn2C1CC1,391.4180000000001,2.7963200000000006,2,4,4,88.56,28,0,0.1875
DEC_0958,ACT_022,CHEMBL24639,O=C(O)CC(=O)N1CCC2(CCC(C(=O)N3CCC(C4CCNCC4)CC3)CC2)CC1,433.59300000000036,2.4982999999999995,2,4,4,89.95,31,0,0.1875
DEC_0959,ACT_022,CHEMBL418706,CC(O)(c1ccc(F)cc1)C(O)(Cn1cncn1)c1ccc(Cl)cc1Cl,396.24900000000014,3.5195000000000016,2,4,5,71.17,26,0,0.189873417721519
DEC_0960,ACT_022,CHEMBL274384,CCN(CC)C(=O)[C@@H]1C=C2c3cccc4[nH]c(Br)c(c34)C[C@H]2N(C)C1,402.3360000000001,3.6685000000000016,1,2,3,39.34,25,0,0.189873417721519
DEC_0961,ACT_022,CHEMBL268731,Cc1[nH]c(/C=C2\C(=O)Nc3ccc(F)cc32)c(C)c1C(=O)NCc1ccncc1,390.41800000000006,3.5883400000000023,3,3,4,86.88,29,0,0.189873417721519
DEC_0962,ACT_022,CHEMBL28801,CCc1ccc(-c2cc(C(F)(F)F)nn2-c2ccc(S(N)(=O)=O)cc2)cc1,395.40600000000006,3.767900000000001,1,3,4,77.98,27,0,0.19101123595505617
DEC_0963,ACT_022,CHEMBL28881,CN(C)c1ccc(-c2cc(C(F)(F)F)nn2-c2ccc(S(N)(=O)=O)cc2)cc1,410.42100000000005,3.2715000000000005,1,4,4,81.22,28,0,0.19101123595505617
DEC_0964,ACT_022,CHEMBL283178,CSc1ccc(-c2cc(C(F)(F)F)nn2-c2ccc(S(N)(=O)=O)cc2)cc1,413.4460000000001,3.9274000000000022,1,4,4,77.98,27,0,0.19101123595505617
DEC_0965,ACT_022,CHEMBL10003,O=c1oc(NCCc2ccccc2I)nc2ccccc12,392.1960000000001,3.4472000000000023,1,4,4,55.13,21,0,0.1917808219178082
DEC_0966,ACT_022,CHEMBL269405,O=C(c1ccc(Cl)cc1Cl)C(O)(Cn1cncn1)c1ccccc1Cl,396.66100000000006,4.009000000000002,1,4,5,68.00999999999999,25,0,0.19230769230769232
DEC_0967,ACT_022,CHEMBL268753,O=C(c1ccccc1Cl)C(O)(Cn1cncn1)c1ccc(Cl)cc1Cl,396.66100000000006,4.009000000000002,1,4,5,68.00999999999999,25,0,0.19230769230769232
DEC_0968,ACT_022,CHEMBL29120,O=C1CCN(c2cc3c(cc2F)c(=O)c(C(=O)O)cn3-c2ccc(F)cc2F)C1,402.3280000000001,2.8854000000000006,1,4,3,79.61000000000001,29,0,0.1935483870967742
DEC_0969,ACT_022,CHEMBL287447,NS(=O)(=O)c1ccc(-n2nc(CO)c(Cl)c2-c2ccc(Cl)cc2)cc1,398.2710000000001,2.985800000000001,2,4,4,98.21000000000001,25,0,0.19402985074626866
DEC_0970,ACT_022,CHEMBL26020,O=c1cnn(-c2ccc(Sc3ccc(Br)cc3)c(Cl)c2)c(=O)[nH]1,410.6800000000001,3.4879000000000016,1,4,3,67.75,23,0,0.19444444444444445
DEC_0971,ACT_022,CHEMBL32833,CCn1cc(C(=O)O)c(=O)c2cc(F)c(N3CCNC(C(F)F)C3)c(F)c21,387.33299999999997,2.0411,2,4,4,74.57000000000001,27,0,0.19469026548672566
DEC_0972,ACT_022,CHEMBL279311,Cn1cnc2c(N(C(N)=O)c3c(F)cccc3F)nc(-c3ccccc3F)nc21,398.34800000000007,3.6644000000000014,1,4,3,89.93,29,0,0.19626168224299065
DEC_0973,ACT_022,CHEMBL11433,O=C1C(Cl)=C(Nc2ccc(I)cc2)C(=O)c2ncccc21,410.5980000000001,3.6277000000000017,1,4,2,59.06,21,0,0.19767441860465115
DEC_0974,ACT_022,CHEMBL17210,NS(=O)(=O)c1ccc(-c2nc(-c3ccc(F)cc3)c(-c3ccncc3)[nH]2)cc1,394.43100000000004,3.592200000000002,2,4,4,101.73000000000002,28,0,0.19767441860465115
DEC_0975,ACT_022,CHEMBL12566,Cc1c(C(=O)c2cccc3ccccc23)c2ccccc2n1CCN1CCOC(O)C1,414.5050000000003,3.9845200000000034,1,4,5,54.7,31,0,0.1978021978021978
DEC_0976,ACT_022,CHEMBL283368,N[C@H](C(=O)N1CCSC1)[C@H]1CC[C@H](NC(=O)c2ccccc2C(F)(F)F)CC1,415.4810000000001,2.8542000000000014,2,4,4,75.43,28,0,0.1978021978021978
DEC_0977,ACT_022,CHEMBL13464,CN1C[C@H](CN2CC(=O)NC2=O)C[C@@H]2c3ccc(C(C)(C)C)c4[nH]cc(c34)C[C@H]21,394.5190000000002,2.9772000000000007,2,3,2,68.44,29,0,0.19791666666666666
DEC_0978,ACT_022,CHEMBL15416,NC1CCN(c2c(F)cc3c(=O)c(C(=O)O)cn(C4CC4)c3c2C(F)(F)F)C1,399.34400000000016,2.7299000000000007,2,4,3,88.56,28,0,0.19791666666666666
DEC_0979,ACT_022,CHEMBL6352,Cc1cc(Br)ccc1C(=O)c1ccc(-n2ncc(=O)[nH]c2=O)cc1Cl,420.6500000000001,2.876120000000001,1,4,3,84.82,25,0,0.2
DEC_0980,ACT_022,CHEMBL6205,Cn1cc(C2=C(c3cn(CCCO)c4ccccc34)C(=O)NC2=O)c2ccccc21,399.4500000000001,3.082600000000001,2,3,5,76.25999999999999,30,0,0.2
DEC_0981,ACT_023,CHEMBL6986,COC(=O)CC/C=C\CC[C@H]1C(=O)C[C@@H](O)[C@@H]1/C=C/CC(C)(O)CCCCO,396.5240000000003,2.7020000000000013,3,6,13,104.06000000000002,28,0,0.1724137931034483
DEC_0982,ACT_023,CHEMBL16554,CCCCCCC[C@H](CC(=O)CS)C(=O)N[C@H](C(=O)NC)C(C)(C)C,372.57500000000016,3.1290000000000013,3,4,12,75.27,25,0,0.18072289156626506
DEC_0983,ACT_023,CHEMBL16519,CCCCCCC[C@H](C[C@H](O)CS)C(=O)N[C@H](C(=O)NC)C(C)(C)C,374.5910000000002,2.9208000000000007,4,4,12,78.43,25,0,0.19117647058823528
DEC_0984,ACT_023,CHEMBL16650,CCCCCCC[C@H](C[C@@H](O)CS)C(=O)N[C@H](C(=O)NC)C(C)(C)C,374.5910000000002,2.9208000000000007,4,4,12,78.43,25,0,0.19117647058823528
DEC_0985,ACT_023,CHEMBL269650,CC(C)(CCCOc1ccc(OCCCC(C)(C)C(=O)O)c(CO)c1)C(=O)O,396.48000000000013,3.7185000000000015,3,5,13,113.29,28,0,0.19736842105263158
DEC_0986,ACT_023,CHEMBL29390,CCCCC(C)(C)[C@H](O)/C=C/C1[C@H](O)CC(=O)[C@@H]1C/C=C\CCCC(=O)O,380.5250000000002,3.8872000000000027,3,4,12,94.83,27,0,0.2318840579710145
DEC_0987,ACT_023,CHEMBL12216,CCCCC[C@@H](/C=C/C1[C@H](O)C[C@H](O)[C@@H]1C/C=C\CCCC(=O)O)OC(C)=O,396.5240000000002,3.6137000000000024,3,5,13,104.06,28,0,0.23529411764705882
DEC_0988,ACT_023,CHEMBL274165,CCCCC[C@H](O)/C(F)=C/[C@@H]1[C@@H](C/C=C\CCCC(=O)OC)[C@@H](O)C[C@H]1O,386.5040000000001,3.428500000000002,3,5,12,86.99000000000001,27,0,0.24691358024691357
DEC_0989,ACT_023,CHEMBL275767,CCCCC[C@H](O)/C(F)=C\[C@@H]1[C@@H](C/C=C\CCCC(=O)OC)[C@@H](O)C[C@H]1O,386.5040000000001,3.428500000000002,3,5,12,86.99000000000001,27,0,0.24691358024691357
DEC_0990,ACT_023,CHEMBL11455,CCCCC[C@@H](O)/C(F)=C\[C@@H]1[C@@H](C/C=C\CCCC(=O)OC)[C@@H](O)C[C@H]1O,386.5040000000001,3.428500000000002,3,5,12,86.99000000000001,27,0,0.24691358024691357
DEC_0991,ACT_023,CHEMBL429003,CCCCC[C@@H](O)/C=C/[C@@]1(F)[C@H](O)C[C@H](O)[C@@H]1C/C=C\CCCC(=O)OC,386.50400000000025,3.2234000000000016,3,5,12,86.99,27,0,0.25925925925925924
DEC_0992,ACT_023,CHEMBL276285,CCCCC[C@H](O)/C=C/[C@@]1(F)[C@H](O)C[C@H](O)[C@@H]1C/C=C\CCCC(=O)OC,386.50400000000025,3.2234000000000016,3,5,12,86.99,27,0,0.25925925925925924
DEC_0993,ACT_023,CHEMBL267091,CCCCC[C@@H](O)/C=C/[C@@]1(F)[C@H](C/C=C\CCCC(=O)OC)[C@H](O)C[C@@H]1O,386.5040000000001,3.223400000000002,3,5,12,86.99000000000001,27,0,0.25925925925925924
DEC_0994,ACT_023,CHEMBL10928,CCCCC[C@H](O)/C=C/[C@@]1(F)[C@H](C/C=C\CCCC(=O)OC)[C@H](O)C[C@@H]1O,386.5040000000001,3.223400000000002,3,5,12,86.99000000000001,27,0,0.25925925925925924
DEC_0995,ACT_023,CHEMBL21924,COc1cc(C(=N)N)ccc1OCCCCCOc1ccc(C(=N)N)cc1OC,400.4790000000001,2.9000400000000006,4,6,12,136.66,29,0,0.2777777777777778
DEC_0996,ACT_023,CHEMBL10938,CCCCC[C@H](O)/C=C/[C@@]1(F)[C@H](O)C[C@H](O)[C@@H]1C/C=C\CCCC(=O)O,372.4770000000002,3.1350000000000007,4,4,12,97.99,26,0,0.28125
DEC_0997,ACT_023,CHEMBL548,CCCCC[C@H](O)/C=C/[C@H]1[C@H](O)CC(=O)[C@@H]1C/C=C\CCCC(=O)O,352.4710000000001,3.251100000000002,3,4,12,94.83,25,0,0.2857142857142857
DEC_0998,ACT_023,CHEMBL16259,CCCC(=O)N[C@@H](Cc1ccc(O)cc1)C(=O)NCCCCCCCCN,377.5290000000004,2.6351000000000004,4,4,14,104.45,27,0,0.2857142857142857
DEC_0999,ACT_023,CHEMBL279418,CCCC(=O)N[C@@H](Cc1ccc(O)cc1)C(=O)NCCCCCCCCCN,391.55600000000044,3.0252000000000008,4,4,15,104.45,28,0,0.2857142857142857
DEC_1000,ACT_024,CHEMBL31131,Cc1cc(C)c2c(c1)COP(=O)(OCC1C=CC(n3cc(C)c(=O)[nH]c3=O)O1)O2,420.3580000000002,2.6493600000000006,1,7,4,108.85,29,0,0.13953488372093023
DEC_1001,ACT_024,CHEMBL6558,CC(=O)OC1CCC2(C)C(CCC3C2CCC2(C)[C@H](C4=CC(=O)OC4)C(=O)CC32O)C1,430.5410000000003,3.3541000000000025,1,6,2,89.90000000000002,31,0,0.15853658536585366
DEC_1002,ACT_024,CHEMBL11834,Cc1cccc(S(=O)(=O)C2(CC#Cc3ccccc3)SC(=O)NC2=O)c1,385.46600000000007,2.889820000000001,1,5,3,80.31,26,0,0.1625
DEC_1003,ACT_024,CHEMBL297637,Cc1nc2c(n1Cc1ccc(-n3cccc3-c3nn[nH]n3)cc1)/C(=C/C(=O)O)CCCC2,429.48400000000026,3.4050200000000013,2,5,5,114.51,32,0,0.1650485436893204
DEC_1004,ACT_024,CHEMBL11939,O=C1NC(=O)C(CC#Cc2ccc(F)cc2)(S(=O)(=O)c2ccc(F)cc2)S1,407.4190000000001,2.8596000000000013,1,5,3,80.31,27,0,0.16666666666666666
DEC_1005,ACT_024,CHEMBL23800,COc1cc2c3c4c(c(COC(C)=O)c5c3n(c2cc1OC)C(=O)CC5)CNCC4,408.4540000000003,3.1069000000000004,1,6,4,78.78999999999999,30,0,0.16666666666666666
DEC_1006,ACT_024,CHEMBL274517,O=S1(=O)c2cccc3cccc(c23)N1CCN1CC=C(c2c[nH]c3ccccc23)CC1,429.5450000000002,4.619100000000004,1,3,4,56.410000000000004,31,0,0.16666666666666666
DEC_1007,ACT_024,CHEMBL282349,Cc1ccccc1-c1cc(C(O)(C#Cc2ccc(C#N)cc2)c2cncn2C)ccc1C#N,428.4950000000001,4.426480000000004,1,4,3,85.63,33,0,0.16666666666666666
DEC_1008,ACT_024,CHEMBL7550,CCc1nc2c(C)cc(C)nc2n1Cc1ccc(-c2ccccc2-c2nn[nH]n2)cc1,409.497,4.505940000000003,1,5,5,85.17,31,0,0.16842105263157894
DEC_1009,ACT_024,CHEMBL8958,CN1CC=C(c2c(O)cc(O)c3c(=O)cc(-c4ccccc4Br)oc23)CC1,428.28200000000015,4.352600000000002,2,5,2,73.91,27,0,0.16842105263157894
DEC_1010,ACT_024,CHEMBL281799,c1ccc(CN2CCC(CCN=c3cc4c(n[nH]3)-c3ccccc3C4)CC2)cc1,384.52700000000016,4.183900000000003,1,3,5,44.28,29,0,0.1686746987951807
DEC_1011,ACT_024,CHEMBL441028,O=c1cnn(-c2ccc(Sc3ccc4ccccc4c3)c(Cl)c2)c(=O)[nH]1,381.8440000000001,3.8786000000000023,1,4,3,67.75,26,0,0.1686746987951807
DEC_1012,ACT_024,CHEMBL16418,C[C@@H]1CC2C3CCC4=CC(=O)C=CC4(C)[C@@]3(Cl)C(Cl)CC2(C)C1C(=O)CO,411.36900000000014,4.296600000000004,1,3,2,54.370000000000005,27,0,0.16883116883116883
DEC_1013,ACT_024,CHEMBL417459,Brc1cccc(Br)c1N(C1=NCCN1)C1CCCC1,387.11900000000026,3.919800000000002,1,3,2,27.63,19,0,0.16883116883116883
DEC_1014,ACT_024,CHEMBL282524,O[C@@H]1c2cc(OCc3ccc4ccccc4n3)ccc2OC[C@@H]1Cc1cccnc1,398.4620000000002,4.493500000000004,1,5,5,64.47,30,0,0.1702127659574468
DEC_1015,ACT_024,CHEMBL282189,CCSc1nc2c(n1Cc1ccc(O)cc1)C(=O)N(CC)C1=N[C@@H]3CCC[C@@H]3N12,411.5310000000003,3.3218000000000014,1,6,5,73.96,29,0,0.17045454545454544
DEC_1016,ACT_024,CHEMBL10065,O=c1oc(Nc2ccccc2I)nc2cc([N+](=O)[O-])ccc12,409.1390000000001,3.4444000000000017,1,6,3,98.27000000000001,22,0,0.17073170731707318
DEC_1017,ACT_024,CHEMBL429044,C[C@@](O)(/C=C/C1[C@H](O)C[C@@H]2OC(=O)CCC/C=C\C[C@H]12)CCc1ccccc1,384.51600000000013,3.9654000000000034,2,4,5,66.75999999999999,28,0,0.1717171717171717
DEC_1018,ACT_024,CHEMBL276464,O=c1oc(Nc2ccccc2I)nc2cccc(Cl)c12,398.58700000000005,4.1896,1,4,2,55.13,20,0,0.171875
DEC_1019,ACT_024,CHEMBL11594,CC1(C)Oc2ccc(C#N)cc2[C@H](N(Cc2ncc[nH]2)c2ccc(Cl)cc2)[C@H]1O,408.88900000000007,4.214580000000005,2,5,4,85.17,29,0,0.17204301075268819
DEC_1020,ACT_024,CHEMBL11859,CC1(C)Oc2ccc(C#N)cc2[C@@H](N(Cc2ncc[nH]2)c2ccc(Cl)cc2)[C@@H]1O,408.88900000000007,4.214580000000005,2,5,4,85.17,29,0,0.17204301075268819
DEC_1021,ACT_024,CHEMBL266824,CN1CC=C(c2c(O)cc(O)c3c(=O)cc(-c4cccc(Cl)c4)oc23)CC1,383.8310000000002,4.243500000000002,2,5,2,73.91,27,0,0.1724137931034483
DEC_1022,ACT_024,CHEMBL26369,Cc1cccc2[nH]c3c(N4CCN(CCc5ccc(F)c(F)c5)CC4)ncnc3c12,407.46800000000013,4.062420000000003,1,4,4,48.050000000000004,30,0,0.1724137931034483
DEC_1023,ACT_024,CHEMBL12026,O=C1NC(=O)C(CC#Cc2cccc(Cl)c2)(S(=O)(=O)c2ccccc2)S1,405.8840000000001,3.2348000000000026,1,5,3,80.31,26,0,0.1728395061728395
DEC_1024,ACT_024,CHEMBL25621,Cc1ccccc1-c1cc(C(O)(c2ccc(C#N)cc2)c2cncn2C)ccc1C#N,404.4730000000001,4.423080000000004,1,4,4,85.63,31,0,0.17307692307692307
DEC_1025,ACT_024,CHEMBL22271,CCOc1c(Br)cc(-c2c(N)nc(N)nc2CC)cc1Br,416.11700000000013,3.794100000000001,2,5,4,87.05,21,0,0.17333333333333334
DEC_1026,ACT_024,CHEMBL20490,C=C(C)CCN(C1=NCCN1)c1c(Br)cccc1Br,387.119,3.943400000000003,1,3,4,27.63,19,0,0.175
DEC_1027,ACT_024,CHEMBL21171,CC(C)=CCN(C1=NCCN1)c1c(Br)cccc1Br,387.1190000000001,3.943400000000003,1,3,3,27.63,19,0,0.175
DEC_1028,ACT_024,CHEMBL30325,O=C1NC(=O)C(S(=O)(=O)c2ccc3ccccc3c2Br)S1,386.24800000000005,2.6851000000000003,1,5,2,80.31,21,0,0.175
DEC_1029,ACT_024,CHEMBL418221,CSc1c(Cl)nc(NCc2ccc(C(C)(C)C)cc2)nc1N1CCN(C)CC1,420.02600000000024,4.513300000000004,1,6,5,44.290000000000006,28,0,0.175
DEC_1030,ACT_024,CHEMBL24543,CCOc1nc2c(n1Cc1ccc(O)c(Cl)c1)C(=O)N(CC)C1=N[C@@H]3CCC[C@@H]3N12,429.9080000000003,3.2619000000000016,1,6,5,83.18999999999998,30,0,0.17525773195876287
DEC_1031,ACT_024,CHEMBL11521,O=C(O)c1cc(Br)cc2c(=O)cc(-c3ccc4ccccc4n3)oc12,396.1960000000001,4.468900000000002,1,4,2,80.39999999999999,25,0,0.17567567567567569
DEC_1032,ACT_024,CHEMBL11958,O=C1NC(=O)C(CC#Cc2ccc(Cl)cc2)(S(=O)(=O)c2ccccn2)S1,406.8720000000001,2.6298000000000012,1,6,3,93.2,26,0,0.17567567567567569
DEC_1033,ACT_024,CHEMBL17843,O=S(=O)(c1nc(-c2ccccc2)c(-c2ccccc2)[nH]1)C(F)(F)C(F)F,384.354,4.375300000000001,1,3,5,62.82,26,0,0.17567567567567569
DEC_1034,ACT_024,CHEMBL23038,Nc1ccc(S(=O)(=O)c2cc(Br)nc(N3CCCC3)c2)cc1,382.2830000000002,2.859300000000001,1,5,3,76.29,22,0,0.17567567567567569
DEC_1035,ACT_024,CHEMBL280606,O=S(=O)(c1ccccc1)c1c(O)nnc(-c2ccccc2)c1-c1ccccc1,388.44800000000004,4.349000000000003,1,5,4,80.15,28,0,0.17567567567567569
DEC_1036,ACT_024,CHEMBL273874,COc1cccc2c1CCC[C@H]2CN(C)CCc1ccc2nc(N)sc2c1,381.545,4.481500000000003,1,5,6,51.379999999999995,27,0,0.17582417582417584
DEC_1037,ACT_024,CHEMBL15114,O=Cc1ccccc1-c1cccn(C(CN2CCC(O)C2)c2ccccc2)c1=O,388.4670000000001,2.9838000000000013,1,4,6,62.54,29,0,0.17708333333333334
DEC_1038,ACT_024,CHEMBL278252,O=S(=O)(c1nc(-c2cccc(F)c2)c(-c2ccccc2)[nH]1)C(F)(F)C(F)F,402.344,4.514400000000002,1,3,5,62.82,27,0,0.17721518987341772
DEC_1039,ACT_024,CHEMBL277118,CSc1ccc(C2=C(c3ccc(S(C)(=O)=O)cc3)C(C)(O)OC2=O)cc1,390.4820000000001,2.988100000000001,1,6,4,80.67000000000002,26,0,0.17721518987341772
DEC_1040,ACT_024,CHEMBL277015,C[C@H]1[C@@H](OCc2ccc(C(=O)O)cc2)O[C@@H]2O[C@@]3(C)CC[C@H]4[C@H](C)CC[C@@H]1[C@@]24OO3,418.4860000000003,4.1094000000000035,1,6,4,83.45000000000002,30,0,0.17721518987341772
DEC_1041,ACT_024,CHEMBL23346,CC(C)CN(C)S(=O)(=O)c1ccc2oc3ccc(C(=O)O)cc3c(=O)c2c1,389.42900000000014,2.9209000000000014,1,5,5,104.89000000000001,27,0,0.17721518987341772
DEC_1042,ACT_024,CHEMBL429244,CNCCCn1cc(C2=C(c3cn(C)c4ccccc34)C(=O)NC2=O)c2ccccc21,412.49300000000017,3.309700000000001,2,3,6,68.06,31,0,0.1780821917808219
DEC_1043,ACT_024,CHEMBL25366,OC1(C#Cc2ccc(Sc3ccc(Br)cc3)cc2)CN2CCC1CC2,414.3680000000002,4.408500000000004,1,3,2,23.47,25,0,0.1780821917808219
DEC_1044,ACT_024,CHEMBL24815,CCN1C(=O)c2c(nc(OC)n2Cc2ccc(O)c(Cl)c2)N2C1=N[C@@H]1CCC[C@@H]12,415.88100000000014,2.8718000000000012,1,6,4,83.19,29,0,0.17894736842105263
DEC_1045,ACT_024,CHEMBL24461,Cc1noc(NS(=O)(=O)c2ccccc2-c2ccc(-c3ncco3)cc2)c1C,395.44000000000017,4.414240000000003,1,6,5,98.23,28,0,0.17894736842105263
DEC_1046,ACT_024,CHEMBL283242,CCN1C(=O)c2c(ncn2Cc2ccc(O)c(Br)c2)N2C1=N[C@@H]1CCC[C@@H]12,430.30600000000015,2.9723000000000015,1,5,3,73.96000000000001,27,0,0.17894736842105263
DEC_1047,ACT_024,CHEMBL25283,O=C(O)COc1ccc(C2=NS(=O)(=O)c3ccccc32)c(Cl)c1Cl,386.2120000000001,2.996500000000001,1,4,4,93.03,24,0,0.1791044776119403
DEC_1048,ACT_024,CHEMBL275758,CC1(C)Oc2ccc(S(=O)(=O)c3ccccc3)cc2[C@@H](N2CCCC2=O)[C@@H]1O,401.4840000000002,2.7148000000000017,1,5,3,83.91000000000001,28,0,0.1794871794871795
DEC_1049,ACT_024,CHEMBL21597,O=C1NC(=O)c2c1c1c3ccccc3cnc1c1c2c2ccccc2n1CCCCO,409.4450000000002,4.152000000000004,2,4,4,84.22,31,0,0.1794871794871795
DEC_1050,ACT_025,CHEMBL28490,Cn1cncc1CN(c1ccc(C#N)c(-c2cccc3ccccc23)c1)S(=O)(=O)c1ccccc1,478.57700000000017,5.507480000000005,0,4,6,78.99000000000001,35,0,0.14285714285714285
DEC_1051,ACT_025,CHEMBL434595,Cc1ccccc1/C=C1\CSCC2C1=NN(CCCN1CCN(C)CC1)C2c1ccccc1C,474.7180000000003,5.100240000000006,0,5,6,22.08,34,0,0.14444444444444443
DEC_1052,ACT_025,CHEMBL284180,C=C(C)CN1C[C@H](OCC23C[C@@H]4[C@H](C)CC[C@H]4C4(C=O)CC2C=C(C(C)C)[C@@]34C(=O)O)OC[C@H]1C,485.66500000000025,4.550500000000004,1,5,8,76.07000000000001,35,0,0.14563106796116504
DEC_1053,ACT_025,CHEMBL295883,CC[C@H]1CO[C@H]2[C@@H]1C[C@H](OCC13C[C@@H]4[C@H](C)CC[C@H]4C4(C=O)CC1C=C(C(C)C)C34C(=O)O)O[C@@H]2C,500.6760000000002,5.103700000000004,1,5,7,82.06,36,0,0.14563106796116504
DEC_1054,ACT_025,CHEMBL296658,CC[C@@H]1CO[C@H]2[C@@H]1C[C@H](OCC13C[C@@H]4[C@H](C)CC[C@H]4C4(C=O)CC1C=C(C(C)C)C34C(=O)O)O[C@@H]2C,500.6760000000002,5.103700000000004,1,5,7,82.06,36,0,0.14563106796116504
DEC_1055,ACT_025,CHEMBL40408,CCN(CC)CC#CCCC1(C2(O)c3ccccc3Oc3ccccc32)SCCCS1,453.67300000000023,5.720000000000006,1,5,6,32.7,31,0,0.14634146341463414
DEC_1056,ACT_025,CHEMBL281987,CC(C)C1=CC2CC3(C=O)[C@@H]4CC[C@@H](C)[C@H]4CC2(CO[C@H]2CN(CC4CC4)[C@H](C)CO2)[C@]13C(=O)O,485.66500000000036,4.384400000000004,1,5,8,76.07,35,0,0.1485148514851485
DEC_1057,ACT_025,CHEMBL289989,CCN(CC)CC#CCCC1(C2(O)c3ccccc3CCc3ccccc32)SCCCS1,465.7280000000003,5.7129000000000065,1,4,6,23.47,32,0,0.14942528735632185
DEC_1058,ACT_025,CHEMBL30451,CC(C)CN1C[C@H](OCC23C[C@@H]4[C@H](C)CC[C@H]4C4(C=O)CC2C=C(C(C)C)[C@@]34C(=O)O)OC[C@H]1C,487.68100000000027,4.630400000000003,1,5,8,76.07000000000001,35,0,0.15
DEC_1059,ACT_025,CHEMBL45656,CC(C)C1=CC2CC3(C=O)[C@@H]4CC[C@@H](C)[C@H]4CC2(CO[C@H]2C[C@@H]4OC[C@H](C)[C@@H]4[C@@H](C)O2)C13C(=O)O,486.6490000000003,4.713600000000004,1,5,6,82.06,35,0,0.15
DEC_1060,ACT_025,CHEMBL296692,CC(C)C1=CC2CC3(C=O)[C@@H]4CC[C@@H](C)[C@H]4CC2(CO[C@H]2C[C@@H]4OC[C@@H](C)[C@@H]4[C@@H](C)O2)C13C(=O)O,486.6490000000003,4.713600000000004,1,5,6,82.06,35,0,0.15
DEC_1061,ACT_025,CHEMBL439303,CC(C)C1=CC2CC3(C=O)[C@@H]4CC[C@@H](C)[C@H]4CC2(CO[C@H]2C[C@H]4[C@H](OC[C@H]4C)[C@@H](C)O2)C13C(=O)O,486.6490000000003,4.713600000000004,1,5,6,82.06,35,0,0.15
DEC_1062,ACT_025,CHEMBL430956,CC(C)C1=CC2CC3(C=O)[C@@H]4CC[C@@H](C)[C@H]4CC2(CO[C@H]2C[C@H]4[C@H](OC[C@@H]4C)[C@@H](C)O2)C13C(=O)O,486.6490000000003,4.713600000000004,1,5,6,82.06,35,0,0.15
DEC_1063,ACT_025,CHEMBL273528,COc1ccc2c3c1OC1[C@H]4OC[C@@]4(CCCCc4ccccc4)CC4C(C2)N(CC2CCC2)CCC341,499.69500000000033,5.942600000000007,0,4,8,30.93,37,0,0.1568627450980392
DEC_1064,ACT_025,CHEMBL286023,CC(C)=CCN1C[C@H](OCC23C[C@@H]4[C@H](C)CC[C@H]4C4(C=O)CC2C=C(C(C)C)[C@@]34C(=O)O)OC[C@H]1C,499.6920000000003,4.940600000000004,1,5,8,76.07000000000001,36,0,0.1568627450980392
DEC_1065,ACT_025,CHEMBL417244,COc1ccc2c3c1OC1[C@H]4OC[C@@]4(CCCc4ccccc4)CC4C(C2)N(CC2CCC2)CCC341,485.66800000000035,5.5525000000000055,0,4,7,30.93,36,0,0.15841584158415842
DEC_1066,ACT_025,CHEMBL38974,Cn1cncc1C(OCc1ccc(C#N)c(-c2ccc3ccccc3c2)n1)c1ccc(C#N)cc1,455.52100000000013,5.684860000000005,0,5,6,87.52000000000001,35,0,0.1592920353982301
DEC_1067,ACT_025,CHEMBL25110,CC(C)c1cccc(C(C)C)c1OC(=O)[N-]S(=O)(=O)Oc1c(C(C)C)cccc1C(C)C.[Na+],483.6060000000002,4.380500000000004,0,5,8,83.77000000000001,33,0,0.15942028985507245
DEC_1068,ACT_025,CHEMBL429774,COC1(OC)C=CC(C2(C3=CCC(OC)(OC)C=C3)Sc3ccccc3-n3cccc32)=CC1,463.5990000000001,5.529100000000006,0,5,6,41.85,33,0,0.16
DEC_1069,ACT_025,CHEMBL43631,Cn1cncc1C(OCc1ccc(C#N)cn1)c1ccc(C#N)c(-c2cccc3ccccc23)c1,455.5210000000002,5.684860000000005,0,5,6,87.52000000000001,35,0,0.16
DEC_1070,ACT_025,CHEMBL9832,Oc1ccc2c3c1OC1[C@H]4OC[C@@]4(CCCCc4ccccc4)CC4C(C2)N(CC2CCC2)CCC341,485.66800000000035,5.639600000000005,1,4,7,41.93,36,0,0.16
DEC_1071,ACT_025,CHEMBL9880,COc1ccc2c3c1OC1[C@H]4OC[C@@]4(CCCCc4ccccc4)CC4C(C2)N(CC2CC2)CCC341,485.6680000000003,5.5525000000000055,0,4,8,30.93,36,0,0.16
DEC_1072,ACT_025,CHEMBL295473,CC(C)C1=CC2CC3(C=O)[C@@H]4CC[C@@H](C)[C@H]4CC2(CO[C@H]2C[C@H]4[C@H](OCC4(C)C)[C@@H](C)O2)C13C(=O)O,500.67600000000033,5.103700000000005,1,5,6,82.06,36,0,0.16
DEC_1073,ACT_025,CHEMBL38567,Cn1cncc1C(OCc1ccc(C#N)c(-c2ccc(Cl)c(Cl)c2)n1)c1ccc(C#N)cc1,474.35100000000017,5.838460000000004,0,5,6,87.52000000000001,33,0,0.16071428571428573
DEC_1074,ACT_025,CHEMBL289844,Cn1cncc1C(OCc1ccc(C#N)cc1-c1cc(Cl)cc(Cl)c1)c1ccc(C#N)nc1,474.35100000000017,5.838460000000004,0,5,6,87.52,33,0,0.16071428571428573
DEC_1075,ACT_025,CHEMBL264920,COc1ccc2c3c1OC1[C@H]4OC[C@@]4(CCCc4ccccc4)CC4C(C2)N(CC2CC2)CCC341,471.6410000000003,5.162400000000005,0,4,7,30.93,35,0,0.16161616161616163
DEC_1076,ACT_025,CHEMBL9743,Oc1ccc2c3c1OC1[C@H]4OC[C@@]4(CCCc4ccccc4)CC4C(C2)N(CC2CCC2)CCC341,471.64100000000036,5.249500000000005,1,4,6,41.93,35,0,0.16161616161616163
DEC_1077,ACT_025,CHEMBL282959,Cn1cncc1CN(Cc1ccnc(C#N)c1)c1ccc(C#N)c(-c2cccc3ccccc23)c1,454.5370000000002,5.585460000000005,0,5,6,81.53,35,0,0.16161616161616163
DEC_1078,ACT_025,CHEMBL45109,CN(CCn1c(N)nc2cc(Cl)c(Cl)cc21)CCn1c(N)nc2cc(Cl)c(Cl)cc21,487.22200000000026,4.796000000000002,2,5,6,90.92,30,0,0.16176470588235295
DEC_1079,ACT_025,CHEMBL38292,Cc1ccc(/C=C2\CSCC3C2=NN(CCCN2CCN(C)CC2)C3c2ccc(C)cc2)cc1,474.71800000000025,5.100240000000006,0,5,6,22.08,34,0,0.16279069767441862
DEC_1080,ACT_025,CHEMBL273559,CCCN(CC1CC1)c1nc(C)nc2c1sc(=O)n2-c1ccc(C(C)C)cc1Br,475.45600000000013,5.662920000000005,0,5,7,51.02,29,0,0.16304347826086957
DEC_1081,ACT_025,CHEMBL26081,Fc1ccc(CCN2CCN(c3ncnc4c5cnccc5n(Cc5ccccc5)c34)CC2)cc1F,484.55400000000026,4.6707000000000045,0,5,6,50.080000000000005,36,0,0.16304347826086957
DEC_1082,ACT_025,CHEMBL9733,Oc1ccc2c3c1OC1[C@H]4OC[C@@]4(CCCCc4ccccc4)CC4C(C2)N(CC2CC2)CCC341,471.6410000000003,5.249500000000005,1,4,7,41.93,35,0,0.16326530612244897
DEC_1083,ACT_025,CHEMBL19111,Cn1cc(C2=CCN(CCCN3c4cccc5cccc(c45)S3(=O)=O)CC2)c2ccccc21,457.5990000000003,5.019600000000005,0,3,5,45.55,33,0,0.16326530612244897
DEC_1084,ACT_025,CHEMBL19203,O=S1(=O)c2cccc3cccc(c23)N1CCCCN1CC=C(c2c[nH]c3ccccc23)CC1,457.5990000000002,5.399300000000005,1,3,6,56.410000000000004,33,0,0.16346153846153846
DEC_1085,ACT_025,CHEMBL287729,Cn1cncc1C(OCc1ccc(C#N)cc1-c1cccc2ccccc12)c1ccc(C#N)nc1,455.52100000000013,5.684860000000005,0,5,6,87.52,35,0,0.16346153846153846
DEC_1086,ACT_025,CHEMBL441761,Oc1ccc2c3c1OC1[C@H]4OC[C@@]4(CCCc4ccccc4)CC4C(C2)N(CC2CC2)CCC341,457.6140000000003,4.859400000000004,1,4,6,41.93,34,0,0.16494845360824742
DEC_1087,ACT_025,CHEMBL429768,O=S1(=O)c2cccc3cccc(c23)N1CCCN1CC=C(c2c[nH]c3ccc(Cl)cc23)CC1,478.0170000000002,5.662600000000005,1,3,5,56.410000000000004,33,0,0.1650485436893204
DEC_1088,ACT_025,CHEMBL275915,COc1ccc2c3c1OC1[C@H]4OC[C@@]4(CCCCCc4ccccc4)CC4C(C2)N(C)CCC341,459.6300000000002,5.162400000000005,0,4,7,30.93,34,0,0.16666666666666666
DEC_1089,ACT_025,CHEMBL39811,CN(C)CCN(C)Cc1c[nH]c2cc3ncnc(Nc4cccc(Br)c4)c3cc12,453.38800000000015,4.6106000000000025,2,5,7,60.08,29,0,0.16666666666666666
DEC_1090,ACT_025,CHEMBL43289,Cc1ccc(Cn2c(SCc3ccccc3)nc3c(N(C)C)nc(C(F)(F)F)nc32)cc1,457.52500000000015,5.560120000000004,0,5,6,46.84,32,0,0.16666666666666666
DEC_1091,ACT_025,CHEMBL40930,CCN(C)CC#CCCC1(C2(O)c3ccccc3Sc3ccccc32)SCCCS1,455.7140000000002,5.688800000000006,1,5,5,23.47,30,0,0.16666666666666666
DEC_1092,ACT_025,CHEMBL274595,CC1CCN(CC[C@@H](C)N(C)S(=O)(=O)c2cc(Br)c(Br)s2)CC1,488.3110000000001,4.404100000000004,0,4,6,40.620000000000005,23,0,0.16666666666666666
DEC_1093,ACT_025,CHEMBL417258,CCCC1N(Cc2ccc(-c3ccccc3-c3nn[nH]n3)cc2)C(=O)c2ccccc2N1CC,452.5620000000002,5.142200000000004,1,5,7,78.01,34,0,0.16831683168316833
DEC_1094,ACT_025,CHEMBL25968,Cn1cncc1CN(CC(=O)N1CCC(C#N)=C(c2cccc3ccccc23)C1)Cc1ccccc1,475.5960000000002,4.785180000000005,0,4,7,65.16,36,0,0.16831683168316833
DEC_1095,ACT_025,CHEMBL41237,Fc1ccc(/C=C/CN2CCN(CCOC(c3ccc(F)cc3)c3ccc(F)cc3)CC2)cc1,466.54700000000014,5.540900000000006,0,3,9,15.71,34,0,0.1686746987951807
DEC_1096,ACT_025,CHEMBL49494,CC(C)N(C(=O)c1cc(I)c(-c2ccc(C(=O)O)cc2)c([N+](=O)[O-])c1)C(C)C,496.3010000000003,4.823600000000004,1,4,6,100.75,28,0,0.16883116883116883
DEC_1097,ACT_025,CHEMBL17840,O=S(=O)(c1nc(-c2ccccc2Cl)c(-c2ccccc2Cl)[nH]1)C(F)(F)C(F)F,453.24399999999997,5.682100000000003,1,3,5,62.82,28,0,0.16923076923076924
DEC_1098,ACT_025,CHEMBL276002,CCCCc1cn(-c2ccccc2C(C)C)c(=O)n1Cc1ccc(-c2ccccc2-c2nn[nH]n2)nc1,493.6150000000002,5.395400000000005,1,5,9,94.28,37,0,0.16981132075471697
DEC_1099,ACT_025,CHEMBL416090,C=CCOc1ccc(-c2cc3n(Cc4ccccc4)c4c(c(=O)n3n2)CN(C2CCCCC2)C4=O)cc1,494.5950000000004,5.064600000000005,0,4,7,68.84,37,0,0.16981132075471697
DEC_1100,ACT_026,CHEMBL78158,C1CCC(NC(=NCCCNCCN=C(NC2CCCCC2)NC2CCCCC2)NC2CCCCC2)CC1,529.8620000000004,5.367300000000004,5,3,11,84.87,38,0,0.13432835820895522
DEC_1101,ACT_026,CHEMBL274289,OC[C@@]1(CCCCCc2ccccc2)CC2C3Cc4ccc(O)c5c4C2(CCN3CC2CCC2)C(O5)[C@@H]1O,517.7100000000005,4.984100000000006,3,5,9,73.16000000000001,38,0,0.15841584158415842
DEC_1102,ACT_026,CHEMBL428355,C=CC(C)(C)c1[nH]c2ccccc2c1C1=C(O)C(O)=C(c2c[nH]c3c(CCC(C)(C)O)cccc23)C(=O)C1=O,524.6170000000003,6.206500000000006,5,5,7,126.41,39,0,0.17045454545454544
DEC_1103,ACT_026,CHEMBL50649,N=C(N)c1ccc2[nH]c(-c3cc(CCCC(=O)O)cc(Br)c3O)c(Cc3ccccc3)c2c1,506.40000000000015,5.585170000000004,5,3,8,123.19,33,0,0.17045454545454544
DEC_1104,ACT_026,CHEMBL50923,COc1c(Br)cc(CCC(=O)O)cc1-c1[nH]c2ccc(C(=N)N)cc2c1Cc1ccccc1,506.4000000000002,5.498070000000004,4,3,8,112.19,33,0,0.17142857142857143
DEC_1105,ACT_026,CHEMBL56504,CN(C)CCCc1c(/C=C2\C(=O)Nc3ccc(S(=O)(=O)Nc4ccccc4Cl)cc32)[nH]c2c1CCCC2,539.1010000000001,5.3346000000000044,3,4,8,94.30000000000001,37,0,0.17757009345794392
DEC_1106,ACT_026,CHEMBL61342,Clc1ccc2nc(NCCCNCCCNc3nc4ccc(Cl)cc4n4cccc34)c3cccn3c2c1,532.4790000000002,6.489000000000004,3,5,10,70.69,37,0,0.17857142857142858
DEC_1107,ACT_026,CHEMBL290362,Nc1cccc(CN2C(=O)N(Cc3ccc4[nH]ncc4c3)[C@H](Cc3ccccc3)[C@H](O)[C@H]2CCc2ccccc2)c1,545.6870000000004,5.556500000000006,3,4,9,98.48,41,0,0.1797752808988764
DEC_1108,ACT_026,CHEMBL37593,Nc1cccc(CN2C(=O)N(Cc3ccc4[nH]ncc4c3)[C@H](CCc3ccccc3)[C@@H](O)[C@H]2Cc2ccccc2)c1,545.6870000000004,5.556500000000006,3,4,9,98.48,41,0,0.1797752808988764
DEC_1109,ACT_026,CHEMBL36581,Nc1[nH]nc2ccc(CN3C(=O)N(Cc4ccccc4)[C@H](CCc4ccccc4)[C@@H](O)[C@H]3Cc3ccccc3)cc12,545.6870000000002,5.556500000000007,3,4,9,98.48,41,0,0.18823529411764706
DEC_1110,ACT_026,CHEMBL431321,Nc1[nH]nc2ccc(CN3C(=O)N(Cc4ccccc4)[C@H](Cc4ccccc4)[C@H](O)[C@H]3CCc3ccccc3)cc12,545.6870000000002,5.556500000000007,3,4,9,98.48,41,0,0.18823529411764706
DEC_1111,ACT_026,CHEMBL295029,CN(CCCNc1nc2cc(Cl)c(Cl)cc2[nH]1)CCCNc1nc2cc(Cl)c(Cl)cc2[nH]1,515.2760000000003,6.288800000000003,4,5,10,84.66,32,0,0.1891891891891892
DEC_1112,ACT_026,CHEMBL47282,CC(C)(C)C(=O)OCc1cc(C(C)(C)C)ccc1C/N=C(\S)NCc1ccc(NS(C)(=O)=O)cc1,519.7330000000002,5.020500000000004,3,5,8,96.85999999999999,35,0,0.189873417721519
DEC_1113,ACT_026,CHEMBL285619,O=P(O)(O)C(CCc1cccc2ccccc12)N[C@@H](Cc1ccc(-c2ccccc2)cc1)c1nnn[nH]1,513.5380000000002,5.029900000000005,4,5,10,124.02000000000001,37,0,0.19230769230769232
DEC_1114,ACT_026,CHEMBL299991,C[C@@H](c1ccc(O)c(I)c1)[C@H](O)/C=C/C1C2CCC(O2)C1C/C=C\CCCC(=O)O,526.4110000000004,5.012200000000004,3,4,10,86.99,30,0,0.19230769230769232
DEC_1115,ACT_026,CHEMBL279543,C=CC(C)(C)c1c(C2=C(O)C(O)=C(c3c[nH]c4c(CCC(C)(C)O)cccc34)C(=O)C2=O)c2ccccc2n1C,538.6440000000002,6.216900000000006,4,5,7,115.55000000000001,40,0,0.19318181818181818
DEC_1116,ACT_026,CHEMBL291201,Cc1cc(C)cc(-c2[nH]c3ccc(C(=O)N4CCOCC4)cc3c2CCNCCCCc2ccc(O)cc2)c1,525.6930000000004,5.784740000000006,3,4,10,77.59,39,0,0.19387755102040816
DEC_1117,ACT_026,CHEMBL37118,O=C1N(Cc2cccc(O)c2)[C@H](Cc2ccccc2)C(O)[C@@H](Cc2ccccc2)N1Cc1cccc(O)c1,508.6180000000002,5.119100000000005,3,4,8,84.24000000000001,38,0,0.19672131147540983
DEC_1118,ACT_026,CHEMBL295302,CC(C)(C)c1ccc(C/N=C(\S)NCc2ccc(NS(C)(=O)=O)cc2)c(OCc2ccccc2)c1,511.71300000000025,5.5102000000000055,3,4,9,79.79,35,0,0.19801980198019803
DEC_1119,ACT_026,CHEMBL278607,CCOc1c(Br)cc(Br)cc1CN[C@H]1CCC[C@@H]1CNc1cc(O)c2ccccc2n1,549.3070000000002,6.234500000000006,3,5,8,66.41,31,0,0.19801980198019803
DEC_1120,ACT_026,CHEMBL36862,Nc1cccc(CN2C(=O)N(Cc3cccc(N)c3)[C@H](Cc3ccccc3)[C@H](O)[C@H]2CCc2ccccc2)c1,520.6770000000002,5.262400000000005,3,4,9,95.82000000000001,39,0,0.2
DEC_1121,ACT_026,CHEMBL297269,Cc1cc(C)cc(-c2c(O)nc3cc(Cl)c(NC(=O)NC4CC4)cc3c2OCC[C@@H]2CCCCN2)c1,509.05000000000047,6.0725400000000045,4,5,7,95.51,36,0,0.2
DEC_1122,ACT_026,CHEMBL296321,Cc1cc(C)cc(-c2c(O)nc3cc(Cl)c(NC(=O)NC4CC4)cc3c2OCCC2CCCCN2)c1,509.05000000000047,6.0725400000000045,4,5,7,95.51,36,0,0.2
DEC_1123,ACT_026,CHEMBL285386,C=C1C[C@@]23O[C@]2(c2ccccc21)C1CC(OC(=O)[C@H](O)[C@@H](NC(=O)NCCCC)c2ccccc2)C3(C)C1(C)C,544.6920000000001,5.247100000000005,3,5,8,100.19,40,0,0.20175438596491227
DEC_1124,ACT_026,CHEMBL289762,O=C1N(Cc2cccc(O)c2)[C@H](CCc2ccccc2)[C@@H](O)[C@@H](Cc2ccccc2)N1Cc1cccc(O)c1,522.6450000000002,5.509200000000006,3,4,9,84.24000000000001,39,0,0.20270270270270271
DEC_1125,ACT_026,CHEMBL38767,O=C(CCCNc1c2ccccc2nc2ccccc12)NCCCNc1c2ccccc2nc2ccccc12,513.6450000000003,6.899900000000006,3,5,10,78.94,39,0,0.2028985507246377
DEC_1126,ACT_026,CHEMBL32238,CCCCNC(=O)N[C@@H](c1ccccc1)[C@@H](O)C(=O)OC1CC2C(C)(C)C1(C)[C@@]13C[C@H](C)c4ccccc4[C@@]21O3,546.7080000000003,5.337400000000005,3,5,8,100.19000000000001,40,0,0.20353982300884957
DEC_1127,ACT_026,CHEMBL72659,O=C(NC(C(=O)NCC1CCN(C2CCCC2)CC1)c1cnc2ccccc2c1)c1ccc2c(Cl)c[nH]c2c1,544.0990000000002,5.611400000000005,3,4,7,90.12,39,0,0.2037037037037037
DEC_1128,ACT_026,CHEMBL46233,CC(C)(C)C(=O)OCc1cc(C(C)(C)C)ccc1C/N=C(\S)NCc1ccc(NS(C)(=O)=O)c(F)c1,537.7230000000002,5.159600000000005,3,5,8,96.85999999999999,36,0,0.205607476635514
DEC_1129,ACT_026,CHEMBL43723,CC(C)(C)COc1cc(C(C)(C)C)ccc1C/N=C(\S)NCc1ccc(NS(C)(=O)=O)c(F)c1,509.71300000000014,5.495200000000006,3,4,8,79.78999999999999,34,0,0.20952380952380953
DEC_1130,ACT_026,CHEMBL24012,CCc1nc2c(N(C)C)c(OC3CCN(C(C)=N)CC3)ccc2n1Cc1ccc2ccc(C(=N)N)cc2c1,511.6740000000003,4.9906400000000035,3,5,7,107.25,38,0,0.21359223300970873
DEC_1131,ACT_026,CHEMBL49667,Cc1ccc(-c2c(O)nc3cc(Cl)c(NC(=O)NC4CC4)cc3c2OCCC2CCCCN2)cc1C,509.05000000000047,6.0725400000000045,4,5,7,95.51,36,0,0.21495327102803738
DEC_1132,ACT_026,CHEMBL72868,O=C(NC(C(=O)NCC1CCN(C2CCCC2)CC1)c1cccc2ccccc12)c1ccc2c(Cl)c[nH]c2c1,543.1110000000001,6.2164000000000055,3,3,7,77.23,39,0,0.21495327102803738
DEC_1133,ACT_026,CHEMBL45675,O=C(Nc1cc2c(OCCC3CCCCN3)c(-c3ccc4ccccc4c3)c(O)nc2cc1Cl)NC1CC1,531.0559999999999,6.608900000000006,4,5,7,95.51,38,0,0.21505376344086022
DEC_1134,ACT_026,CHEMBL304928,O=C(O)CC(NS(=O)(=O)c1cccc(-c2cccc(CNCc3nc4ccccc4[nH]3)c2)c1)c1ccccc1,540.6450000000003,5.014000000000005,4,5,11,124.18,39,0,0.21518987341772153
DEC_1135,ACT_026,CHEMBL37313,O=C1N(Cc2cccc(O)c2)[C@H]([C@@H](F)Cc2ccccc2)[C@@H](O)[C@@H](Cc2ccccc2)N1Cc1cccc(O)c1,540.6350000000002,5.457200000000006,3,4,9,84.24000000000001,40,0,0.21739130434782608
DEC_1136,ACT_026,CHEMBL292161,COc1cc(Oc2ccccc2)ccc1C[C@@H](O)C[C@@H](Cc1ccccc1)C(=O)N[C@H]1c2ccccc2C[C@H]1O,537.6560000000004,5.414400000000006,3,5,11,88.02,40,0,0.22115384615384615
DEC_1137,ACT_026,CHEMBL41967,CC(C)c1cccc(C(C)C)c1NC(=O)NCC1(c2ccc(OP(=O)(O)O)cc2)O[C@H](C)[C@@H](C)O1,506.5360000000002,5.203200000000005,4,5,8,126.35000000000002,35,0,0.2222222222222222
DEC_1138,ACT_026,CHEMBL432713,O=C(/C=C/c1ccc(Cl)c(Cl)c1)NCCCCCN1CCC(c2c[nH]c3ccc(O)cc23)CC1,500.47000000000037,6.359600000000006,3,3,9,68.36,34,0,0.22340425531914893
DEC_1139,ACT_026,CHEMBL51332,O=C(/C=C/c1ccc(Cl)c(Cl)c1)NCCCCCN1CCC(c2c[nH]c3cc(O)ccc23)CC1,500.47000000000037,6.359600000000007,3,3,9,68.36,34,0,0.22340425531914893
DEC_1140,ACT_026,CHEMBL54192,O=C(/C=C/c1ccc(Cl)c(Cl)c1)NCCCCCN1CCC(c2c[nH]c3cccc(O)c23)CC1,500.47000000000037,6.359600000000006,3,3,9,68.36,34,0,0.22340425531914893
DEC_1141,ACT_026,CHEMBL285282,CNc1cccc(CN2C(=O)N(Cc3cccc(NC)c3)[C@H](Cc3ccccc3)[C@H](O)[C@H]2CCc2ccccc2)c1,548.7310000000003,6.181400000000007,3,4,11,67.84,41,0,0.2236842105263158
DEC_1142,ACT_026,CHEMBL305740,O=C(NC(C(=O)NCC1CCN(C2CCCC2)CC1)c1ccc2ccccc2c1)c1ccc2c(Cl)c[nH]c2c1,543.1110000000001,6.2164000000000055,3,3,7,77.23,39,0,0.22429906542056074
DEC_1143,ACT_026,CHEMBL65705,CC(C)(C)c1ccc(C(Cc2ccc(C(=O)NCCC(=O)O)cc2)C(=O)Nc2ccc(-n3cccn3)cc2)cc1,538.6480000000001,5.339300000000004,3,4,10,113.32000000000001,40,0,0.225
DEC_1144,ACT_026,CHEMBL432179,CC(C)(C)OC(=O)N[C@@H](Cc1ccccc1)[C@@H](O)C[C@@H](Cc1ccccc1)c1nc(C(=O)c2ccccc2)c[nH]1,539.6760000000003,5.854000000000005,3,5,11,104.31,40,0,0.2261904761904762
DEC_1145,ACT_026,CHEMBL53071,CC(C)c1cccc(C(C)C)c1NC(=O)NCC(NCc1ccc(O)c(CN(C)C)c1)c1ccccc1,502.7030000000002,6.353200000000006,4,4,11,76.63,37,0,0.22666666666666666
DEC_1146,ACT_026,CHEMBL40108,O=C(NC[C@@H]1Cc2ccccc2CN1/C(S)=N/C[C@H]1CCCN1Cc1ccccc1F)Nc1ccccc1,531.7010000000004,5.324500000000005,3,3,7,59.970000000000006,38,0,0.22772277227722773
DEC_1147,ACT_026,CHEMBL24573,CNC(=O)[C@H](NC(=O)C(CCC(F)(F)F)CP(=O)(O)Cc1ccc(Cc2ccccc2)cc1)C(C)(C)C,540.5630000000002,5.283400000000006,3,3,11,95.50000000000001,37,0,0.22784810126582278
DEC_1148,ACT_026,CHEMBL300081,CC(C)c1cccc(C(C)C)c1NC(=O)NCC(NC(=O)c1ccc2ccccc2[n+]1[O-])c1ccccc1,510.63800000000015,6.012800000000005,3,3,8,97.17,38,0,0.22972972972972974
DEC_1149,ACT_026,CHEMBL300455,Cc1[nH]c2ccc(O)cc2c1C1CCN(CCCCCNC(=O)/C=C/c2ccc(Cl)c(Cl)c2)CC1,514.4970000000001,6.668020000000006,3,3,9,68.36,35,0,0.23076923076923078
DEC_1150,ACT_027,CHEMBL32045,CC(C)(C)C1CS(=O)(=O)C(c2cc(O)ccc2[N+](=O)[O-])S(=O)(=O)C1,377.4400000000001,1.8045,1,7,2,131.65,24,0,0.13580246913580246
DEC_1151,ACT_027,CHEMBL16434,CC(C)(C)c1cc(/C=C2\SC(N=C(N)N)=NC2=O)cc(C(C)(C)C)c1O,374.5100000000001,3.2309000000000023,3,4,1,114.05999999999999,26,0,0.13793103448275862
DEC_1152,ACT_027,CHEMBL32454,CC(C)(C)C1CS(=O)(=O)C(c2cc([N+](=O)[O-])ccc2O)S(=O)(=O)C1,377.4400000000001,1.8045,1,7,2,131.65,24,0,0.13846153846153847
DEC_1153,ACT_027,CHEMBL9672,CN1C(=O)CC[C@]2(C)C3CC[C@@]4(C)C(CC[C@@]4(O)C#CCCO)C3CCC12,373.53700000000015,2.9667000000000012,2,3,1,60.77000000000001,27,0,0.14285714285714285
DEC_1154,ACT_027,CHEMBL13787,CCc1c2c(nc3cnc(C#N)cc13)-c1cc3c(c(=O)n1C2)COC(=O)[C@]3(O)CC,402.41000000000025,1.90868,1,7,2,118.10000000000001,30,0,0.14705882352941177
DEC_1155,ACT_027,CHEMBL10376,CCOCc1c(O)ccc2nc3c(cc12)Cn1c-3cc2c(c1=O)COC(=O)[C@]2(O)CC,422.43700000000024,2.3217,2,7,4,110.88000000000001,31,0,0.14953271028037382
DEC_1156,ACT_027,CHEMBL84,CC[C@@]1(O)C(=O)OCc2c1cc1n(c2=O)Cc2cc3c(CN(C)C)c(O)ccc3nc2-1,421.4530000000002,1.8468000000000002,2,7,3,104.89,31,0,0.1523809523809524
DEC_1157,ACT_027,CHEMBL13998,CC[C@@]1(O)C(=O)OCc2c1cc1n(c2=O)Cc2c-1nc1cnc(C#N)cc1c2C,388.3830000000001,1.6546999999999998,1,7,1,118.1,29,0,0.15517241379310345
DEC_1158,ACT_027,CHEMBL14133,CCCc1c(O)n(Cc2cccs2)c2nc3c(n2c1=O)C(=O)N(C)CN3C,387.4650000000002,1.7432000000000003,1,6,4,83.07999999999998,27,0,0.15555555555555556
DEC_1159,ACT_027,CHEMBL13574,C=C1[C@@H](O)CC[C@@]2(C)[C@@H](O)[C@H](O)C3=C(C)C(=O)C[C@@H]([C@@H](OC(C)=O)[C@H]12)C3(C)C,392.49200000000013,1.9185999999999999,3,6,1,104.06,28,0,0.15789473684210525
DEC_1160,ACT_027,CHEMBL12926,CCc1c2c(nc3cnccc13)-c1cc3c(c(=O)n1C2)COC(=O)[C@]3(O)CC,377.4000000000002,2.037,1,6,2,94.31000000000002,28,0,0.1588785046728972
DEC_1161,ACT_027,CHEMBL416156,CCCCc1c(O)n(CC2CCCCC2)c2nc3c(c(=O)n(C)c(=O)n3C)n2c1=O,415.49400000000014,1.6751,1,5,5,103.53,30,0,0.16091954022988506
DEC_1162,ACT_027,CHEMBL12778,CC(C)NS(=O)(=O)c1ccc2c(c1)C(n1ccccc1=O)=CC(C)(C)O2,374.46200000000016,2.595200000000001,1,4,4,77.4,26,0,0.16326530612244897
DEC_1163,ACT_027,CHEMBL26503,O=C1CCc2cc3c(c4c5cc(CN6CCOCC6)ccc5n1c24)CCNC3,375.4720000000001,2.8588000000000005,1,4,2,46.5,28,0,0.16346153846153846
DEC_1164,ACT_027,CHEMBL10611,CCC1(O)C(=O)OCc2c1cc1n(c2=O)Cc2c-1nc1ccc(CC#N)cc1c2C,401.42200000000014,2.4541000000000004,1,6,2,105.21000000000001,30,0,0.16346153846153846
DEC_1165,ACT_027,CHEMBL416765,CO[C@]12C=CC3(CC14CCC[C@H]4O)C1Cc4ccc(O)c5c4C3(CCN1C)[C@@H]2O5,395.4990000000002,2.5275000000000007,2,5,1,62.16,29,0,0.1650485436893204
DEC_1166,ACT_027,CHEMBL14433,CC(C)=CCc1c(O)n(Cc2ccccc2)c2nc3c(n2c1=O)C(=O)N(C)CN3C,407.4740000000002,2.2379,1,5,4,83.07999999999998,30,0,0.1686746987951807
DEC_1167,ACT_027,CHEMBL278784,O=C(O)c1ccc2oc3ccc(S(=O)(=O)N4CCOCC4)cc3c(=O)c2c1,389.3850000000002,1.6653000000000002,1,6,3,114.11999999999998,27,0,0.17105263157894737
DEC_1168,ACT_027,CHEMBL14046,C/C=C/Cc1c(O)n(Cc2ccccc2)c2nc3c(n2c1=O)C(=O)N(C)CN3C,393.44700000000023,1.8477999999999997,1,5,4,83.07999999999998,29,0,0.1724137931034483
DEC_1169,ACT_027,CHEMBL28379,CC(C)(C)c1ccc(S(=O)(=O)c2ccc(-n3ncc(=O)[nH]c3=O)cc2)cc1,385.44500000000005,2.0511,1,5,3,101.88999999999999,27,0,0.1744186046511628
DEC_1170,ACT_027,CHEMBL275019,CCC1(O)C(=O)OCc2c1cc1n(c2=O)Cc2c-1nc1ccccc1c2CCNC,405.4540000000001,1.8415,2,6,4,93.45,30,0,0.17592592592592593
DEC_1171,ACT_027,CHEMBL10391,CC[C@@]1(O)C(=O)OCc2c1cc1n(c2=O)Cc2cc3c(CN(C)C)cccc3nc2-1,405.4540000000002,2.1412000000000004,1,6,3,84.66,30,0,0.17647058823529413
DEC_1172,ACT_027,CHEMBL23892,O=C(O)c1ccc2oc3ccc(S(=O)(=O)N4CCCC4)cc3c(=O)c2c1,373.3860000000002,2.4289000000000005,1,5,3,104.88999999999999,26,0,0.17777777777777778
DEC_1173,ACT_027,CHEMBL282087,N=C(N)c1ccc(C(=O)N2CCC3(CCN(C(=O)CCC(=O)O)CC3)CC2)cc1,400.4790000000002,1.6802700000000002,3,4,5,127.78999999999998,29,0,0.1780821917808219
DEC_1174,ACT_027,CHEMBL15707,CC1CN(c2c(F)c(N)c3c(=O)c(C(=O)O)cn(C4CC4)c3c2F)CCN1,378.3790000000002,1.6931,3,5,3,100.59,27,0,0.17857142857142858
DEC_1175,ACT_027,CHEMBL429052,OCCCN1CCN(C2=Nc3ccccc3Cn3c2cc2ccccc23)CC1,374.48800000000017,3.0813000000000015,1,4,3,44.0,28,0,0.1794871794871795
DEC_1176,ACT_027,CHEMBL276577,C=CCc1c(O)n(Cc2ccc(F)cc2)c2nc3c(n2c1=O)C(=O)N(C)CN3C,397.4100000000002,1.5967999999999996,1,5,4,83.07999999999998,29,0,0.1794871794871795
DEC_1177,ACT_027,CHEMBL281658,O=C(O)Cc1cccc2c1Cc1c-2nc(O)c2nc(-c3ccccc3C(=O)O)cn12,401.3780000000001,2.9984,3,5,4,125.02,30,0,0.1794871794871795
DEC_1178,ACT_027,CHEMBL18377,CC1(O)OC(=O)C(Sc2ccccc2)=C1c1ccc(S(C)(=O)=O)cc1,376.4550000000001,2.8588000000000013,1,6,4,80.67,25,0,0.1797752808988764
DEC_1179,ACT_027,CHEMBL14349,COc1cccc2c1C(CN1CCC3(CC1)C(=O)NCN3c1ccccc1)CCO2,407.51400000000007,2.9898000000000016,1,5,4,54.040000000000006,30,0,0.1797752808988764
DEC_1180,ACT_027,CHEMBL28664,NS(=O)(=O)c1ccc(-n2nc(C(F)(F)F)cc2-c2ccc([N+](=O)[O-])cc2)cc1,412.3490000000001,3.1137000000000015,1,5,4,121.12,28,0,0.1797752808988764
DEC_1181,ACT_027,CHEMBL14646,CN1CN(C)c2nc3n(Cc4ccccc4)c(O)c(C4C=CCCC4)c(=O)n3c2C1=O,419.4850000000003,2.5529,1,5,3,83.08000000000001,31,0,0.18
DEC_1182,ACT_027,CHEMBL18427,COC1=C(C)C(=O)c2c(c(COC(N)=O)c3n2CCC3OC(=O)C(C)(C)C)C1=O,404.4190000000002,2.416900000000001,1,7,4,126.92000000000002,29,0,0.18
DEC_1183,ACT_027,CHEMBL6894,Cc1c(N2CC[C@@H](C3(N)CC3)C2)c(F)c(N)c2c(=O)c(C(=O)O)cn([C@@H]3C[C@@H]3F)c12,418.44400000000013,2.3299200000000004,3,5,4,114.57999999999998,30,0,0.18018018018018017
DEC_1184,ACT_027,CHEMBL32723,COc1ccc2c3c1OC1C(=O)[C@@H](C)CC4(O)C(C2)N(CC2CCC2)CCC314,383.4880000000003,2.4645,1,5,3,59.00000000000001,28,0,0.18018018018018017
DEC_1185,ACT_027,CHEMBL266390,O=c1oc(NCc2ccccc2I)nc2ccccc12,378.16900000000004,3.404700000000002,1,4,3,55.13,20,0,0.18055555555555555
DEC_1186,ACT_027,CHEMBL29395,CCCCc1ccc2c(c1)-c1oc(C(=O)O)cc(=O)c1CS2.NCCO,377.46200000000016,2.8907000000000003,3,6,5,113.75999999999999,26,0,0.18072289156626506
DEC_1187,ACT_027,CHEMBL14061,CCCc1c(O)n(Cc2ccccc2)c2nc3c(n2c1=O)C(=O)N(C)CN3C,381.4360000000002,1.6817,1,5,4,83.07999999999998,28,0,0.18072289156626506
DEC_1188,ACT_027,CHEMBL283484,CC(=O)c1cc2c(s1)[C@@H](NC(=O)c1ccc([N+](=O)[O-])cc1)[C@H](O)C(C)(C)O2,390.41700000000014,2.861900000000001,2,7,4,118.77000000000001,27,0,0.18072289156626506
DEC_1189,ACT_027,CHEMBL278250,COC1=C(C)C(=O)c2c(c(COC(N)=O)c3n2CCC3OC(=O)CCl)C1=O,396.7830000000002,1.6096000000000001,1,7,5,126.92000000000002,27,0,0.18085106382978725
DEC_1190,ACT_027,CHEMBL277876,C[C@H]1COc2c(N3CC(C)(N(C)C)C3)c(F)cc3c(=O)c(C(=O)O)cn1c23,375.4000000000001,1.9325000000000003,1,5,3,75.00999999999999,27,0,0.18181818181818182
DEC_1191,ACT_027,CHEMBL281504,N#Cc1ccc(-c2cc(C(F)F)nn2-c2ccc(S(N)(=O)=O)cc2)cc1,374.37200000000007,2.9959799999999994,1,4,4,101.76999999999998,26,0,0.18181818181818182
DEC_1192,ACT_027,CHEMBL279368,COc1cccc2c1OCCC2CN1CCC2(CC1)C(=O)NCN2c1ccccc1,407.51400000000007,2.9898000000000016,1,5,4,54.040000000000006,30,0,0.18181818181818182
DEC_1193,ACT_027,CHEMBL15687,C[C@]12CCC(=O)C=C1CCC1C2=CC[C@@]2(C)C1CC[C@]2(O)C(=O)CN1CCNCC1,412.57400000000024,2.6438000000000006,2,5,3,69.64,30,0,0.18181818181818182
DEC_1194,ACT_027,CHEMBL29620,NS(=O)(=O)c1ccc(-n2nc(C(F)(F)F)cc2-c2cccc(F)c2)cc1,385.34200000000004,3.3446000000000016,1,3,3,77.98,26,0,0.18181818181818182
DEC_1195,ACT_027,CHEMBL25531,CC(C)n1cc(C(=O)O)c(=O)c2c(F)c(F)c(N3CCN(C)CC3)c(F)c21,383.3700000000002,2.449700000000001,1,4,3,65.78,27,0,0.18269230769230768
DEC_1196,ACT_027,CHEMBL267006,CCOC(=O)c1cc2c3cc(-n4ccc(C=O)c4)c(Cl)cc3nc(O)n2n1,384.7790000000001,3.021400000000001,1,6,4,98.72,27,0,0.1827956989247312
DEC_1197,ACT_027,CHEMBL278522,O=C(O)Cc1nn(Cc2nc3ccccc3s2)c(=O)c2ccc([N+](=O)[O-])cc12,396.3840000000002,2.5898000000000003,1,7,5,128.22,28,0,0.1827956989247312
DEC_1198,ACT_027,CHEMBL280525,CCOc1nc2c(n1Cc1ccc(O)cc1)C(=O)N(CC)C1=N[C@@H]3CCC[C@@H]3N12,395.46300000000025,2.6085000000000003,1,6,5,83.18999999999998,29,0,0.1827956989247312
DEC_1199,ACT_027,CHEMBL268615,CS(=O)(=O)O.Nc1nc2ccc(Cl)cc2c2nc(-c3ccoc3)nn12,381.8010000000001,2.277100000000001,2,7,1,136.60999999999999,25,0,0.18292682926829268
DEC_1200,ACT_028,CHEMBL12451,CCCCc1nc(CCCC)n(Cc2ccc(-n3c(-c4nn[nH]n4)ccc3C(F)(F)F)cc2)n1,472.51900000000006,5.001200000000004,1,5,10,90.1,34,0,0.13725490196078433
DEC_1201,ACT_028,CHEMBL289122,CCN(CC)CC#CCCCC1(C2(O)c3ccccc3Oc3ccccc32)SCCCS1,467.7000000000002,6.110100000000007,1,5,7,32.7,32,0,0.14285714285714285
DEC_1202,ACT_028,CHEMBL12409,O=NN(CCCl)C(=O)NC1CCC(CC2CCC(NC(=O)N(CCCl)N=O)CC2)CC1,479.4090000000004,4.357700000000004,2,6,10,123.53999999999999,31,0,0.14285714285714285
DEC_1203,ACT_028,CHEMBL31066,C=C(Cl)CN1C[C@H](OCC23C[C@@H]4[C@H](C)CC[C@H]4C4(C=O)CC2C=C(C(C)C)[C@@]34C(=O)O)OC[C@H]1C,506.0830000000003,4.726900000000004,1,5,8,76.07000000000001,35,0,0.14423076923076922
DEC_1204,ACT_028,CHEMBL56958,CCN(CC)CCCNc1ncc2cc(-c3c(Br)cccc3Br)c(N)nc2n1,508.2620000000001,4.942800000000004,2,6,8,79.96,28,0,0.14634146341463414
DEC_1205,ACT_028,CHEMBL26597,CCN(C/C=C/C#CC(C)(C)C)Cc1cccc(OCCN(C)S(=O)(=O)c2ccsc2)c1,474.6920000000002,4.875200000000005,0,5,11,49.85,32,0,0.14705882352941177
DEC_1206,ACT_028,CHEMBL286857,C=C(Cl)CN1C[C@H](OCC23C[C@@H]4[C@H](C)CC[C@H]4C4(C=O)CC2C=C(C(C)C)[C@@]34C(=O)O)O[C@H](C)C1,506.0830000000003,4.726900000000004,1,5,8,76.07000000000001,35,0,0.14736842105263157
DEC_1207,ACT_028,CHEMBL45954,C=C(Cl)CN1C[C@H](OCC23C[C@@H]4[C@H](C)CC[C@H]4C4(C=O)CC2C=C(C(C)C)C34C(=O)O)O[C@H](C)C1,506.0830000000003,4.726900000000004,1,5,8,76.07000000000001,35,0,0.14736842105263157
DEC_1208,ACT_028,CHEMBL281025,CCN(C/C=C/C#CC(C)(C)C)Cc1cccc(OCCN(C)S(=O)(=O)c2cccs2)c1,474.6920000000002,4.875200000000005,0,5,11,49.85,32,0,0.1485148514851485
DEC_1209,ACT_028,CHEMBL559127,COCCN(CCOC)c1nc(C)nc2c1sc(=S)n2-c1ccc(C(C)C)cc1Br,511.51100000000014,5.505010000000006,0,7,9,52.410000000000004,30,0,0.1485148514851485
DEC_1210,ACT_028,CHEMBL26596,CCN(C/C=C/C#CC(C)(C)C)Cc1cccc(OCCN(C)S(=O)(=O)c2nccs2)c1,475.6800000000002,4.2702000000000035,0,6,11,62.74,32,0,0.14953271028037382
DEC_1211,ACT_028,CHEMBL52478,CCCN(CCC)c1c([N+](=O)[O-])cc(S(=O)(=O)N(c2ccccc2)c2ccccc2)cc1[N+](=O)[O-],498.56100000000015,5.656400000000006,0,7,11,126.9,35,0,0.15151515151515152
DEC_1212,ACT_028,CHEMBL19993,Clc1cc2nc(C3CCNCC3)n(CCCCSc3[nH]cnc4ncnc3-4)c2cc1Cl,476.437,5.000500000000004,2,6,7,84.31,31,0,0.15306122448979592
DEC_1213,ACT_028,CHEMBL296574,CC(=O)O[C@H]1CC[C@](C)(C2CC[C@@]3(C)C(CC[C@@H]3[C@H](C)CCCC(C)C)[C@@H]2CC(=O)O)C(=O)O1,478.67000000000036,6.214700000000006,1,5,9,89.90000000000002,34,0,0.15384615384615385
DEC_1214,ACT_028,CHEMBL30545,CC(C)C1=CC2CC3(C=O)[C@@H]4CC[C@@H](C)[C@H]4CC2(CO[C@H]2CN(CC=C(F)F)[C@H](C)CO2)[C@]13C(=O)O,507.6180000000003,4.754800000000004,1,5,8,76.07,36,0,0.1568627450980392
DEC_1215,ACT_028,CHEMBL436347,CC(C)(C)C(=O)c1ccc(C(=O)O/C(=N\OCCCC(=O)O)c2ccc(C(=O)C(C)(C)C)cc2)cc1,495.57200000000023,5.544200000000005,1,7,9,119.33000000000001,36,0,0.16049382716049382
DEC_1216,ACT_028,CHEMBL49294,CCCN(Cc1ccc(-c2ccccc2-c2nn[nH]n2)cc1)c1ncnc2c1ncn2Cc1ccccc1,501.5980000000002,5.138300000000004,1,7,9,101.30000000000001,38,0,0.16129032258064516
DEC_1217,ACT_028,CHEMBL296934,Nc1nc2cc(Cl)c(Cl)cc2n1CCCOCCCn1c(N)nc2cc(Cl)c(Cl)cc21,502.23300000000023,5.661000000000002,2,5,8,96.91,31,0,0.16176470588235295
DEC_1218,ACT_028,CHEMBL290748,O=C1c2ccccc2S(=O)(=O)N1COP(=O)(OCc1ccccc1)OCc1ccccc1,473.4430000000002,4.346900000000003,0,7,9,99.21000000000001,32,0,0.16216216216216217
DEC_1219,ACT_028,CHEMBL276150,CCCCc1nc(CCCC)n(Cc2ccc(-n3c(Cl)cc(Cl)c3-c3nn[nH]n3)cc2)n1,473.41200000000015,5.2892000000000055,1,5,10,90.1,32,0,0.16326530612244897
DEC_1220,ACT_028,CHEMBL298564,CCCN(CCC)c1c([N+](=O)[O-])cc(S(=O)(=O)Nc2cc(Cl)cc(Cl)c2)cc1[N+](=O)[O-],491.3530000000002,5.2370000000000045,1,7,10,135.69,31,0,0.16417910447761194
DEC_1221,ACT_028,CHEMBL33697,CC1(C)N=C(N)N=C(N)N1c1ccc(CCCCc2ccc(S(=O)(=O)F)cc2Cl)c(Cl)c1,500.42700000000013,4.4025000000000025,2,7,7,114.13999999999999,32,0,0.16494845360824742
DEC_1222,ACT_028,CHEMBL47987,CCCSc1nnc([C@@H]2C[C@@H](S)CN2S(=O)(=O)c2ccc3ccccc3c2)n1-c1ccccc1,510.7100000000002,5.3567000000000045,1,6,7,68.09,34,0,0.16494845360824742
DEC_1223,ACT_028,CHEMBL29464,Cc1noc(NS(=O)(=O)c2ccccc2-c2ccc(-c3ncco3)cc2CNc2ccncn2)c1C,502.55600000000027,4.816340000000004,2,9,8,136.04000000000002,36,0,0.1651376146788991
DEC_1224,ACT_028,CHEMBL277167,Cc1ccc(OC(C)(C)[C@H]2OC[C@@H](C/C=C\CCC(=O)O)[C@@H](c3cncs3)O2)c([N+](=O)[O-])c1,476.55100000000016,5.058620000000005,1,8,10,121.02000000000001,33,0,0.16521739130434782
DEC_1225,ACT_028,CHEMBL44084,COCCO/N=C(\OC(=O)c1ccc(C(=O)C(C)(C)C)cc1)c1ccc(C(=O)C(C)(C)C)cc1,467.56200000000024,5.325800000000006,0,7,8,91.25999999999999,34,0,0.16666666666666666
DEC_1226,ACT_028,CHEMBL427808,CCCCc1cn(-c2ccccc2C(C)(C)C)c(=O)n1Cc1ccc(-c2ccccc2-c2nn[nH]n2)nc1,507.6420000000002,5.569500000000005,1,5,8,94.28,38,0,0.16666666666666666
DEC_1227,ACT_028,CHEMBL273512,CCOc1ccccc1-c1nnc(SCCCN2CCN(c3ccccc3[N+](=O)[O-])CC2)s1,485.6350000000002,4.816400000000004,0,9,10,84.63000000000001,33,0,0.16666666666666666
DEC_1228,ACT_028,CHEMBL34686,CC(C)C1=CC2CC3(C=O)[C@@H]4CC[C@@H](C)[C@H]4CC2(CO[C@H]2CN(C/C=C\Cl)[C@H](C)CO2)[C@]13C(=O)O,506.0830000000003,4.726900000000004,1,5,8,76.07,35,0,0.16666666666666666
DEC_1229,ACT_028,CHEMBL29420,Cc1noc(NS(=O)(=O)c2ccccc2-c2ccc(-c3ncco3)cc2CNCC(F)(F)F)c1C,506.50600000000026,5.066140000000003,2,7,8,110.26,35,0,0.16822429906542055
DEC_1230,ACT_028,CHEMBL427651,COc1ccc2c3c1OC1[C@H](O)[C@](CO)(CCCCc4ccccc4)CC4C(C2)N(CC2CC2)CCC341,503.6830000000004,4.506900000000004,2,5,9,62.160000000000004,37,0,0.17
DEC_1231,ACT_028,CHEMBL39969,CCCCCCC[C@H]1OC(=O)C[C@@H](OCOC)[C@H](Cc2ccccc2)N(C)C(=O)[C@H](C)OC(=O)[C@H]1C,505.65200000000027,4.289000000000004,0,7,11,91.37,36,0,0.17
DEC_1232,ACT_028,CHEMBL30270,N#Cc1ccc(Cn2cncc2CN2CCN(c3cccc(Cl)c3)C(=O)C2)cc1Oc1cccnc1,498.97400000000016,4.492580000000004,0,6,7,87.28,36,0,0.17117117117117117
DEC_1233,ACT_028,CHEMBL276689,CCCCc1cn(-c2ccccc2C)c(=O)n1Cc1ccc(-c2ccccc2-c2nn[nH]n2)nc1,465.5610000000001,4.580420000000004,1,5,8,94.28,35,0,0.1717171717171717
DEC_1234,ACT_028,CHEMBL37582,C=C(C)[C@H](C(=O)OC(C)(C)C)N1C(=O)/C(=C/C(C)=O)[C@H]1SSc1nc2ccccc2s1,476.6450000000001,5.006700000000005,0,8,7,76.57,31,0,0.1717171717171717
DEC_1235,ACT_028,CHEMBL274668,CCCCc1cn(-c2c(CC)cccc2CC)c(=O)n1Cc1ccc(-c2ccccc2-c2nn[nH]n2)nc1,507.64200000000017,5.396800000000005,1,5,10,94.28,38,0,0.1717171717171717
DEC_1236,ACT_028,CHEMBL47449,CCCCc1nc2ccc(-c3ccco3)cc2c(=O)n1Cc1ccc(-c2ccccc2-c2nn[nH]n2)cc1,502.5780000000002,5.894500000000006,1,6,8,102.49,38,0,0.17204301075268819
DEC_1237,ACT_028,CHEMBL267555,CCCCn1nc(CCc2ccccc2)nc1Cc1ccc(-c2ccccc2-c2nn[nH]n2)cc1,463.5890000000001,5.301300000000005,1,5,10,85.17,35,0,0.1724137931034483
DEC_1238,ACT_028,CHEMBL279049,N#C/C(=C\c1ccccc1OCCN1CCN(Cc2ccccc2)CC1)c1noc2ccccc12,464.56900000000013,5.088580000000005,0,6,8,65.53,35,0,0.1724137931034483
DEC_1239,ACT_028,CHEMBL430152,CCCCc1cn(-c2c(C)cccc2C)c(=O)n1Cc1ccc(-c2ccccc2-c2nn[nH]n2)nc1,479.58800000000014,4.888840000000004,1,5,8,94.28,36,0,0.17346938775510204
DEC_1240,ACT_028,CHEMBL21726,CCCCc1c(Cc2ccc(-c3ccccc3-c3nn[nH]n3)cc2)c(COC)nn1CC(F)(F)F,484.5260000000002,5.372300000000005,1,5,10,81.50999999999999,35,0,0.17346938775510204
DEC_1241,ACT_028,CHEMBL21891,CCCCc1nn(CC(F)(F)F)c(COC)c1Cc1ccc(-c2ccccc2-c2nn[nH]n2)cc1,484.5260000000001,5.372300000000005,1,5,10,81.51,35,0,0.17346938775510204
DEC_1242,ACT_028,CHEMBL46663,O=C1CC(c2nnn[nH]2)Oc2cc(COc3cccc(OCc4ccc5ccccc5n4)c3)ccc21,479.49600000000027,4.612400000000004,1,8,7,112.11000000000001,36,0,0.17346938775510204
DEC_1243,ACT_028,CHEMBL278714,Cc1ccc(OC(C)(C)[C@H]2OC[C@@H](C/C=C\CCC(=O)O)[C@@H](c3cncn3C)O2)c([N+](=O)[O-])c1,473.5260000000002,4.335620000000003,1,7,10,125.95000000000002,34,0,0.17391304347826086
DEC_1244,ACT_028,CHEMBL9385,COc1ccc2c3c1OC1[C@H](O)[C@](CO)(CCCc4ccccc4)CC4C(C2)N(CC2CCC2)CCC341,503.6830000000004,4.506900000000004,2,5,8,62.160000000000004,37,0,0.1743119266055046
DEC_1245,ACT_028,CHEMBL286611,CC1(CCCCN2CCSCC2)COC(c2nc(-c3ccccc3)c(-c3ccccc3)[nH]2)OC1,477.67400000000015,6.014500000000006,1,5,8,50.379999999999995,34,0,0.1744186046511628
DEC_1246,ACT_028,CHEMBL264088,COc1ccc2c3c1OC1[C@H](O)[C@](CO)(CCCCCCc4ccccc4)CC4C(C2)N(C)CCC341,491.67200000000037,4.506900000000004,2,5,9,62.160000000000004,36,0,0.17525773195876287
DEC_1247,ACT_028,CHEMBL49696,O=C1CC(c2nnn[nH]2)Oc2c(COc3ccc(OCc4ccc5ccccc5n4)cc3)cccc21,479.4960000000002,4.612400000000004,1,8,7,112.11000000000001,36,0,0.17525773195876287
DEC_1248,ACT_028,CHEMBL300113,C[C@@H](n1cnc2cc(Sc3ccccc3)ccc2c1=O)[C@](O)(Cn1cncn1)c1ccc(F)cc1F,505.55000000000024,4.5664000000000025,1,6,7,85.83,36,0,0.17525773195876287
DEC_1249,ACT_028,CHEMBL31031,N#Cc1ccc(Cn2cncc2CN2CCN(c3cccc(Cl)c3)C(=O)C2)cc1Oc1ccccc1,497.98600000000016,5.097580000000004,0,5,7,74.39,36,0,0.17592592592592593
DEC_1250,ACT_029,CHEMBL20354,O=C1OCCN1CCN1C(=O)c2cc([N+](=O)[O-])cc3cc([N+](=O)[O-])cc(c23)C1=O,400.30300000000017,1.7044,0,8,5,153.20000000000002,29,0,0.1348314606741573
DEC_1251,ACT_029,CHEMBL22241,Nc1nc2c(cnn2CCCc2ccc([N+](=O)[O-])cc2)c2nc(-c3ccco3)nn12,404.3900000000001,2.8572000000000006,1,8,6,143.20000000000002,30,0,0.14285714285714285
DEC_1252,ACT_029,CHEMBL288178,C=C(Cl)C(=O)N[C@@]12CCC(=O)[C@@H]3Oc4c(O)ccc5c4C31CCN(CC1CC1)C2C5,428.9160000000003,2.4018000000000006,2,5,4,78.87,30,0,0.15789473684210525
DEC_1253,ACT_029,CHEMBL16271,CN(C)CCc1nnc2n1-c1ccc(Br)cc1C(c1ccccn1)=NC2,411.3070000000002,2.879900000000001,0,5,4,59.2,26,0,0.16129032258064516
DEC_1254,ACT_029,CHEMBL27007,Cc1nccc2c1c1ncnc(N3CCN(CCc4ccc(F)c(F)c4)CC3)c1n2C,422.4830000000001,3.4678200000000023,0,5,4,50.080000000000005,31,0,0.16304347826086957
DEC_1255,ACT_029,CHEMBL286869,C=CCN1C(=NC#N)N(CC=C)[C@H](Cc2ccccc2)[C@H](O)[C@@H](O)[C@H]1Cc1ccccc1,430.55200000000013,2.757480000000001,2,4,8,83.09,32,0,0.1643835616438356
DEC_1256,ACT_029,CHEMBL20498,CCCCn1c(=O)c2c(ncn2S(=O)(=O)c2cccs2)n(CCCC)c1=O,410.5210000000002,2.2584,0,6,8,95.96000000000001,27,0,0.16666666666666666
DEC_1257,ACT_029,CHEMBL26882,CO[C@]1(c2cnc(S(=O)(=O)c3ccc(/C(C)=N/O)cc3)s2)CCO[C@@H](C)C1,410.51700000000017,3.2147000000000023,1,8,5,98.08000000000001,27,0,0.17045454545454544
DEC_1258,ACT_029,CHEMBL274566,O=C1c2ccccc2C(=O)N1OCCCN1CCN(c2ccc3ccccc3n2)CC1,416.4810000000001,2.9747000000000012,0,6,6,65.98,31,0,0.17073170731707318
DEC_1259,ACT_029,CHEMBL273513,CSc1nc2nc(NS(=O)(=O)c3ccc(Cl)cc3)nn2c(N)c1C#N,395.8570000000001,1.7542799999999994,2,8,4,139.06,25,0,0.17105263157894737
DEC_1260,ACT_029,CHEMBL22968,Nc1nc2c(cnn2CCc2ccc(S(=O)(=O)O)cc2)c2nc(-c3ccco3)nn12,425.4300000000001,1.8055999999999999,2,8,5,154.42999999999998,30,0,0.17204301075268819
DEC_1261,ACT_029,CHEMBL28831,O=C1c2ccccc2S(=O)(=O)N1CCCCN1CCC(c2ccccc2)C1,384.5010000000001,3.1008000000000013,0,4,6,57.690000000000005,27,0,0.1724137931034483
DEC_1262,ACT_029,CHEMBL14854,CNc1nsc(-c2ccc(N3CCN(c4cccc(C(F)(F)F)c4)CC3)nn2)n1,421.4520000000001,3.382200000000002,1,8,4,70.07000000000001,29,0,0.1728395061728395
DEC_1263,ACT_029,CHEMBL28292,O=C1c2ccccc2S(=O)(=O)N1CCCCN1CCN(c2ccccn2)CC1,400.50400000000013,1.8285,0,6,6,73.82000000000001,28,0,0.1728395061728395
DEC_1264,ACT_029,CHEMBL10546,O=C1c2ccccc2C(=O)N1OCCCN1CCN(c2nsc3ccccc23)CC1,422.5100000000001,3.036200000000002,0,7,6,65.98,30,0,0.17346938775510204
DEC_1265,ACT_029,CHEMBL33528,COc1cccc2c1OP(=O)(OCC1C=CC(n3cc(C)c(=O)[nH]c3=O)O1)OC2,422.3300000000002,2.0411199999999994,1,8,5,118.08000000000001,29,0,0.17346938775510204
DEC_1266,ACT_029,CHEMBL14006,COCCN(CCOC)c1nn2c(-c3ccc(F)cc3)nnc2c2ccccc12,395.4380000000001,3.182800000000002,0,6,8,64.78,29,0,0.17391304347826086
DEC_1267,ACT_029,CHEMBL8308,O=C1[C@@H](NS(=O)(=O)c2cc3cccnc3s2)CCN1Cc1cc2c[nH]ccc-2n1,427.51100000000025,2.2036,2,6,5,108.05,29,0,0.1743119266055046
DEC_1268,ACT_029,CHEMBL269173,COc1c(C)cnc(C[S+]([O-])c2nc3ccccc3n2CCN2CCOCC2)c1C,428.55800000000033,2.696740000000001,0,6,7,75.47,30,0,0.17525773195876287
DEC_1269,ACT_029,CHEMBL17656,COCCN(CCOC)c1nc(C)nc2c1sc(=O)n2-c1c(C)cc(C)cc1C,416.5470000000002,3.175080000000002,0,7,8,69.48000000000002,29,0,0.17582417582417584
DEC_1270,ACT_029,CHEMBL269539,O=C1[C@@H](NS(=O)(=O)c2cc3cccnc3s2)CCN1Cc1cc2[nH]cccc-2n1,427.51100000000025,2.2036,2,6,5,108.05,29,0,0.17592592592592593
DEC_1271,ACT_029,CHEMBL37819,CSc1nc(N2CCN(CCCCN3C(=O)c4ccccc4C3=O)CC2)ncc1F,429.52100000000013,2.5360000000000005,0,7,7,69.64000000000001,30,0,0.17647058823529413
DEC_1272,ACT_029,CHEMBL14066,CC(C)=CCc1c(O)n(Cc2ccc(F)cc2)c2nc3c(n2c1=O)C(=O)N(C)CN3C,425.4640000000002,2.3770000000000007,1,5,4,83.07999999999998,31,0,0.17721518987341772
DEC_1273,ACT_029,CHEMBL274864,C[C@@H](CN1CCN(c2cc(F)c(F)cc2F)CC1)N1C(=O)CC2(CCCC2)CC1=O,423.4790000000003,3.323800000000002,0,4,4,43.86,30,0,0.17777777777777778
DEC_1274,ACT_029,CHEMBL14318,COc1nccc(-c2c(-c3ccc(F)cc3)ncn2CCCN2CCOCC2)n1,397.45400000000035,2.8771000000000004,0,6,7,65.30000000000001,29,0,0.17777777777777778
DEC_1275,ACT_029,CHEMBL21573,CN1CCN(CCOc2ccccc2/C=C(\C#N)c2noc3ccccc23)CC1,388.4710000000002,3.518180000000002,0,6,6,65.53,29,0,0.17777777777777778
DEC_1276,ACT_029,CHEMBL35317,O=C1C(N2CC2)=C(N2CC2)C(=O)c2c(OS(=O)(=O)c3cccs3)cccc21,402.4530000000001,1.7376000000000003,0,8,5,83.53,27,0,0.17777777777777778
DEC_1277,ACT_029,CHEMBL266304,O=[N+]([O-])O[C@@H]1CO[C@H]2[C@@H]1OC[C@H]2N1CCN(CCCSc2ccccc2)CC1,409.50800000000015,1.5294999999999994,0,8,8,77.31,28,0,0.17857142857142858
DEC_1278,ACT_029,CHEMBL278006,O=[N+]([O-])O[C@H]1CO[C@H]2[C@@H]1OC[C@H]2N1CCN(CCCSc2ccccc2)CC1,409.50800000000015,1.5294999999999994,0,8,8,77.31,28,0,0.17857142857142858
DEC_1279,ACT_029,CHEMBL280033,O=[N+]([O-])O[C@@H]1CO[C@H]2[C@@H]1OC[C@@H]2N1CCN(CCCSc2ccccc2)CC1,409.50800000000015,1.5294999999999994,0,8,8,77.31,28,0,0.17857142857142858
DEC_1280,ACT_029,CHEMBL26244,CN(CCOc1cccc(N(C)S(=O)(=O)c2ccccc2)c1)c1ccncc1,397.50000000000006,3.4219000000000026,0,5,8,62.74,28,0,0.17857142857142858
DEC_1281,ACT_029,CHEMBL282177,COC(=O)c1cc2cc(S(C)(=O)=O)ccc2n1C(=O)c1ccc([N+](=O)[O-])cc1,402.3840000000001,2.4281000000000006,0,7,4,125.58000000000001,28,0,0.17894736842105263
DEC_1282,ACT_029,CHEMBL284433,CC(C)C[C@@H]1NC(=O)N(CC(=O)N[C@H](C(=O)c2nnc(C(C)(C)C)o2)C(C)C)C1=O,421.4980000000002,1.6571,2,7,8,134.5,30,0,0.1794871794871795
DEC_1283,ACT_029,CHEMBL26030,O=C1c2ccccc2C(=O)N1CCCCN1CCN(c2ccc([N+](=O)[O-])cc2)CC1,408.4580000000001,2.7932000000000015,0,6,7,87.0,30,0,0.1794871794871795
DEC_1284,ACT_029,CHEMBL21434,CCOc1ccccc1-c1nc2c3cnn(CCc4ccccc4)c3nc(N)n2n1,399.458,3.3646000000000003,1,6,6,96.15,30,0,0.1797752808988764
DEC_1285,ACT_029,CHEMBL422399,CCn1c(=O)c2c(nc(/C=C/c3cc(OC)c(OC)c(OC)c3)n2C)n(CC)c1=O,414.4620000000002,2.1327,0,6,7,89.51000000000002,30,0,0.1797752808988764
DEC_1286,ACT_029,CHEMBL280839,CCn1c(=O)c2nc(/C=C/c3cc(OC)c(OC)c(OC)c3)[nH]c2n(CC)c1=O,400.4350000000002,2.122299999999999,1,6,7,100.37,29,0,0.1797752808988764
DEC_1287,ACT_029,CHEMBL25914,CCn1c(/C=C/c2cc(OC)c(OC)c(OC)c2)nc2c1c(=O)n(C)c(=O)n2C,400.4350000000001,1.6498,0,6,6,89.51000000000002,29,0,0.1797752808988764
DEC_1288,ACT_029,CHEMBL274863,Nc1nccc(-c2c(-c3ccc(F)cc3)ncn2CCCN2CCOCC2)n1,382.44300000000027,2.4507000000000003,1,6,6,82.09,28,0,0.18
DEC_1289,ACT_029,CHEMBL266959,O=C1[C@@H](NS(=O)(=O)c2cc3cccnc3s2)CCN1Cc1cc2cc[nH]cc-2n1,427.51100000000025,2.2036,2,6,5,108.05,29,0,0.18018018018018017
DEC_1290,ACT_029,CHEMBL267229,COc1cc(N2CCN(c3cc(OC)c(OC)c(OC)c3)CC2)cc(OC)c1OC,418.4900000000003,3.0648000000000017,0,8,8,61.860000000000014,30,0,0.18032786885245902
DEC_1291,ACT_029,CHEMBL10544,OC(Cn1cncn1)(c1ccc(F)cc1)C(O)(c1ccccc1)c1ccc(F)cc1,407.4200000000001,3.380200000000002,2,4,6,71.17,30,0,0.18055555555555555
DEC_1292,ACT_029,CHEMBL26189,O=C1c2ccccc2C(=O)N1CCCCN1CCN(c2ccccc2[N+](=O)[O-])CC1,408.4580000000001,2.7932000000000015,0,6,7,87.0,30,0,0.18055555555555555
DEC_1293,ACT_029,CHEMBL281014,COC(=O)c1cc2cc(S(C)(=O)=O)ccc2n1Cc1ccc([N+](=O)[O-])cc1,388.4010000000001,2.7879000000000014,0,6,5,108.51000000000002,27,0,0.18055555555555555
DEC_1294,ACT_029,CHEMBL18717,COc1cc(C23OCC24C2COC(c5cc6c(cc53)OCO6)C24)cc(OC)c1OC,410.4220000000002,3.0322000000000013,0,7,4,64.61000000000001,30,0,0.18072289156626506
DEC_1295,ACT_029,CHEMBL8150,CCN(CC)CCNc1ccc2ncn3c4c(OC)ccc(OC)c4c(=O)c1c23,394.47500000000025,3.209600000000002,1,6,8,68.1,29,0,0.1827956989247312
DEC_1296,ACT_029,CHEMBL278876,O=C1CSCC(=O)N1CCCCN1CCN(c2nccc3sccc23)CC1,404.5610000000001,2.3005000000000004,0,7,6,56.75000000000001,27,0,0.18292682926829268
DEC_1297,ACT_029,CHEMBL25403,c1cc(C2=NCCN2)ccc1OC[C@@H]1C[C@H]1COc1ccc(C2=NCCN2)cc1,390.48700000000014,2.4801,2,6,8,67.24000000000001,29,0,0.18309859154929578
DEC_1298,ACT_029,CHEMBL15738,CCOc1c(N2CCC(C)(CN)C2)c(F)cc2c(=O)c(C(=O)O)cn(C3CC3)c12,403.4540000000002,2.7475000000000005,2,5,6,97.78999999999999,29,0,0.1834862385321101
DEC_1299,ACT_029,CHEMBL28339,CCCN(CCN1C(=O)CC2(CCCC2)CC1=O)C1COc2cccc(OC)c2C1,414.54600000000016,3.4201000000000015,0,5,7,59.08000000000001,30,0,0.1836734693877551
DEC_1300,ACT_030,CHEMBL269375,Oc1ccc2c3c1O[C@H]1[C@H](N=C=S)CCC4C(C2)N(CC2CC2)CCC341,368.5020000000003,3.312800000000001,1,5,3,45.06,26,0,0.1368421052631579
DEC_1301,ACT_030,CHEMBL268740,CCN(CC)CCNc1ccc2ncn3c4c(O)ccc(O)c4c(=O)c1c23,366.42100000000016,2.6036000000000006,3,6,6,90.1,27,0,0.1511627906976744
DEC_1302,ACT_030,CHEMBL21952,CCN(CC)CCNc1ccc(CO)c2sc3ccc(O)cc3c(=O)c12,372.4900000000001,3.3663000000000016,3,6,7,72.80000000000001,26,0,0.1568627450980392
DEC_1303,ACT_030,CHEMBL277478,COc1cc2c(c(OC)c1OC)c1c3c(cc4c1n2C(=O)CC4)CNCC3,366.4170000000002,3.0524000000000004,1,5,3,61.720000000000006,27,0,0.16161616161616163
DEC_1304,ACT_030,CHEMBL12072,O=C1NC(=O)C(CC#Cc2ccccc2)(S(=O)(=O)c2ccccc2)S1,371.4390000000001,2.5814000000000012,1,5,3,80.31,25,0,0.1643835616438356
DEC_1305,ACT_030,CHEMBL14264,CC(=O)Nc1c([N+](=O)[O-])cc2c(c1N1CCCCC1)C[C@H](O)C(C)(C)O2,363.4140000000001,2.6179000000000006,2,6,3,104.94,26,0,0.1686746987951807
DEC_1306,ACT_030,CHEMBL283572,Cn1nc2nc(N)n3nc(-c4ccco4)nc3c2c1Nc1ccc(O)cc1,362.35300000000007,2.3023999999999996,3,8,3,132.32,27,0,0.1686746987951807
DEC_1307,ACT_030,CHEMBL276142,CC(=O)Nc1cc2c(c(N3CCCCC3)c1[N+](=O)[O-])C[C@H](O)C(C)(C)O2,363.41400000000004,2.6179000000000006,2,6,3,104.94000000000001,26,0,0.1702127659574468
DEC_1308,ACT_030,CHEMBL15408,C=C(c1cc(Cl)cc(Cl)c1OCC(O)CNC(C)(C)C)n1ccnc1,384.3070000000001,3.836700000000002,2,4,7,59.31,25,0,0.17045454545454544
DEC_1309,ACT_030,CHEMBL12489,CCNS(=O)(=O)c1ccc2c(c1)C(n1ccccc1=O)=CC(C)(C)O2,360.4350000000002,2.2066999999999997,1,4,4,77.4,25,0,0.17073170731707318
DEC_1310,ACT_030,CHEMBL286756,N#CCc1cc(-c2ccc(Cl)cc2)n(-c2ccc(S(N)(=O)=O)cc2)n1,372.83700000000005,2.90618,1,4,4,101.77,25,0,0.1728395061728395
DEC_1311,ACT_030,CHEMBL27865,O=c1cnn(-c2cc(Cl)c(Sc3ccccc3)c(Cl)c2)c(=O)[nH]1,366.2290000000001,3.378800000000001,1,4,3,67.75,23,0,0.17333333333333334
DEC_1312,ACT_030,CHEMBL15684,C=C(c1c(Cl)ccc(Cl)c1OCC(O)CNC(C)(C)C)n1ccnc1,384.3070000000001,3.836700000000002,2,4,7,59.31,25,0,0.1744186046511628
DEC_1313,ACT_030,CHEMBL268271,CC1(C)Oc2ccc(C#N)cc2[C@H](N(Cc2ncco2)c2ccccc2)[C@H]1O,375.42800000000005,3.8260800000000033,1,6,4,82.52,28,0,0.17525773195876287
DEC_1314,ACT_030,CHEMBL8616,CCNCc1nn2c3cccc(O)c3c(=O)c3c(NCCN(C)C)ccc1c32,379.46400000000017,2.2272999999999996,3,6,7,81.89999999999999,28,0,0.17525773195876287
DEC_1315,ACT_030,CHEMBL267275,CC/C=C/C(=O)O[C@H](CC=C(C)C)C1=CC(=O)c2c(O)ccc(O)c2C1=O,370.4010000000001,3.6375000000000033,2,6,6,100.9,27,0,0.1791044776119403
DEC_1316,ACT_030,CHEMBL277872,O=C(O)COc1ccc2c(c1Cl)S(=O)(=O)N=C2c1ccccc1F,369.75700000000006,2.4822000000000006,1,4,4,93.03,24,0,0.1794871794871795
DEC_1317,ACT_030,CHEMBL14424,Nc1nsc(-c2ccc(N3CCN(c4cccc(C(F)(F)F)c4)CC3)nn2)n1,407.42500000000007,2.9227000000000016,1,8,3,84.06,28,0,0.1794871794871795
DEC_1318,ACT_030,CHEMBL29075,NS(=O)(=O)c1ccc(-n2nc(C(F)(F)F)cc2-c2ccccn2)cc1,368.34000000000003,2.600500000000001,1,4,3,90.87,25,0,0.1797752808988764
DEC_1319,ACT_030,CHEMBL27064,CCN(CC)CCn1nc2c3c(c(CN)ccc31)Sc1ccc(OC)cc1-2,382.53300000000013,3.977000000000002,1,5,7,56.31,27,0,0.1797752808988764
DEC_1320,ACT_030,CHEMBL418709,O=C1NC(=O)C(CC#Cc2ccc(Cl)cc2)(Sc2ccccn2)S1,374.8740000000001,3.9482000000000017,1,5,3,59.06,24,0,0.18055555555555555
DEC_1321,ACT_030,CHEMBL10565,O=C(c1ccccc1Cl)C(O)(Cn1cncn1)c1ccccc1Cl,362.216,3.3556000000000017,1,4,5,68.00999999999999,24,0,0.18181818181818182
DEC_1322,ACT_030,CHEMBL280130,CCCc1cccc(=O)n1Cc1ccc(-c2ccccc2-c2nn[nH]n2)cc1,371.444,3.696200000000002,1,4,6,76.46000000000001,28,0,0.18181818181818182
DEC_1323,ACT_030,CHEMBL24716,COC(=O)C1=C(C)N=C(C)/C(=C(\O)OC)C1c1c(F)c(F)c(F)c(F)c1F,391.29200000000003,3.803200000000002,1,5,3,68.12,27,0,0.18181818181818182
DEC_1324,ACT_030,CHEMBL275411,CCN1CCN(c2cc3c(cc2F)c(=O)c(C(=O)O)cn3C(C)C)CC1,361.4170000000001,2.5616000000000003,1,4,4,65.78,26,0,0.18292682926829268
DEC_1325,ACT_030,CHEMBL15350,CCN1CCN(c2cc3c(cc2F)c(=O)c(C(=O)O)cn3C(C)(C)C)CC1,375.44400000000013,2.7357000000000005,1,4,3,65.78,27,0,0.18292682926829268
DEC_1326,ACT_030,CHEMBL269704,CC1(C)N=C(N)N=C(N)N1c1cccc(OCc2ccc(Cl)c(Cl)c2)c1,392.2900000000001,3.757900000000001,2,6,4,89.22999999999999,26,0,0.18309859154929578
DEC_1327,ACT_030,CHEMBL283883,O[C@@H]1c2cc(OCc3cccc(F)n3)ccc2OC[C@@H]1Cc1cccnc1,366.3920000000001,3.479400000000002,1,5,5,64.47,27,0,0.1836734693877551
DEC_1328,ACT_030,CHEMBL29937,O[C@@H]1c2cc(OCc3cccc(Cl)n3)ccc2OC[C@@H]1Cc1cccnc1,382.84700000000015,3.993700000000003,1,5,5,64.47,27,0,0.1836734693877551
DEC_1329,ACT_030,CHEMBL33482,CN(C)CCNC(=O)c1c2c(cc3oc4ccccc4c(=O)c13)OC(C)(C)C=C2,392.4550000000002,3.421800000000002,1,5,4,71.78,29,0,0.1839080459770115
DEC_1330,ACT_030,CHEMBL14654,CC1CCC(N=Nc2ccccc2C(=O)O)=C2N(C)C=C(C(=O)O)C(=O)N21,370.3650000000001,2.5624000000000002,2,6,4,122.86999999999999,27,0,0.18421052631578946
DEC_1331,ACT_030,CHEMBL416558,Cc1cnsc1C(c1ccc(C(C)C)cc1)N1CCN(CC(C)O)CC1,373.56600000000026,3.662720000000002,1,5,6,39.60000000000001,26,0,0.18421052631578946
DEC_1332,ACT_030,CHEMBL280524,CN1CCC(O)(c2nc(-c3ccc(F)cc3)c(-c3ccncc3)s2)CC1,369.4650000000001,3.924400000000003,1,5,3,49.25,26,0,0.18421052631578946
DEC_1333,ACT_030,CHEMBL275049,O=C1NC(=O)C(CC#Cc2ccc(F)cc2)(S(=O)(=O)c2ccccc2)S1,389.4290000000001,2.7205000000000013,1,5,3,80.31,26,0,0.18421052631578946
DEC_1334,ACT_030,CHEMBL12244,O=C1NC(=O)C(CC#Cc2ccccc2)(S(=O)(=O)c2ccc(F)cc2)S1,389.4290000000001,2.7205000000000013,1,5,3,80.31,26,0,0.18421052631578946
DEC_1335,ACT_030,CHEMBL287140,C[C@H]1C(Oc2ccc(C(=O)O)cc2)O[C@@H]2O[C@]3(C)CC[C@H]4[C@H](C)CCC1C24OO3,404.45900000000023,3.971600000000003,1,6,3,83.45000000000002,29,0,0.18421052631578946
DEC_1336,ACT_030,CHEMBL277519,CC1(O)OC(=O)C(c2cc3ccccc3s2)=C1c1ccc(S(C)(=O)=O)cc1,400.47700000000015,3.4809000000000028,1,6,3,80.67,27,0,0.18478260869565216
DEC_1337,ACT_030,CHEMBL21459,CN(C)CCCNc1cc(-c2ccc(N3CCN(C)CC3)cc2)nc2ccccc12,403.5740000000002,4.017200000000003,1,5,7,34.64,30,0,0.18478260869565216
DEC_1338,ACT_030,CHEMBL286964,CCNCC1CN(c2c(F)cc3c(=O)c(C(=O)O)cn(C4CC4)c3c2F)CCO1,407.4170000000002,2.1274999999999995,2,5,6,83.8,29,0,0.18478260869565216
DEC_1339,ACT_030,CHEMBL285607,COc1cc2c(cc1OC)C(C)=[N+]([O-])C(c1cc3c(cc1[N+](=O)[O-])OCO3)N2,387.3480000000001,2.784300000000001,1,8,4,118.16000000000001,28,0,0.18478260869565216
DEC_1340,ACT_030,CHEMBL275278,c1cnc(N2CCN(CCCN3CCc4c([nH]c5ccccc45)C3)CC2)nc1,376.50800000000015,2.5283000000000007,1,5,5,51.290000000000006,28,0,0.18518518518518517
DEC_1341,ACT_030,CHEMBL416742,Cc1cnsc1C(c1ccc(C(C)C)cc1)N1CCN(CCCO)CC1,373.5660000000003,3.664320000000002,1,5,7,39.60000000000001,26,0,0.18518518518518517
DEC_1342,ACT_030,CHEMBL276900,O=C(c1ccccc1F)C(O)(Cn1cncn1)c1ccc(Cl)cc1Cl,380.20600000000013,3.4947000000000017,1,4,5,68.00999999999999,25,0,0.18518518518518517
DEC_1343,ACT_030,CHEMBL283425,NS(=O)(=O)c1ccc(-n2nc(C(F)(F)F)cc2-c2ccncc2)cc1,368.34000000000003,2.600500000000001,1,4,3,90.87,25,0,0.18604651162790697
DEC_1344,ACT_030,CHEMBL20445,CSc1c2c(nc(N)n3nc(-c4ccco4)nc23)nn1CCCc1ccccc1,405.4870000000002,3.6709000000000023,1,7,6,100.06,29,0,0.18604651162790697
DEC_1345,ACT_030,CHEMBL35475,CCc1nn(Cc2ccc(-c3ccccc3-c3nn[nH]n3)cc2)/c(=N/C(C)=O)s1,405.4870000000001,2.8496000000000006,1,6,5,101.71000000000001,29,0,0.18604651162790697
DEC_1346,ACT_030,CHEMBL275166,C[C@@H](/N=c1\c(O)c(O)\c1=N/c1ccc(C#N)cc1C(=O)c1ccccc1)C(C)(C)C,401.4660000000001,3.6437800000000022,2,6,4,106.03999999999999,30,0,0.18627450980392157
DEC_1347,ACT_030,CHEMBL20785,CCS(=O)(=O)c1ccc(OC)c(-c2ccc(C(C)N3CCCCC3)[nH]2)c1,376.5220000000002,4.030800000000003,1,4,6,62.400000000000006,26,0,0.1875
DEC_1348,ACT_030,CHEMBL25906,CCCn1c(=O)c2c(nc(/C=C/c3cccc(N)c3)n2C)n(CCC)c1=O,367.4530000000002,2.4693000000000005,1,4,6,87.84,27,0,0.1875
DEC_1349,ACT_030,CHEMBL8219,CCN(CC)CCNc1ccc2ncn3c4c(OC)ccc(O)c4c(=O)c1c23,380.4480000000002,2.9066000000000014,2,6,7,79.1,28,0,0.1875
DEC_1350,ACT_031,CHEMBL26648,Oc1ccc2c3c1O[C@H]1c4c(c5ccccc5n4Cc4ccccc4N=C=S)C[C@@]4(O)C(C2)N(CC2CC2)CCC314,561.7070000000001,5.828600000000008,2,6,5,70.22,41,0,0.12698412698412698
DEC_1351,ACT_031,CHEMBL303081,CN(C)c1ccc([C@H]2C[C@@]3(C)C(CC[C@@]3(O)C#Cc3ccc(S(C)(=O)=O)cc3)C3CCC4=CC(=O)CCC4=C32)cc1,569.7670000000002,5.838400000000006,1,5,3,74.68,41,0,0.14634146341463414
DEC_1352,ACT_031,CHEMBL282107,Oc1ccc2c3c1O[C@H]1c4c(c5ccccc5n4Cc4ccc(N=C=S)cc4)C[C@@]4(O)C(C2)N(CC2CC2)CCC314,561.7070000000001,5.828600000000008,2,6,5,70.22,41,0,0.14814814814814814
DEC_1353,ACT_031,CHEMBL19525,CC(=O)O[C@@H]1C[C@@]2(C)C(CC[C@]3(C)C2CC=C2C4[C@@H](C)[C@H](C)CC[C@]4(C(=O)O)CC[C@]23C)[C@](C)(CO)[C@H]1O,530.7460000000005,5.6035000000000075,3,5,3,104.06000000000002,38,0,0.1485148514851485
DEC_1354,ACT_031,CHEMBL282179,CC(C)C1=CC2CC3(C=O)[C@@H]4CC[C@@H](C)[C@H]4CC2(CO[C@H]2CN(c4ccc(Cl)s4)[C@H](C)CO2)[C@]13C(=O)O,548.1450000000003,5.893900000000006,1,6,7,76.07,37,0,0.1509433962264151
DEC_1355,ACT_031,CHEMBL280649,Oc1ccc2c3c1O[C@H]1c4c(c5ccccc5n4Cc4cccc(N=C=S)c4)C[C@@]4(O)C(C2)N(CC2CC2)CCC314,561.7070000000001,5.828600000000008,2,6,5,70.22,41,0,0.1559633027522936
DEC_1356,ACT_031,CHEMBL44482,CC(=O)O[C@@H]1CC[C@]2(C)C3CC[C@@]4(C)[C@H]5[C@@H](C[C@]4(C)C3=CCC2[C@]1(C)C(=O)O)OC(=O)[C@@H]5CC(=O)C=C(C)C,540.6970000000003,5.664900000000006,1,6,5,106.97,39,0,0.15789473684210525
DEC_1357,ACT_031,CHEMBL291358,CCc1nc2c(C)cc(C)nc2n1Cc1cc(I)c(O)c(I)c1,533.1510000000001,4.573640000000004,1,3,3,50.94,23,0,0.15789473684210525
DEC_1358,ACT_031,CHEMBL279645,C[C@@H]1CC[C@]2(C(=O)OC3CCCCO3)CC[C@]3(C)C(=CCC4[C@@]5(C)C[C@@H](O)[C@H](O)[C@@](C)(CO)C5CC[C@]43C)C2[C@H]1C,572.8270000000002,6.01790000000001,3,6,3,96.22000000000001,41,0,0.16
DEC_1359,ACT_031,CHEMBL313352,O=S(=O)(N/N=C/C1NN(c2ccc(F)cc2)C2C(Cc3cccc4ccccc34)CCCC12)c1ccccc1,542.6800000000004,5.664000000000005,2,5,7,73.8,39,0,0.16071428571428573
DEC_1360,ACT_031,CHEMBL19917,O=c1c2ccccc2c2ccccc2n1CC#Cc1cc2c(s1)-n1c(CO)nnc1CN=C2c1ccccc1Cl,562.0540000000002,5.345300000000004,1,6,3,85.3,40,0,0.16129032258064516
DEC_1361,ACT_031,CHEMBL19094,C=C(C)[C@@H]1CC[C@]2(C(=O)NCC(=O)OC)CC[C@]3(C)[C@H](CC[C@@H]4[C@@]5(C)CC[C@H](O)C(C)(C)[C@@H]5CC[C@]43C)[C@@H]12,527.7900000000004,6.294100000000008,2,4,4,75.63000000000001,38,0,0.16666666666666666
DEC_1362,ACT_031,CHEMBL314009,C=C1/C(=C/C=C2/CCC[C@@]3(C)C2CCC3[C@H](C)C[C@H]2C[C@](C)(O)C(=O)N2Cc2ccccc2)C[C@@H](O)C[C@@H]1O,533.7530000000004,5.705700000000007,3,4,6,81.0,39,0,0.168141592920354
DEC_1363,ACT_031,CHEMBL315631,OC(COc1cccc2ncccc12)CN1CCN(C2c3ccccc3C3C(c4ccccc42)C3(Cl)Cl)CC1,560.525,5.750000000000005,1,5,6,48.830000000000005,39,0,0.17045454545454544
DEC_1364,ACT_031,CHEMBL31999,C[C@H]1C[C@@]23O[C@]2(c2ccccc21)C1CC(OC(=O)[C@H](O)[C@@H](NC(=O)NC(C)(C)C)c2ccccc2)C3(C)C1(C)C,546.7080000000001,5.335800000000005,3,5,5,100.19,40,0,0.17204301075268819
DEC_1365,ACT_031,CHEMBL291158,CCCCO[C@]1(C)CCN2CC34CC5(C(=O)Nc6c5ccc5c6OC=CC(C)(C)O5)C(C)(C)C3CC21C(=O)N4C,549.7120000000002,4.620500000000004,1,6,4,80.33999999999999,40,0,0.17272727272727273
DEC_1366,ACT_031,CHEMBL34922,CN1CCN(c2ccc3nc(-c4ccc5nc(-c6ccc(O)cc6)[nH]c5c4)[nH]c3c2)CC1.Cl.Cl.Cl,533.8910000000002,5.496000000000005,3,5,3,84.07,35,0,0.175
DEC_1367,ACT_031,CHEMBL31413,C[C@@H]1C[C@@]23O[C@]2(c2ccccc21)C1CC(OC(=O)[C@H](O)[C@@H](NC(=O)OC(C)(C)C)c2ccccc2)C3(C)C1(C)C,547.6920000000001,5.762800000000006,2,6,5,97.39,40,0,0.17796610169491525
DEC_1368,ACT_031,CHEMBL30977,C[C@H]1C[C@@]23O[C@]2(c2ccccc21)C1CC(OC(=O)[C@H](O)[C@@H](NC(=O)OC(C)(C)C)c2ccccc2)C3(C)C1(C)C,547.6920000000001,5.762800000000006,2,6,5,97.39,40,0,0.17796610169491525
DEC_1369,ACT_031,CHEMBL287108,CCOC(=O)N[C@@H](c1cccc(F)c1)[C@@H](O)C(=O)OC1CC2C(C)(C)C1(C)[C@@]13C[C@H](C)c4ccccc4[C@@]21O3,537.6280000000004,5.123300000000005,2,6,6,97.39,39,0,0.17857142857142858
DEC_1370,ACT_031,CHEMBL8153,Cc1[nH]cnc1CN1c2ccccc2CN(S(=O)(=O)c2ccc(C(C)(C)C)cc2)CC1CCc1ccccc1,542.7490000000005,6.228120000000007,1,4,7,69.30000000000001,39,0,0.18
DEC_1371,ACT_031,CHEMBL16337,O=c1c2c(oc(O)c1[C@@H](c1cccc(NS(=O)(=O)c3cccc4cccnc34)c1)C1CC1)CCCCCC2,530.6460000000003,5.895300000000005,2,6,6,109.49999999999999,38,0,0.18085106382978725
DEC_1372,ACT_031,CHEMBL275888,O=c1c2c(oc(O)c1[C@H](c1cccc(NS(=O)(=O)c3cccc4cccnc34)c1)C1CC1)CCCCCC2,530.6460000000003,5.895300000000005,2,6,6,109.49999999999999,38,0,0.18085106382978725
DEC_1373,ACT_031,CHEMBL16349,O=c1c2c(oc(O)c1C(c1cccc(NS(=O)(=O)c3cccc4cccnc34)c1)C1CC1)CCCCCC2,530.6460000000003,5.895300000000005,2,6,6,109.49999999999999,38,0,0.18085106382978725
DEC_1374,ACT_031,CHEMBL274470,CCCC(c1cccc(NS(=O)(=O)c2cccc3cccnc23)c1)c1c(O)c2c(oc1=O)CCCCCC2,532.6620000000003,6.285400000000005,2,6,7,109.5,38,0,0.18095238095238095
DEC_1375,ACT_031,CHEMBL31680,CC(C)NC(=O)N[C@@H](c1ccccc1)[C@@H](O)C(=O)OC1CC2C(C)(C)C1(C)[C@@]13C[C@H](C)c4ccccc4[C@@]21O3,532.6810000000004,4.945700000000005,3,5,6,100.19000000000001,39,0,0.18095238095238095
DEC_1376,ACT_031,CHEMBL286260,CCCCc1nc2ccc(I)cc2c(=O)n1Cc1ccc(-c2ccccc2-c2nn[nH]n2)cc1,562.4150000000002,5.239100000000005,1,5,7,89.35000000000001,34,0,0.18181818181818182
DEC_1377,ACT_031,CHEMBL284535,COc1ccc([C@@H]2c3[nH]c4ccccc4c3C[C@@H]3C(=O)N([C@@H]4CCN(Cc5ccccc5)C4)CC(=O)N23)cc1C,534.6600000000003,4.444320000000004,1,4,5,68.88000000000001,40,0,0.18181818181818182
DEC_1378,ACT_031,CHEMBL16536,O=c1c2c(oc(O)c1C(c1cccc(NS(=O)(=O)c3ccc4ccccc4n3)c1)C1CC1)CCCCCC2,530.6460000000003,5.895300000000005,2,6,6,109.49999999999999,38,0,0.1827956989247312
DEC_1379,ACT_031,CHEMBL31829,CCOC(=O)N[C@@H](c1ccc(F)cc1)[C@@H](O)C(=O)OC1CC2C(C)(C)C1(C)[C@@]13C[C@H](C)c4ccccc4[C@@]21O3,537.6280000000004,5.123300000000005,2,6,6,97.39,39,0,0.1834862385321101
DEC_1380,ACT_031,CHEMBL16773,CC(C)C(c1cccc(NS(=O)(=O)c2cccc3cccnc23)c1)c1c(O)c2c(oc1=O)CCCCCC2,532.6620000000003,6.1413000000000055,2,6,6,109.5,38,0,0.1836734693877551
DEC_1381,ACT_031,CHEMBL288558,C=C1C[C@@]23O[C@]2(c2ccccc21)C1CC(OC(=O)[C@H](O)[C@@H](NC(=O)OCC)c2cccc(F)c2)C3(C)C1(C)C,535.6120000000002,5.033000000000005,2,6,6,97.39,39,0,0.1836734693877551
DEC_1382,ACT_031,CHEMBL306398,CCO/C(O)=C1\C(C(C)S(=O)(=O)c2ccccc2)=NC2=C(C(=O)CCC2)C1c1ccccc1C(F)(F)F,533.5680000000003,5.919200000000005,1,6,6,93.03,37,0,0.18627450980392157
DEC_1383,ACT_031,CHEMBL13842,CC1(c2ccccc2)c2cc(C(=O)O)sc2C(=O)c2c1c1ccccc1n2Cc1ccc(OCC(=O)O)cc1,537.5930000000004,5.811400000000006,2,5,7,105.83,39,0,0.18681318681318682
DEC_1384,ACT_031,CHEMBL28116,CC(=O)Nc1cccc(Cn2c3c(c4ccccc42)C[C@@]2(O)C4Cc5ccc(O)c6c5C2(CCN4CC2CC2)[C@H]3O6)c1,561.6820000000004,5.052700000000005,3,5,5,86.96000000000001,42,0,0.18691588785046728
DEC_1385,ACT_031,CHEMBL286832,CCOC(=O)N[C@@H](c1ccc(C)cc1)[C@@H](O)C(=O)OC1CC2C(C)(C)C1(C)[C@@]13C[C@H](C)c4ccccc4[C@@]21O3,533.6650000000004,5.292620000000006,2,6,6,97.39,39,0,0.18691588785046728
DEC_1386,ACT_031,CHEMBL8385,CCOC(=O)[C@]12CCC(C)(C)CC1C1C(=O)C=C3[C@@]4(C)C=C(C(=O)O)C(=O)C(C)(C)[C@@H]4CC[C@@]3(C)[C@]1(C)CC2,538.7250000000003,6.330100000000007,1,5,3,97.74000000000001,39,0,0.1875
DEC_1387,ACT_031,CHEMBL70664,Cc1c2ccnc(C(=O)NCCN(C)C)c2cc2c3cc(OC(=O)N4CCC(N5CCCCC5)CC4)ccc3n(C)c12,570.7380000000004,4.928620000000005,1,6,6,82.94,42,0,0.1875
DEC_1388,ACT_031,CHEMBL293404,O=C1N[C@@H](C(c2ccccc2)c2ccccc2)C(=O)N2CCC[C@@H]2C(=O)NCc2ccccc2-c2ccccc21,529.6400000000003,4.904900000000005,2,3,3,78.51,40,0,0.18823529411764706
DEC_1389,ACT_031,CHEMBL284652,C=C1C[C@@]23O[C@]2(c2ccccc21)C1CC(OC(=O)[C@H](O)[C@@H](NC(=O)OCC)c2ccc(F)cc2)C3(C)C1(C)C,535.6120000000002,5.033000000000005,2,6,6,97.39,39,0,0.19
DEC_1390,ACT_031,CHEMBL50661,O=C(Cc1ccccc1OCc1ccccc1)N1C[C@H]2[C@@]3(c4ccccc4)CC[C@H](c4ccccc43)[C@@]2(C(=O)O)C1,543.6630000000002,6.2148000000000065,1,3,7,66.84,41,0,0.19
DEC_1391,ACT_031,CHEMBL276144,CCCC(=O)O.C[C@@H]1CN(C(=O)N2Cc3c(C(=O)OC(C)(C)C)ncn3-c3ccc(Cl)cc32)C[C@H](C)N1,534.0570000000002,4.474300000000004,2,6,3,117.0,37,0,0.19047619047619047
DEC_1392,ACT_031,CHEMBL8499,CC(C)(C)c1ccc(S(=O)(=O)N2Cc3ccccc3N(Cc3ncc[nH]3)C(CCc3ccccc3)C2)cc1,528.7220000000003,5.919700000000006,1,4,7,69.30000000000001,38,0,0.19101123595505617
DEC_1393,ACT_031,CHEMBL305097,N=C(c1ccc(CN2CCN(S(=O)(=O)c3cc4ccc(Cl)cc4s3)CC2=O)cc1)N1CCCCC1,531.1030000000002,4.3990700000000045,1,5,5,84.77999999999999,35,0,0.19101123595505617
DEC_1394,ACT_031,CHEMBL294940,O=C(O)CCCC(=O)N1CCN(c2ccnc3cc(Cl)ccc23)CCN(c2ccnc3cc(Cl)ccc23)CC1,566.489,5.499900000000006,1,6,6,89.87,39,0,0.19230769230769232
DEC_1395,ACT_031,CHEMBL84881,CN(C)Cc1n[nH]nc1CN1CCOC2(CCC(c3ccccc3C(F)(F)F)CO2)C1c1ccc(F)cc1,533.5700000000002,4.888200000000005,1,6,6,66.51,38,0,0.19230769230769232
DEC_1396,ACT_031,CHEMBL32620,C=C1C[C@@]23O[C@]2(c2ccccc21)C1CC(OC(=O)[C@H](O)[C@@H](NC(=O)OCC)c2ccc(Cl)cc2)C3(C)C1(C)C,552.0670000000001,5.547300000000005,2,6,6,97.39,39,0,0.1926605504587156
DEC_1397,ACT_031,CHEMBL300855,CSc1nnc([C@@H]2C[C@@H](S)CN2S(=O)(=O)c2ccc3ccccc3c2)n1-c1ccc(F)c(Cl)c1,535.0910000000002,5.369000000000003,1,6,5,68.09,34,0,0.1926605504587156
DEC_1398,ACT_031,CHEMBL280644,C=C1C[C@@]23O[C@]2(c2ccccc21)C1CC(OC(=O)[C@H](O)[C@@H](NC(=O)OCC)c2ccc(C)cc2)C3(C)C1(C)C,531.6490000000002,5.202320000000005,2,6,6,97.39,39,0,0.19387755102040816
DEC_1399,ACT_031,CHEMBL39542,O=C1N(Cc2ccc(-c3ccccc3-c3nn[nH]n3)cc2)C(c2ccccc2)=NC1(c1ccccc1)c1ccccc1,546.6340000000002,6.266500000000006,1,5,7,87.13000000000001,42,0,0.19480519480519481
DEC_1400,ACT_032,CHEMBL279258,C=C(CC[C@H](O)[C@@]1(C)CC[C@H](C(C)(C)O)O1)[C@H]1CC[C@H]2O[C@@H]([C@]3(C)CC[C@](OC)(C(C)C)O3)CC[C@]2(C)O1,538.7660000000004,5.445400000000006,2,7,9,86.61000000000001,38,0,0.11224489795918367
DEC_1401,ACT_032,CHEMBL280735,C=C(CC[C@H](O)[C@@]1(C)CC[C@H](C(C)(C)O)O1)[C@H]1CC[C@H]2O[C@@H]([C@]3(C)CC[C@@H](C(C)(C)OC)O3)CC[C@]2(C)O1,538.7660000000004,5.240300000000006,2,7,9,86.61000000000001,38,0,0.11956521739130435
DEC_1402,ACT_032,CHEMBL443855,C=C(Cl)CN1C[C@@H](C)O[C@@H](OCC23C[C@@H]4[C@H](C)CC[C@H]4C4(C=O)CC2C=C(C(C)C)[C@@]34C(=O)O)[C@@H](OC(C)=O)C1,578.1460000000002,4.658600000000004,1,7,9,102.37,40,0,0.13513513513513514
DEC_1403,ACT_032,CHEMBL44670,C=C(Cl)CN1C[C@H](OCC23C[C@@H]4[C@H](C)CC[C@H]4C4(C=O)CC2C=C(C(C)C)C34C(=O)O)O[C@H](C)[C@@H](OC)C1,550.1360000000002,4.741900000000004,1,6,9,85.30000000000001,38,0,0.13761467889908258
DEC_1404,ACT_032,CHEMBL47518,C=C(CF)CN1C[C@H](OCC23C[C@@H]4[C@H](C)CC[C@H]4C4(C=O)CC2C=C(C(C)C)C34C(=O)O)O[C@H](C)[C@@H](OC)C1,547.7080000000002,4.515100000000004,1,6,10,85.30000000000001,39,0,0.14285714285714285
DEC_1405,ACT_032,CHEMBL295129,CO[C@H]1CN(CC=C(C)C)C[C@H](OCC23C[C@@H]4[C@H](C)CC[C@H]4C4(C=O)CC2C=C(C(C)C)C34C(=O)O)O[C@@H]1C,543.7450000000003,4.955600000000005,1,6,9,85.30000000000001,39,0,0.14655172413793102
DEC_1406,ACT_032,CHEMBL60072,CC1=CC[C@H]2C(C)(C)CCC[C@]2(C)[C@H]1C[C@H](OS(=O)(=O)[O-])[C@H](C)CCCc1ccoc1.C[N+](C)=C(N)N,539.7830000000001,4.804600000000002,2,5,9,134.62,37,0,0.14655172413793102
DEC_1407,ACT_032,CHEMBL283045,C=C(Cl)CN1C[C@H](OCC23C[C@@H]4[C@H](C)CC[C@H]4C4(C=O)CC2C=C(C(C)C)[C@@]34C(=O)O)OCC12CCCC2,546.1480000000001,5.6512000000000056,1,5,8,76.07000000000001,38,0,0.14814814814814814
DEC_1408,ACT_032,CHEMBL59280,C=CCOc1ccc(CC[C@](C)(O)[C@H]2C[C@@]34C=C[C@]2(OC)[C@@H]2Oc5c(OC)ccc6c5C23CCN(C)C4C6)cc1,543.7040000000003,4.864100000000005,1,6,9,60.39000000000001,40,0,0.15384615384615385
DEC_1409,ACT_032,CHEMBL70386,Cc1cc(SC2=C(O)OC(C)(CCc3ccc(O)cc3)CC2=O)c(C(C)(C)C)cc1OS(=O)(=O)N(C)C,549.7110000000002,5.383420000000006,2,8,8,113.36999999999999,37,0,0.15463917525773196
DEC_1410,ACT_032,CHEMBL289317,CCC(=O)OCC(=O)[C@@]1(OC(=O)c2ccco2)[C@H](C)CC2C3CCC4=CC(=O)C=CC4(C)[C@@]3(F)C(O)CC21C,542.6000000000003,4.314300000000004,1,8,6,120.11000000000003,39,0,0.1565217391304348
DEC_1411,ACT_032,CHEMBL430997,CCCc1nc(CN2CCN(c3ccccn3)CC2)c(C=O)n1Cc1ccc(-c2ccccc2-c2nn[nH]n2)cc1,547.6670000000003,4.2607000000000035,1,8,10,108.72000000000001,41,0,0.1565217391304348
DEC_1412,ACT_032,CHEMBL465852,C=C1[C@@H](OC(C)=O)CC[C@@]2(C)C[C@H](OC(C)=O)C3=C(C)C[C@H](OC(=O)[C@@H](C)CC)[C@@H]([C@@H](OC(C)=O)[C@H]12)C3(C)C,546.7010000000002,5.4782000000000055,0,8,6,105.20000000000002,39,0,0.1568627450980392
DEC_1413,ACT_032,CHEMBL72409,CCCc1nc(CN2CCN(c3ccccn3)CC2)c(CO)n1Cc1ccc(-c2ccccc2-c2nn[nH]n2)cc1,549.6830000000002,3.940500000000003,2,8,10,111.88000000000001,41,0,0.15841584158415842
DEC_1414,ACT_032,CHEMBL58573,COc1c(Br)c2c(c(OC)c1OC)C(=O)c1c(Br)c(OC)c(OC)c(OC)c1C2=O,546.1640000000002,4.038600000000003,0,8,6,89.52000000000001,30,0,0.15873015873015872
DEC_1415,ACT_032,CHEMBL285498,N#CN=C1N(Cc2cccc(C#N)c2)[C@H](Cc2ccccc2)[C@H](O)[C@@H](O)[C@@H](Cc2ccccc2)N1Cc1cccc(C#N)c1,580.6920000000001,4.529240000000004,2,6,8,130.67,44,0,0.15942028985507245
DEC_1416,ACT_032,CHEMBL406149,CC(C)C[C@@H]1OC(=O)C(C)(C)CNC(=O)[C@@H](n2cccc2)NC(=O)/C=C/C[C@@H]([C@H](C)[C@H]2O[C@@H]2c2ccccc2)OC1=O,579.6940000000002,3.8511000000000015,2,7,6,128.26000000000002,42,0,0.1619047619047619
DEC_1417,ACT_032,CHEMBL434398,CCCC(=O)OCC(=O)[C@@]1(OC(=O)c2ccco2)[C@H](C)CC2C3CCC4=CC(=O)C=CC4(C)[C@@]3(F)C(O)CC21C,556.6270000000002,4.704400000000005,1,8,7,120.11000000000003,40,0,0.16379310344827586
DEC_1418,ACT_032,CHEMBL309443,CS(=O)(=O)NC(=O)CCC/C=C\C[C@@H]1[C@H]2CC[C@H](C2)[C@H]1NS(=O)(=O)c1ccc2oc3ccccc3c2c1,544.6950000000002,4.471400000000004,2,6,10,122.55,37,0,0.1651376146788991
DEC_1419,ACT_032,CHEMBL300501,C[C@@H](n1cnc2cc(-c3ccc(C4=NCCO4)cc3)sc2c1=O)[C@](O)(Cn1cncn1)c1ccc(F)cc1F,548.5750000000003,3.920500000000003,1,8,7,107.41999999999999,39,0,0.16666666666666666
DEC_1420,ACT_032,CHEMBL280202,CCN(CC)[C@@H]1CC(=O)N([C@H]2CC3CC[C@]2(CS(=O)(=O)N2CCC4(CCc5ccccc54)CC2)C3(C)C)C1=O,555.7850000000003,3.9604000000000026,0,5,7,78.0,39,0,0.16831683168316833
DEC_1421,ACT_032,CHEMBL283317,CCN(CC)[C@H]1CC(=O)N([C@H]2CC3CC[C@]2(CS(=O)(=O)N2CCC4(CCc5ccccc54)CC2)C3(C)C)C1=O,555.7850000000003,3.9604000000000026,0,5,7,78.0,39,0,0.16831683168316833
DEC_1422,ACT_032,CHEMBL56575,CC(O)(c1ccc(C(Cc2cc[n+]([O-])cc2)c2ccc(OC(F)F)c(OC(F)F)c2)cn1)c1nccs1,535.5190000000001,5.004700000000004,1,7,10,91.41000000000001,37,0,0.16842105263157894
DEC_1423,ACT_032,CHEMBL284925,CO[C@]12OO[C@@](C)(CO[Si](c3ccccc3)(c3ccccc3)C(C)(C)C)C=C1C(=O)C(C)(C)C(=O)C2(C)C,536.7410000000003,4.756800000000004,0,6,6,71.06,38,0,0.1686746987951807
DEC_1424,ACT_032,CHEMBL417319,CO[C@]12OO[C@](C)(CO[Si](c3ccccc3)(c3ccccc3)C(C)(C)C)C=C1C(=O)C(C)(C)C(=O)C2(C)C,536.7410000000003,4.756800000000004,0,6,6,71.06,38,0,0.1686746987951807
DEC_1425,ACT_032,CHEMBL285343,O=[N+]([O-])c1cccc2c1c1ncnc(N3CCN(CCc4ccc(F)c(F)c4)CC3)c1n2CCc1ccccc1,542.5900000000004,5.378300000000005,0,6,8,80.32999999999998,40,0,0.1702127659574468
DEC_1426,ACT_032,CHEMBL296472,CCCCc1nc2ccn(Cc3ccccc3[N+](=O)[O-])c(=O)c2n1Cc1ccc(-c2ccccc2-c2nn[nH]n2)cc1,560.6180000000003,5.3925000000000045,1,7,10,137.42000000000002,42,0,0.17117117117117117
DEC_1427,ACT_032,CHEMBL321766,COc1cc2cc(C(=O)N3C[C@H]4C[C@@]45C3=CC(=O)c3[nH]c(C)c(C(=O)OCCBr)c35)[nH]c2c(OC)c1OC,584.4230000000001,3.8758200000000027,2,7,7,122.95000000000002,38,0,0.17117117117117117
DEC_1428,ACT_032,CHEMBL23737,Cc1c(-c2ccc3c(c2)OC(F)(F)O3)c(=O)n(CCN(C)CCc2ccccn2)c(=O)n1Cc1c(F)cccc1F,570.5430000000003,4.202920000000003,0,6,9,78.59,41,0,0.1717171717171717
DEC_1429,ACT_032,CHEMBL84182,COC(=O)CCCC(=O)O[C@]1(C(=O)CCl)[C@@H](C)CC2C3CCC4=CC(=O)C=CC4(C)[C@@]3(F)[C@@H](O)CC21C,539.0400000000003,4.036400000000003,1,7,7,106.97000000000001,37,0,0.1717171717171717
DEC_1430,ACT_032,CHEMBL319078,C=C(C)[C@@]12C[C@@H](C)C34OC(Cc5ccccc5)(OC1[C@@H]3C=C(COC(=O)Cc1ccccc1)C[C@]1(O)C(=O)C(C)=C[C@@H]41)O2,582.6930000000003,5.030500000000006,1,7,7,91.29,43,0,0.1717171717171717
DEC_1431,ACT_032,CHEMBL65776,COC(=O)c1cc(C(=CCCO)c2cc(Br)c(OC)c(C(=O)OC)c2)cc(Br)c1OC,558.2190000000002,4.616100000000004,1,7,8,91.29000000000002,31,0,0.171875
DEC_1432,ACT_032,CHEMBL82718,CC1=NC(C)=C(C(=O)OCCN2C(=O)c3ccccc3S2(=O)=O)C(c2ccccc2Cl)/C1=C(\O)OC(C)(C)C,573.067,5.144700000000005,1,8,6,122.57,39,0,0.1724137931034483
DEC_1433,ACT_032,CHEMBL268004,CCCSC1=NS(=O)(=O)c2ccc(C(=O)O)cc2N1Cc1ccc(-c2ccccc2-c2nn[nH]n2)cc1,534.6230000000003,4.440000000000003,2,8,7,141.5,37,0,0.17272727272727273
DEC_1434,ACT_032,CHEMBL307683,O=C(O)c1cn(-c2ccc([N+](=O)[O-])cc2)c2cc(N3CCN(C/C(=N\O)c4ccc(F)cc4)CC3)c(F)cc2c1=O,563.5170000000003,3.8758000000000026,2,8,7,141.51,41,0,0.17272727272727273
DEC_1435,ACT_032,CHEMBL286434,CC1(CCCCN2CCN(c3ncccn3)CC2)COC(c2nc(-c3ccccc3)c(-c3ccccc3)[nH]2)OC1,538.6960000000001,5.577900000000005,1,7,9,79.40000000000002,40,0,0.17391304347826086
DEC_1436,ACT_032,CHEMBL63900,COC=C(c1cc(Br)c(OC)c(C(=O)OC)c1)c1cc(Br)c(OC)c(C(=O)OC)c1,544.1920000000002,4.837600000000004,0,7,7,80.29,30,0,0.175
DEC_1437,ACT_032,CHEMBL312784,CCCCc1nc(Cl)c(C=O)n1Cc1ccc2c(c1)C1c3ccccc3C2C(c2nn[nH]n2)C1c1nn[nH]n1,541.0190000000001,3.9245000000000028,2,8,8,143.81,39,0,0.17647058823529413
DEC_1438,ACT_032,CHEMBL53174,CCCCc1nc2ccc([C@H]3[C@@H]4C(=O)CC[C@@H]4ON3C)cc2c(=O)n1Cc1ccc(-c2ccccc2-c2nn[nH]n2)cc1,575.6730000000002,4.900300000000004,1,8,8,118.89,43,0,0.17699115044247787
DEC_1439,ACT_032,CHEMBL48934,CCCCc1nc2ccc([C@@H]3[C@@H]4C(=O)CC[C@@H]4ON3C)cc2c(=O)n1Cc1ccc(-c2ccccc2-c2nn[nH]n2)cc1,575.6730000000002,4.900300000000004,1,8,8,118.89,43,0,0.17699115044247787
DEC_1440,ACT_032,CHEMBL314222,CO[C@@H]1C(=O)N([C@@H](C2SCCCS2)C2OC(C)(C)OC2C2COC(C)(C)O2)[C@@H]1/C(C)=C/c1ccccc1,549.7550000000003,4.552100000000004,0,8,7,66.46000000000001,37,0,0.17708333333333334
DEC_1441,ACT_032,CHEMBL311802,CC(C)OC(=O)CCC(=O)O[C@]1(C(=O)CCl)[C@@H](C)CC2C3CCC4=CC(=O)C=CC4(C)[C@@]3(F)[C@@H](O)CC21C,553.0670000000002,4.424900000000004,1,7,7,106.97000000000001,38,0,0.17757009345794392
DEC_1442,ACT_032,CHEMBL10510,CCC1(O)C(=O)OCc2c1cc1n(c2=O)Cc2c-1nc1ccccc1c2CCN(C)C(=O)OCc1ccccc1,539.5880000000003,3.8907000000000034,1,7,6,110.96,40,0,0.17857142857142858
DEC_1443,ACT_032,CHEMBL53803,CCCCc1nc2ccc([C@H]3C4CCCC4ON3C)cc2c(=O)n1Cc1ccc(-c2ccccc2-c2nn[nH]n2)cc1,561.6900000000003,5.721300000000005,1,7,8,101.82000000000001,42,0,0.17857142857142858
DEC_1444,ACT_032,CHEMBL52791,CCCCc1nc2ccc([C@H]3[C@@H]4CCC[C@@H]4ON3C)cc2c(=O)n1Cc1ccc(-c2ccccc2-c2nn[nH]n2)cc1,561.6900000000003,5.721300000000005,1,7,8,101.82000000000001,42,0,0.17857142857142858
DEC_1445,ACT_032,CHEMBL267245,O=C(OCc1ccccc1)C(Cc1ccc(C(F)(F)P(=O)(O)O)cc1)(c1ccccc1)n1nnc2ccccc21,563.4970000000001,5.388000000000007,2,5,9,114.54000000000002,40,0,0.17894736842105263
DEC_1446,ACT_032,CHEMBL78610,O=C(CN1CCN(c2cc3c(cc2F)c(=O)c(C(=O)O)cn3-c2ccc([N+](=O)[O-])cc2)CC1)c1ccc(F)cc1,548.5020000000003,3.880200000000003,1,7,7,125.99000000000001,40,0,0.1792452830188679
DEC_1447,ACT_032,CHEMBL54520,Cc1c(-c2cccnc2)n(CCCCP(=O)(O)OC2CCc3ccccc3N(CC(=O)O)C2=O)c2ccccc12,561.5750000000003,5.4265200000000045,2,5,10,121.96000000000001,40,0,0.1794871794871795
DEC_1448,ACT_032,CHEMBL279215,COC(=O)[C@@]1(C)CCC[C@@]2(C)C1CC[C@H](C(=O)O)[C@@H]2CCc1ccc2c(OC(C)=O)ccc(OC(C)=O)c2c1,538.6370000000003,5.719500000000005,1,7,7,116.20000000000002,39,0,0.1797752808988764
DEC_1449,ACT_032,CHEMBL22237,COC(=O)[C@@]1(C)CCC[C@@]2(C)C1CC[C@@H](C(=O)O)[C@@H]2CCc1ccc2c(OC(C)=O)ccc(OC(C)=O)c2c1,538.6370000000003,5.719500000000005,1,7,7,116.20000000000002,39,0,0.1797752808988764
DEC_1450,ACT_033,CHEMBL290349,CC(C)CN1C[C@](O)([C@H](CC2CCCCC2)NC(=O)CC(C)(C)C)C[C@H]1C(=O)NC(C)(C)C,465.72300000000024,4.2539000000000025,3,4,8,81.67,33,0,0.16091954022988506
DEC_1451,ACT_033,CHEMBL34939,Cc1cc(/C=C/c2ccccc2OCC(O)CNC(C)(C)CCc2ccc(O)cc2)on1,436.5520000000002,4.599720000000004,3,6,11,87.75,32,0,0.1686746987951807
DEC_1452,ACT_033,CHEMBL28961,O=C1N(CCCCCO)[C@H](Cc2ccccc2)[C@H](O)[C@@H](O)[C@@H](Cc2ccccc2)N1CC1CC1,466.6220000000003,3.2410000000000023,3,4,11,84.24000000000001,34,0,0.1724137931034483
DEC_1453,ACT_033,CHEMBL6317,C#CCN(Cc1ccc2nc(C)nc(O)c2c1)c1ccc(C(=O)NCc2ccsc2)cc1,442.5440000000001,4.275120000000003,2,6,7,78.35,32,0,0.17307692307692307
DEC_1454,ACT_033,CHEMBL295406,C/N=C(/S)[C@@]1(c2cccnc2)CCCC[C@@H]1CCNS(=O)(=O)c1ccc([N+](=O)[O-])cc1,462.59700000000015,3.744500000000002,2,6,8,114.56,31,0,0.1744186046511628
DEC_1455,ACT_033,CHEMBL6663,C#CCN(Cc1ccc2nc(C)nc(O)c2c1)c1ccc(C(=O)N[C@@H](C(=O)O)C(C)(C)C)cc1,460.53400000000016,3.5127200000000016,3,6,7,115.64999999999999,34,0,0.17475728155339806
DEC_1456,ACT_033,CHEMBL38725,CC(=O)NCCn1nc2c3c(c(NCCN4CCOC4=O)ccc31)Sc1ccccc1-2,437.52500000000015,3.1681000000000017,2,6,7,88.49000000000001,31,0,0.17525773195876287
DEC_1457,ACT_033,CHEMBL288742,O=C(O)C(CCCCn1cnc2c1NC=NCC2O)(Cc1ccccc1C(F)(F)F)C(=O)O,468.4320000000002,2.957700000000001,4,6,9,137.04,33,0,0.17582417582417584
DEC_1458,ACT_033,CHEMBL42113,Cc1ccc(S(=O)(=O)N/N=C/c2cc3c(cc2[N+](=O)[O-])NC(CNC(C)C)CC3)cc1,445.54500000000024,2.9403200000000016,3,7,8,125.73,31,0,0.17647058823529413
DEC_1459,ACT_033,CHEMBL268196,COc1ccc2c3c1OC1[C@H](O)[C@](CO)(CCCCc4ccccc4)CC4C(C2)N(C)CCC341,463.6180000000003,3.726700000000003,2,5,7,62.160000000000004,34,0,0.17708333333333334
DEC_1460,ACT_033,CHEMBL267832,C#CCN(Cc1ccc2nc(C)nc(O)c2c1)c1ccc(C(=O)N[C@@H](C(=O)O)C(C)C)cc1,446.5070000000001,3.1226200000000013,3,6,8,115.64999999999999,33,0,0.17857142857142858
DEC_1461,ACT_033,CHEMBL7478,CCCCc1nc2cnnc(O)c2n1Cc1ccc(-c2ccccc2-c2nn[nH]n2)cc1,426.4840000000001,3.7699000000000016,2,7,7,118.29,32,0,0.17894736842105263
DEC_1462,ACT_033,CHEMBL39526,N/C(=N\O)c1cccc(CN2C(=O)N3C(Cc4ccccc4)[C@@H]3[C@@H](O)[C@H]2Cc2ccccc2)c1,456.5460000000001,2.984400000000001,3,4,7,102.16000000000001,34,0,0.1794871794871795
DEC_1463,ACT_033,CHEMBL9425,CN1CCC23c4c5ccc(O)c4OC2[C@H](O)[C@](CO)(CCCCCc2ccccc2)CC3C1C5,463.61800000000034,3.813800000000003,3,5,7,73.16000000000001,34,0,0.18085106382978725
DEC_1464,ACT_033,CHEMBL269342,C#CCN(Cc1ccc2nc(C)nc(O)c2c1)c1ccc(C(=O)NCc2cscn2)cc1,443.5320000000001,3.6701200000000016,2,7,7,91.24,32,0,0.18095238095238095
DEC_1465,ACT_033,CHEMBL6496,C#CCN(Cc1ccc2nc(C)nc(O)c2c1)c1ccc(C(=O)NCc2cncs2)cc1,443.5320000000001,3.6701200000000025,2,7,7,91.24,32,0,0.18095238095238095
DEC_1466,ACT_033,CHEMBL44295,CCCc1nc2c(n1Cc1ccc(-n3cccc3-c3nn[nH]n3)cc1)/C(=C/C(=O)O)CCCC2,457.5380000000003,4.049100000000002,2,5,7,114.51,34,0,0.18095238095238095
DEC_1467,ACT_033,CHEMBL266281,C=C(C)[C@H]1Cc2c(ccc(C(=O)Cc3cc(OC)c(OC)cc3OCC(=O)O)c2O)O1,428.4370000000002,3.1778000000000017,2,7,9,111.52000000000001,31,0,0.18181818181818182
DEC_1468,ACT_033,CHEMBL14507,CCCCc1nc2ccc(CN)cc2c(=O)n1Cc1ccc(-c2ccccc2-c2nn[nH]n2)cc1,465.5610000000001,4.093200000000002,2,6,8,115.36999999999999,35,0,0.18181818181818182
DEC_1469,ACT_033,CHEMBL24724,CCCCc1nc2ccc(N)cc2c(=O)n1Cc1ccc(-c2ccccc2-c2nn[nH]n2)cc1,451.5340000000001,4.216700000000002,2,6,7,115.36999999999999,34,0,0.18181818181818182
DEC_1470,ACT_033,CHEMBL27396,c1ccc2c(CNCCN3CCOCC3)c3ccccc3c(CNCCN3CCOCC3)c2c1,462.6380000000003,2.8366000000000007,2,6,10,49.0,34,0,0.18181818181818182
DEC_1471,ACT_033,CHEMBL6590,C#CCN(Cc1ccc2nc(C)nc(O)c2c1)c1ccc(C(=O)NCc2ccoc2)cc1,426.4760000000001,3.8066200000000023,2,6,7,91.49,32,0,0.18269230769230768
DEC_1472,ACT_033,CHEMBL267702,C#CCN(Cc1ccc2nc(C)nc(O)c2c1)c1ccc(C(=O)NCc2nccs2)cc1,443.5320000000001,3.6701200000000025,2,7,7,91.24,32,0,0.1836734693877551
DEC_1473,ACT_033,CHEMBL6357,C#CCN(Cc1ccc2nc(C)nc(O)c2c1)c1ccc(C(=O)NCc2ccccn2)cc1,437.5030000000001,3.608620000000002,2,6,7,91.24,33,0,0.1836734693877551
DEC_1474,ACT_033,CHEMBL417515,C/N=C(/S)[C@@]1(c2cccnc2)CCCC[C@@H]1CCNS(=O)(=O)c1ccc(F)c(F)c1,453.5800000000001,4.114500000000003,2,4,7,71.42,30,0,0.18518518518518517
DEC_1475,ACT_033,CHEMBL11533,O=C(/C=C/c1cccc(OCc2ccc3ccccc3n2)c1)c1cc(-c2nn[nH]n2)ccc1O,449.47000000000014,4.595600000000005,2,7,7,113.88,34,0,0.18556701030927836
DEC_1476,ACT_033,CHEMBL31453,CCN(CC)Cc1cc(Nc2nc(NCCN3CCCC3)c3ccccc3n2)ccc1O,434.5880000000002,4.428500000000004,3,7,10,76.55,32,0,0.18556701030927836
DEC_1477,ACT_033,CHEMBL36437,Nc1[nH]nc2ccc(CN3C(=O)N[C@H](CCc4ccccc4)[C@@H](O)[C@H]3Cc3ccccc3)cc12,455.5620000000001,3.643900000000002,4,4,7,107.27000000000001,34,0,0.18604651162790697
DEC_1478,ACT_033,CHEMBL289943,COc1cc(CC2c3cc(O)c(O)cc3CCN2Cc2ccc(N)cc2)cc(OC)c1OC,450.53500000000025,4.047900000000002,3,7,7,97.41000000000001,33,0,0.1875
DEC_1479,ACT_033,CHEMBL283347,CCCCc1cc(O)c([N+](=O)[O-])c(=O)n1Cc1ccc(-c2ccccc2-c2nn[nH]n2)cc1,446.46700000000004,3.7001000000000017,2,7,8,139.82999999999998,33,0,0.18811881188118812
DEC_1480,ACT_033,CHEMBL31280,OC1CCCN(CCCNc2nc(Nc3nc(-c4ccccc4)cs3)nc3ccccc23)C1,460.60700000000014,4.755600000000003,3,8,8,86.2,33,0,0.18811881188118812
DEC_1481,ACT_033,CHEMBL28839,CC(=O)NCCCCCNc1ccc(NCCN(C)C)c2c1C(=O)c1ccccc1C2=O,436.55600000000027,3.1538000000000013,3,6,11,90.53999999999999,32,0,0.18888888888888888
DEC_1482,ACT_033,CHEMBL430549,COc1cc(CC2c3cc(O)c(O)cc3CCN2Cc2ccc(C)cc2)cc(OC)c1OC,449.54700000000025,4.774120000000004,2,6,7,71.39,33,0,0.18947368421052632
DEC_1483,ACT_033,CHEMBL10346,Cc1nc(N)ccc1CNC(=O)Cn1c(C)cc2c(c1=O)NC(=O)C(CC(C)C)(CC(C)C)C2,467.6140000000003,3.3319400000000003,3,5,8,119.10999999999999,34,0,0.19047619047619047
DEC_1484,ACT_033,CHEMBL37273,O=C(O)C(CCCCn1cnc2c1NC=NCC2O)(Cc1cccc(C(F)(F)F)c1)C(=O)O,468.4320000000002,2.957700000000001,4,6,9,137.04,33,0,0.19101123595505617
DEC_1485,ACT_033,CHEMBL18163,CN(C)S(=O)(=O)Cc1ccc(Nc2nc(Nc3ccccc3)c3ccccc3n2)cc1,433.53700000000015,4.508400000000003,2,6,7,87.22,31,0,0.19117647058823528
DEC_1486,ACT_033,CHEMBL429008,CCCCc1nc2ccnc(O)c2n1Cc1ccc(-c2ccccc2-c2nn[nH]n2)cc1,425.49600000000004,4.374900000000003,2,6,7,105.39999999999999,32,0,0.19148936170212766
DEC_1487,ACT_033,CHEMBL32328,O=C(O[C@@H]1C[C@](OCCCc2ccc(Cl)cc2)(C(=O)O)C[C@@H](O)[C@H]1O)C1CCCCC1,454.94700000000034,3.120300000000002,3,6,8,113.29,31,0,0.19148936170212766
DEC_1488,ACT_033,CHEMBL264097,C#CCN(Cc1ccc2nc(C)nc(O)c2c1)c1ccc(C(=O)NCc2ccco2)cc1,426.4760000000001,3.8066200000000023,2,6,7,91.49,32,0,0.19230769230769232
DEC_1489,ACT_033,CHEMBL31622,C=CC(=O)Nc1cc2c(Nc3cccc(C)c3)ncnc2cc1OCCCN1CCN(C)CC1,460.5820000000004,3.8226200000000023,2,7,9,82.61999999999999,34,0,0.1926605504587156
DEC_1490,ACT_033,CHEMBL28828,CC(C)=CCC(OC(=O)COCc1ccccc1)C1=CC(=O)c2c(O)ccc(O)c2C1=O,436.4600000000002,3.8881000000000037,2,7,8,110.13,32,0,0.1927710843373494
DEC_1491,ACT_033,CHEMBL286159,N/C(=N\O)c1cccc(CN2C(=O)N[C@H](CCc3ccccc3)[C@@H](O)[C@H]2Cc2ccccc2)c1,458.56200000000007,3.2799000000000014,4,4,8,111.18,34,0,0.1927710843373494
DEC_1492,ACT_033,CHEMBL269600,C#CCN(Cc1ccc2nc(C)nc(O)c2c1)c1ccc(C(=O)NCc2nc(C)cs2)cc1,457.55900000000014,3.9785400000000024,2,7,7,91.24,33,0,0.19387755102040816
DEC_1493,ACT_033,CHEMBL40572,C/N=C(/S)[C@@]1(c2cccnc2)CCCC[C@@H]1CCNS(=O)(=O)c1ccc(F)cc1,435.5900000000001,3.975400000000003,2,4,7,71.42,29,0,0.1941747572815534
DEC_1494,ACT_033,CHEMBL29979,O=C(Nc1cc(CN2CCCC2)c(O)c(CN2CCCC2)c1)c1ccc([N+](=O)[O-])cc1,424.5010000000002,3.7443000000000026,2,6,7,98.95000000000002,31,0,0.19540229885057472
DEC_1495,ACT_033,CHEMBL29422,CC(=O)NCc1cc(-c2ncco2)ccc1-c1ccccc1S(=O)(=O)Nc1onc(C)c1C,466.51900000000023,4.050340000000002,2,7,7,127.33000000000001,33,0,0.1956521739130435
DEC_1496,ACT_033,CHEMBL35448,CCc1cc(C(C)=O)c(O)cc1OCc1cccc(C(=O)Nc2nc(CC(=O)O)cs2)c1,454.5040000000002,4.072100000000002,3,7,9,125.82000000000001,32,0,0.19607843137254902
DEC_1497,ACT_033,CHEMBL27688,C=CC(=O)Nc1cc2c(Nc3cccc(C)c3)ncnc2cc1OCCCN1CCOCC1,447.5390000000004,3.907420000000003,2,7,9,88.61,33,0,0.19626168224299065
DEC_1498,ACT_033,CHEMBL17467,N.NS(=O)(=O)c1cc(S(=O)(=O)O)c(NCc2ccccc2)cc1Oc1ccccc1,451.5260000000001,3.1471000000000027,4,7,7,170.78999999999996,30,0,0.19696969696969696
DEC_1499,ACT_033,CHEMBL6671,CC1(C)N=C(N)N=C(N)N1c1cccc(OCCCCOc2cccc(C(F)(F)F)c2)c1,449.47700000000015,4.128900000000003,2,7,8,98.46,32,0,0.19736842105263158
DEC_1500,ACT_034,CHEMBL41605,CC(C)(Cc1ccc(I)cc1)NCC(O)c1ccc(O)c2nc(O)ccc12,478.33000000000015,3.8949000000000034,4,5,6,85.61,27,0,0.1506849315068493
DEC_1501,ACT_034,CHEMBL279092,CC1=CC2[C@H](C(O)CC3(C)[C@H]2C[C@@H](C)[C@]3(O)C(=O)CO)C2(C)Cc3cnn(-c4ccccc4)c3C=C12,488.62800000000027,3.7298000000000027,3,5,3,95.58000000000001,36,0,0.16
DEC_1502,ACT_034,CHEMBL294668,CCS(=O)(=O)c1ccc2c(c1)/C(=C/c1[nH]c3c(c1CCC(=O)N1CCN(C)CC1)CCCC3)C(=O)N2,510.66000000000054,2.886400000000002,2,5,6,102.57999999999998,36,0,0.16666666666666666
DEC_1503,ACT_034,CHEMBL14275,C[C@@H]1CC2C3CCC4=Cc5c(cnn5-c5ccc(F)cc5)CC4(C)C3C(O)CC2(C)C1(O)C(=O)CO,494.6070000000003,3.702800000000001,3,5,3,95.58,36,0,0.17
DEC_1504,ACT_034,CHEMBL276013,CCNC(=O)N(CCCN(C)C)C(=O)[C@@H]1C[C@@H]2c3cc(C(C)(C)C)cc4[nH]cc(c34)C[C@H]2N(C)C1,481.6850000000003,3.9352000000000027,2,4,6,71.67999999999999,35,0,0.17307692307692307
DEC_1505,ACT_034,CHEMBL9877,OC[C@@]1(CCc2ccccc2)CC2C3Cc4ccc(O)c5c4C2(CCN3CC2CCC2)C(O5)[C@@H]1O,475.62900000000036,3.8138000000000036,3,5,6,73.16000000000001,35,0,0.17894736842105263
DEC_1506,ACT_034,CHEMBL266551,CN(C(=O)[C@H](CC#Cc1ccc(N)c(N)c1)NS(=O)(=O)c1ccc2ccccc2c1)C1CCCC1,490.62900000000036,3.4939000000000027,3,5,6,118.51999999999998,35,0,0.17894736842105263
DEC_1507,ACT_034,CHEMBL7124,CNc1ccc(C#CC[C@H](NS(=O)(=O)c2ccc3ccccc3c2)C(=O)N(C)C2CCCC2)cc1N,504.6560000000004,3.953400000000003,3,5,7,104.52999999999999,36,0,0.18095238095238095
DEC_1508,ACT_034,CHEMBL8122,CN(C(=O)[C@H](CC#Cc1ccc(N)cc1)NS(=O)(=O)c1ccc2ccccc2c1)C1CCCC1,475.6140000000004,3.9117000000000033,2,4,6,92.5,34,0,0.1827956989247312
DEC_1509,ACT_034,CHEMBL441013,O=C(CI)N[C@@H]1CCC2C3Cc4ccc(O)c5c4C2(CCN3CC2CC2)[C@H]1O5,494.37300000000045,2.7612000000000014,2,4,4,61.8,28,0,0.18292682926829268
DEC_1510,ACT_034,CHEMBL42376,Cc1cn(C2OC(COC(c3ccccc3)(c3ccccc3)c3ccccc3)CC2O)c(=O)[nH]c1=O,484.5520000000002,3.502120000000002,2,5,7,93.55000000000001,36,0,0.18292682926829268
DEC_1511,ACT_034,CHEMBL7964,CNc1ccc(C#CC[C@H](NS(=O)(=O)c2ccc3ccccc3c2)C(=O)N(C)C2CCCC2)cn1,490.62900000000036,3.766200000000003,2,5,7,91.39999999999999,35,0,0.1836734693877551
DEC_1512,ACT_034,CHEMBL57863,CCS(=O)(=O)c1ccc2c(c1)/C(=C/c1[nH]c3c(c1CCCN1CCOCC1)CCCC3)C(=O)N2,483.6340000000005,3.444600000000002,2,5,7,91.5,34,0,0.1836734693877551
DEC_1513,ACT_034,CHEMBL7198,CN(C(=O)[C@H](CC#Cc1ccc(N)nc1)NS(=O)(=O)c1ccc2ccccc2c1)C1CCCC1,476.6020000000004,3.306700000000002,2,5,6,105.38999999999999,34,0,0.18556701030927836
DEC_1514,ACT_034,CHEMBL58926,Nc1cc(-n2cc(C(=O)O)c(=O)c3cc(F)c(N4CC(N)C4)c(Br)c32)c(F)cc1F,483.24400000000014,2.5982000000000003,3,5,3,114.57999999999998,30,0,0.18556701030927836
DEC_1515,ACT_034,CHEMBL34169,O=C1[C@H]2Cc3c([nH]c4ccccc34)[C@@H](c3ccc(O)nc3)N2C(=O)CN1[C@@H]1CCN(Cc2ccccc2)C1,507.59400000000034,3.2279000000000018,2,5,4,92.76999999999998,38,0,0.18691588785046728
DEC_1516,ACT_034,CHEMBL42844,Cc1cn(C2OC(COC(c3ccccc3)(c3ccccc3)c3ccccc3)C(F)C2O)c(=O)[nH]c1=O,502.54200000000014,3.4501200000000023,2,5,7,93.55000000000001,37,0,0.18823529411764706
DEC_1517,ACT_034,CHEMBL7221,CN(C(=O)[C@H](CC#Cc1cccc(N)c1)NS(=O)(=O)c1ccc2ccccc2c1)C1CCCC1,475.6140000000004,3.9117000000000024,2,4,6,92.5,34,0,0.18867924528301888
DEC_1518,ACT_034,CHEMBL13805,CCNC(=O)N(CCCN(C)C)C(=O)[C@@H]1C[C@@H]2c3ccc(C(C)(C)C)c4[nH]cc(c34)C[C@H]2N(C)C1,481.6850000000003,3.9352000000000027,2,4,6,71.67999999999999,35,0,0.18867924528301888
DEC_1519,ACT_034,CHEMBL12776,O=C(O)Cn1c(=O)c(=O)[nH]c2cc(C(F)(F)F)c(-n3ccc(/C=N/OCc4ccccc4)c3)cc21,486.4060000000002,3.1346000000000016,2,5,7,118.68,35,0,0.18888888888888888
DEC_1520,ACT_034,CHEMBL301204,Cc1c(C(=O)N[C@H](C)[C@](O)(Cn2cncn2)c2ccc(F)cc2F)cnn1-c1ccc(F)cc1F,488.4450000000001,3.0349200000000005,2,5,7,97.86000000000001,35,0,0.18888888888888888
DEC_1521,ACT_034,CHEMBL9641,COc1ccc2c3c1OC1[C@H](O)[C@](CO)(CCc4ccccc4)CC4C(C2)N(CC2CC2)CCC341,475.6290000000003,3.726700000000003,2,5,7,62.160000000000004,35,0,0.18947368421052632
DEC_1522,ACT_034,CHEMBL54283,CCS(=O)(=O)c1ccc2c(c1)/C(=C/c1[nH]c3c(c1CCCN1CCN(C)CC1)CCCC3)C(=O)N2,496.67700000000053,3.3598000000000026,2,5,7,85.51,35,0,0.18947368421052632
DEC_1523,ACT_034,CHEMBL289976,C/N=C(/NCC[C@H]1CCCC[C@@]1(/C(S)=N\C)c1cccnc1)NS(=O)(=O)c1ccccc1,473.66800000000006,3.4117000000000015,3,5,7,95.81,32,0,0.19047619047619047
DEC_1524,ACT_034,CHEMBL55251,Cc1c(C(=O)N[C@H](C)[C@](O)(Cn2cncn2)c2ccc(F)cc2F)cnn1-c1cccc(C(F)(F)F)c1,520.4620000000001,3.775520000000002,2,5,7,97.86000000000001,37,0,0.19148936170212766
DEC_1525,ACT_034,CHEMBL296185,CNS(=O)(=O)c1ccc2c(c1)/C(=C/c1[nH]c3c(c1CCCN1CCOCC1)CCCC3)C(=O)N2,484.6220000000005,2.5591,3,5,7,103.53,34,0,0.1919191919191919
DEC_1526,ACT_034,CHEMBL55410,CNS(=O)(=O)c1ccc2c(c1)/C(=C/c1[nH]c3c(c1CCCN1CCNCC1)CCCC3)C(=O)N2,483.6380000000005,2.1321,4,5,7,106.33000000000001,34,0,0.19387755102040816
DEC_1527,ACT_034,CHEMBL23890,CC1(C)C2CCC1(CS(=O)(=O)N1CCC3(CCc4ccccc43)CC1)C(NC(=O)[C@H]1CCCNC1)C2,513.7480000000003,3.606900000000002,2,4,5,78.51,36,0,0.1956521739130435
DEC_1528,ACT_034,CHEMBL282258,CC1(C)C2CCC1(CS(=O)(=O)N1CCC3(CCc4ccccc43)CC1)C(NC(=O)[C@@H]1CCCNC1)C2,513.7480000000003,3.606900000000002,2,4,5,78.51,36,0,0.1956521739130435
DEC_1529,ACT_034,CHEMBL277400,CC1(C)C2CCC1(CS(=O)(=O)N1CCC3(CCc4ccccc43)CC1)C(NC(=O)C1CCCNC1)C2,513.7480000000003,3.606900000000002,2,4,5,78.51,36,0,0.1956521739130435
DEC_1530,ACT_034,CHEMBL36960,N/C(=N\O)c1ccc(CN(NS(=O)(=O)c2ccc3ccccc3c2)C(=O)N2CCCCC2)cc1,481.5780000000003,3.2357000000000022,3,5,6,128.32999999999998,34,0,0.19791666666666666
DEC_1531,ACT_034,CHEMBL39587,N/C(=N\O)c1ccc(CN(NS(=O)(=O)c2ccc3ccccc3c2)C(=O)N2CCCCCC2)cc1,495.60500000000036,3.6258000000000026,3,5,6,128.32999999999998,35,0,0.19791666666666666
DEC_1532,ACT_034,CHEMBL293712,CNS(=O)(=O)c1ccc2c(c1)/C(=C/c1[nH]c3c(c1CCCN1CCN(C)CC1)CCCC3)C(=O)N2,497.66500000000053,2.4742999999999995,3,5,7,97.53999999999999,35,0,0.19791666666666666
DEC_1533,ACT_034,CHEMBL37857,CC1CCCCN1C(=O)N(Cc1ccc(C(=N)NO)cc1)NS(=O)(=O)c1ccc2ccccc2c1,495.6050000000002,3.833870000000002,4,5,6,125.83000000000001,35,0,0.19811320754716982
DEC_1534,ACT_034,CHEMBL7450,CN(C(=O)[C@H](CC#Cc1ccc(NN)cc1)NS(=O)(=O)c1ccc2ccccc2c1)C1CCCC1,490.62900000000036,3.6151000000000026,3,5,7,104.53,35,0,0.2
DEC_1535,ACT_034,CHEMBL282020,Cc1ccccc1N1CCN(S(=O)(=O)CC23CCC(CC2NC(=O)[C@H]2CCCNC2)C3(C)C)CC1,502.7250000000004,2.7575200000000013,2,5,6,81.75,35,0,0.2
DEC_1536,ACT_034,CHEMBL23821,Cc1ccccc1N1CCN(S(=O)(=O)CC23CCC(CC2NC(=O)[C@@H]2CCCNC2)C3(C)C)CC1,502.7250000000004,2.7575200000000013,2,5,6,81.75,35,0,0.2
DEC_1537,ACT_034,CHEMBL297756,Cc1ccc(/C=C/C(=O)N[C@@H]2CC[C@@]3(O)[C@H]4Cc5ccc(O)c6c5C3(CCN4CC3CC3)[C@H]2O6)cc1,486.6120000000003,3.462920000000002,3,5,5,82.03,36,0,0.2
DEC_1538,ACT_034,CHEMBL301357,Cc1c(C(=O)N[C@H](C)[C@](O)(Cn2cncn2)c2ccc(F)cc2F)cnn1-c1ccccc1Cl,486.9100000000001,3.410120000000001,2,5,7,97.86000000000001,34,0,0.2
DEC_1539,ACT_034,CHEMBL288862,N=C(N)c1ccc(CN(NS(=O)(=O)c2ccc3ccccc3c2)C(=O)N2CCCCCC2)cc1,479.60600000000034,3.8153700000000033,3,4,6,119.58999999999999,34,0,0.20212765957446807
DEC_1540,ACT_034,CHEMBL276322,O=C(NCC(O)c1ccccc1)C1CCN(C(=O)Cn2c(=O)sc3ccc(Cl)cc32)CC1,473.98200000000026,2.8048,2,5,6,91.63999999999999,32,0,0.20238095238095238
DEC_1541,ACT_034,CHEMBL283730,CC1(C)C2CCC1(CS(=O)(=O)N1CCC3(CCc4ccccc43)CC1)C(NC(=O)C1CCCCN1)C2,513.7480000000003,3.7494000000000023,2,4,5,78.51,36,0,0.20408163265306123
DEC_1542,ACT_034,CHEMBL39911,CC1CCN(C(=O)N(Cc2ccc(C(=N)NO)cc2)NS(=O)(=O)c2ccc3ccccc3c2)CC1,495.60500000000025,3.691370000000002,4,5,6,125.83000000000001,35,0,0.20408163265306123
DEC_1543,ACT_034,CHEMBL298566,CCS(=O)(=O)c1ccc2c(c1)/C(=C/c1[nH]c3c(c1CCCN1CCC(O)CC1)CCCC3)C(=O)N2,497.6610000000005,3.5691000000000024,3,5,7,102.5,35,0,0.20408163265306123
DEC_1544,ACT_034,CHEMBL19371,CCC#CCOc1ccc(S(=O)(=O)N(C)c2c(C)cc(Br)cc2C(=O)NO)cc1,481.36800000000005,3.4938200000000013,2,5,6,95.94000000000001,29,0,0.20454545454545456
DEC_1545,ACT_034,CHEMBL19997,O=C(Cn1c(C2CCNCC2)nc2cc(Cl)c(Cl)cc21)NNC(=S)NCc1ccco1,481.4090000000001,3.0986000000000002,4,5,5,96.15,31,0,0.20618556701030927
DEC_1546,ACT_034,CHEMBL39078,N/C(=N\O)c1cccc(CN(NS(=O)(=O)c2ccc3ccccc3c2)C(=O)N2CCCCCC2)c1,495.60500000000036,3.6258000000000026,3,5,6,128.32999999999998,35,0,0.20618556701030927
DEC_1547,ACT_034,CHEMBL46633,CCc1cn([C@@H]2O[C@H](CNC(=O)C3c4ccccc4C(C)(C)c4ccccc43)[C@@H](O)[C@@H]2F)c(=O)[nH]c1=O,507.56200000000024,2.2829999999999995,3,5,5,113.41999999999999,37,0,0.20754716981132076
DEC_1548,ACT_034,CHEMBL16908,O=C(O)/C=C/c1ccc(-c2nc3c(=O)n(Cc4ccccc4)c(=O)n(Cc4ccccc4)c3[nH]2)cc1,478.50800000000015,3.7477000000000027,2,4,7,109.97999999999999,36,0,0.21052631578947367
DEC_1549,ACT_034,CHEMBL22286,CC1(C)C2CCC1(CS(=O)(=O)N1CCC3(CCc4ccccc43)CC1)C(NC(=O)C1CCNCC1)C2,513.7480000000003,3.606900000000002,2,4,5,78.51,36,0,0.21052631578947367
DEC_1550,ACT_035,CHEMBL22171,NCCN(CCN)CCNC1CCCCCCCCCCCCCC1,354.62700000000024,3.639000000000001,3,4,8,67.31,25,0,0.14285714285714285
DEC_1551,ACT_035,CHEMBL21667,NCCN(CCN)CCNC1CCCCCCCCCCCCCCC1,368.6540000000003,4.0291000000000015,3,4,8,67.31,26,0,0.14285714285714285
DEC_1552,ACT_035,CHEMBL14769,CCC(c1ccc(O)c(CN(C)C)c1)C(CC)c1ccc(O)c(CN(C)C)c1,384.5640000000001,4.908400000000005,2,4,9,46.940000000000005,28,0,0.15
DEC_1553,ACT_035,CHEMBL14806,CCC(c1ccc(O)c(COC)c1)C(CC)c1ccc(O)c(COC)c1,358.47800000000007,5.078000000000006,2,4,9,58.92,26,0,0.16666666666666666
DEC_1554,ACT_035,CHEMBL282444,CCN(CC)CCCNc1nccc2c(C)c3[nH]c4ccc(O)cc4c3c(C)c12,390.5310000000002,5.335540000000005,3,4,7,64.18,29,0,0.16666666666666666
DEC_1555,ACT_035,CHEMBL19962,CCN(CC)CCCNc1nccc2c(C)c3[nH]c4ccc(O)cc4c3cc12,376.50400000000013,5.0271200000000045,3,4,7,64.18,28,0,0.16853932584269662
DEC_1556,ACT_035,CHEMBL17533,O=S(=O)(Nc1cccc(SCc2ccc3ccccc3n2)c1)C(F)(F)F,398.43100000000004,4.788600000000002,1,4,5,59.06,26,0,0.1686746987951807
DEC_1557,ACT_035,CHEMBL283476,CC(=O)/C(=N\O)c1ccc(Sc2cc(F)cc(C3CCOCC3)c2)cc1,373.4490000000002,4.638200000000004,1,5,5,58.89,26,0,0.1702127659574468
DEC_1558,ACT_035,CHEMBL15818,C=C(c1cc(Cl)cc(Cl)c1OCC(O)CNC(C)C)n1ccnc1,370.28000000000003,3.446600000000001,2,4,8,59.31,24,0,0.17045454545454544
DEC_1559,ACT_035,CHEMBL281555,CC(C)NC(C)C(O)COc1ccccc1-c1nc2ccccc2s1,356.49100000000004,4.089500000000003,2,5,7,54.379999999999995,25,0,0.17045454545454544
DEC_1560,ACT_035,CHEMBL17947,O=S(=O)(Nc1cccc(OCc2csc3ccccc23)c1)C(F)(F)F,387.404,4.741800000000002,1,4,5,55.400000000000006,25,0,0.17142857142857143
DEC_1561,ACT_035,CHEMBL430314,COc1cccc2c1CCC[C@H]2CN(C)CCc1ccc2c(c1)CNC2,350.50600000000003,3.892800000000003,1,3,6,24.5,26,0,0.1724137931034483
DEC_1562,ACT_035,CHEMBL15575,C=C(c1c(Cl)ccc(Cl)c1OCC(O)CNCC(C)C)n1ccnc1,384.3070000000001,3.6942000000000013,2,4,9,59.31,25,0,0.1724137931034483
DEC_1563,ACT_035,CHEMBL15578,C=C(c1c(Cl)ccc(Cl)c1OCC(O)CNC(C)C)n1ccnc1,370.28000000000003,3.446600000000001,2,4,8,59.31,24,0,0.1744186046511628
DEC_1564,ACT_035,CHEMBL15704,C=C(c1cc(Cl)c(Cl)cc1OCC(O)CNC(C)C)n1ccnc1,370.28000000000003,3.446600000000002,2,4,8,59.31,24,0,0.1744186046511628
DEC_1565,ACT_035,CHEMBL18196,c1ccc(-c2ccc(COc3cccc(OCCCc4nnn[nH]4)c3)nc2)cc1,387.443,3.8523000000000014,1,6,9,85.81,29,0,0.1744186046511628
DEC_1566,ACT_035,CHEMBL18760,COc1cc(NC(C)CCCN)c2nccc(C)c2c1OCC1CCCCC1,385.5520000000003,5.050220000000005,2,5,9,69.4,28,0,0.17525773195876287
DEC_1567,ACT_035,CHEMBL267169,O=C(O)CCC/C=C\C[C@H]1C2CC[C@@H](C2)[C@@H]1NS(=O)(=O)c1ccccc1,377.5060000000001,3.5808000000000026,2,3,9,83.47,26,0,0.17647058823529413
DEC_1568,ACT_035,CHEMBL17650,O=S(=O)(CCC(F)(F)F)c1nc(-c2ccccc2)c(-c2ccccc2)[nH]1,380.3910000000001,4.469800000000004,1,3,5,62.82,26,0,0.17647058823529413
DEC_1569,ACT_035,CHEMBL494,CC#CCC(C)[C@H](O)/C=C/[C@@H]1[C@H]2C/C(=C/CCCC(=O)O)C[C@H]2C[C@H]1O,360.4940000000001,3.541300000000003,3,3,8,77.76,26,0,0.17708333333333334
DEC_1570,ACT_035,CHEMBL34044,Cc1cc(NCc2ccc(-c3ccccc3-c3nn[nH]n3)cc2)c(Cl)c(C)n1,390.8780000000001,4.811040000000003,2,5,5,79.38000000000001,28,0,0.17777777777777778
DEC_1571,ACT_035,CHEMBL281849,O=C(O)CCC/C=C\C[C@H]1[C@H](F)CC[C@@H]1NS(=O)(=O)c1ccc(F)cc1,387.4480000000001,3.4219000000000017,2,3,9,83.47,26,0,0.1780821917808219
DEC_1572,ACT_035,CHEMBL12884,CC(C)c1ccccc1Sc1c(O)cc(-c2cccc(N(C)C)c2)oc1=O,381.4970000000001,5.353000000000005,1,5,5,53.68,27,0,0.17857142857142858
DEC_1573,ACT_035,CHEMBL278316,CCN(CC)/C(S)=N\c1ccc(-c2nc(-c3ccco3)no2)c(Cl)c1,376.869,4.909100000000004,1,5,5,67.66,25,0,0.17894736842105263
DEC_1574,ACT_035,CHEMBL278146,CCN(CC)/C(S)=N\c1cc(-c2nc(-c3ccco3)no2)ccc1Cl,376.869,4.909100000000004,1,5,5,67.66,25,0,0.17894736842105263
DEC_1575,ACT_035,CHEMBL277274,O=S(=O)(c1nc(-c2ccccc2)c(-c2ccccc2)[nH]1)C(F)(F)CF,366.36400000000003,4.079700000000002,1,3,5,62.82,25,0,0.1791044776119403
DEC_1576,ACT_035,CHEMBL11135,CC(C)(C)NCC(O)COc1ccc(Cc2nc(-c3cccs3)c[nH]2)cc1,385.533,3.8568000000000024,3,5,8,70.16999999999999,27,0,0.1797752808988764
DEC_1577,ACT_035,CHEMBL18558,c1cc(OCCCCc2nnn[nH]2)cc(OCc2ccc3ccccc3n2)c1,375.4320000000001,3.728600000000002,1,6,9,85.81,28,0,0.18072289156626506
DEC_1578,ACT_035,CHEMBL276236,COc1cccc2c1CCC[C@H]2CN(C)CCc1ccc2c(c1)CCN2,350.50600000000003,4.257600000000003,1,3,6,24.5,26,0,0.18181818181818182
DEC_1579,ACT_035,CHEMBL274055,COc1cccc2c1CCC[C@H]2CN(C)CCc1ccc2c(c1)NCC2,350.50600000000003,4.257600000000004,1,3,6,24.5,26,0,0.18181818181818182
DEC_1580,ACT_035,CHEMBL417087,CN(C)Cc1ccc(-c2nc(-c3ccc(F)cc3)c(-c3ccncc3)[nH]2)cc1,372.447,5.006400000000005,1,3,5,44.81,28,0,0.18181818181818182
DEC_1581,ACT_035,CHEMBL281999,Cc1cc(OCc2ccc(-c3ccccc3-c3nn[nH]n3)cc2)cc(C)n1,357.41700000000003,4.124540000000002,1,5,5,76.58000000000001,27,0,0.18181818181818182
DEC_1582,ACT_035,CHEMBL280682,COc1cc2c(c3ccccc3n2C)c2c(NCCN3CCCCC3)nccc12,388.5150000000002,4.786100000000004,1,4,5,42.32,29,0,0.18181818181818182
DEC_1583,ACT_035,CHEMBL30432,CN(C)c1cc2c(Nc3ccc4c(cnn4Cc4ccccc4)c3)ncnc2cn1,395.47,4.232400000000002,1,6,5,71.76,30,0,0.18181818181818182
DEC_1584,ACT_035,CHEMBL15453,C=C(c1c(Cl)cc(Cl)cc1OCC(O)CNC(C)C)n1ccnc1,370.28000000000003,3.446600000000002,2,4,8,59.31,24,0,0.1827956989247312
DEC_1585,ACT_035,CHEMBL275560,CC(C)c1ccccc1Sc1c(O)cc(-c2ccc(C(=O)O)cc2)oc1=O,382.4370000000001,4.985200000000004,2,5,5,87.74000000000001,27,0,0.18292682926829268
DEC_1586,ACT_035,CHEMBL17135,COc1ccccc1-c1[nH]c(-c2ccc([S+](C)[O-])cc2)nc1-c1ccncc1,389.4800000000001,4.551700000000003,1,4,5,73.86,28,0,0.18292682926829268
DEC_1587,ACT_035,CHEMBL15510,O=c1c(Nc2ccccc2)cccn1C(CN1CCCC1)c1ccccc1,359.47300000000007,4.2771000000000035,1,3,6,37.27,27,0,0.18309859154929578
DEC_1588,ACT_035,CHEMBL9896,COc1cccc2c1CCC[C@H]2CN(C)CCc1ccc2[nH]cnc2c1,349.47799999999995,4.165900000000003,1,3,6,41.15,26,0,0.1839080459770115
DEC_1589,ACT_035,CHEMBL275385,Cc1cc(OCCCc2nnn[nH]2)cc(OCc2ccc3ccccc3n2)c1,375.4320000000001,3.6469200000000015,1,6,8,85.81,28,0,0.1839080459770115
DEC_1590,ACT_035,CHEMBL24216,CCC1NC(=O)C(CCN(C(C)C)C(C)C)(c2ccccc2)C2CCCCN12,385.5960000000002,4.153700000000003,1,3,7,35.580000000000005,28,0,0.18478260869565216
DEC_1591,ACT_035,CHEMBL18223,c1cc(OCCCc2nnn[nH]2)cc(OCc2ccc3ccccc3c2)c1,360.4170000000001,3.943500000000003,1,5,8,72.92,27,0,0.18518518518518517
DEC_1592,ACT_035,CHEMBL18787,CC1CCCC(C)N1CC(O)CSC(c1ccccc1)c1ccccc1,369.57400000000007,5.133000000000005,1,3,7,23.47,26,0,0.18518518518518517
DEC_1593,ACT_035,CHEMBL282088,CC(C)N(CC[C@]1(c2ccccc2)C(=O)N[C@@H](C)N2CCCC[C@@H]21)C(C)C,371.56900000000024,3.763600000000003,1,3,6,35.580000000000005,27,0,0.18518518518518517
DEC_1594,ACT_035,CHEMBL281089,CC(C)N(CCC1(c2ccccc2)C(=O)NC(C)N2CCCCC21)C(C)C,371.56900000000024,3.763600000000003,1,3,6,35.580000000000005,27,0,0.18518518518518517
DEC_1595,ACT_035,CHEMBL287205,CCN(CC)CCn1nc2c3c(c(CNC=O)ccc31)Sc1ccccc1-2,380.5170000000001,3.755700000000002,1,4,8,50.160000000000004,27,0,0.18518518518518517
DEC_1596,ACT_035,CHEMBL25412,c1ccc(CN2CCC(CCNc3ccc(-c4ccccc4)nn3)CC2)cc1,372.51600000000013,4.857800000000004,1,4,7,41.05,28,0,0.18604651162790697
DEC_1597,ACT_035,CHEMBL18559,CCCc1cc(Cl)c2oc(Cc3ccc(OCC(=O)O)cc3)c(C)c2c1O,388.8470000000001,5.106920000000004,2,4,7,79.9,27,0,0.18666666666666668
DEC_1598,ACT_035,CHEMBL22387,Cc1cc(OCc2ccc(-c3ccccc3-c3nn[nH]n3)cc2)c(C)c(C)n1,371.4440000000001,4.432960000000003,1,5,5,76.58000000000001,28,0,0.18681318681318682
DEC_1599,ACT_035,CHEMBL28458,Cc1ccc(CC2CCN(CC(O)COc3cccc4ccccc34)CC2)cc1,389.53900000000016,4.842620000000005,1,3,7,32.7,29,0,0.18681318681318682
DEC_1600,ACT_036,CHEMBL275909,CC(C)(C)c1cc(/C=C/c2n[nH]c(S)n2)cc(C(C)(C)C)c1O,331.4850000000001,4.564400000000004,3,4,2,61.8,23,0,0.1125
DEC_1601,ACT_036,CHEMBL279581,CC(C)(C)c1cc(I)c(O)c(CN)c1,305.15900000000005,2.753,2,2,1,46.25,14,0,0.12307692307692308
DEC_1602,ACT_036,CHEMBL15945,CC(C)(C)c1cc(/C=C2\NC(=S)NC2=O)cc(C(C)(C)C)c1O,332.4690000000001,3.332400000000002,3,3,1,61.36,23,0,0.12658227848101267
DEC_1603,ACT_036,CHEMBL12572,CC(C)(C)c1cc(/C=C/c2n[nH]c(O)n2)cc(C(C)(C)C)c1O,315.41700000000003,3.9813000000000023,3,4,2,82.03,23,0,0.1267605633802817
DEC_1604,ACT_036,CHEMBL283581,CCC(C)(C)/N=c1\c(O)c(O)\c1=N/Cc1c(C)cc(C)cc1C,314.42900000000003,3.088860000000002,2,4,4,65.18,23,0,0.12941176470588237
DEC_1605,ACT_036,CHEMBL6823,Nc1nc(N)c2c(/C=C/c3ccc4ccccc4c3)cccc2n1,312.37600000000003,4.117800000000002,2,4,2,77.82,24,0,0.13095238095238096
DEC_1606,ACT_036,CHEMBL267928,Nc1nc(N)c2c(/C=C\c3ccc4ccccc4c3)cccc2n1,312.37600000000003,4.117800000000002,2,4,2,77.82,24,0,0.13095238095238096
DEC_1607,ACT_036,CHEMBL282576,C[C@@]12C=Cc3occc3C1CC[C@@]13CC(CCC12)C(O)(CO)C3,314.425,3.7199000000000018,2,3,1,53.60000000000001,23,0,0.13157894736842105
DEC_1608,ACT_036,CHEMBL31114,C[C@@]12CCC3=C(CCO3)C1CC[C@@]13CC(CCC12)[C@@](O)(CO)C3,318.45700000000005,3.4007000000000023,2,3,1,49.69,23,0,0.13253012048192772
DEC_1609,ACT_036,CHEMBL12371,Cn1c(S)nnc1-c1cc(C(C)(C)C)c(O)c(C(C)(C)C)c1,319.4740000000001,4.071400000000003,2,4,1,50.94,22,0,0.13414634146341464
DEC_1610,ACT_036,CHEMBL430924,C[C@@]12CC[C@@H]3OCC[C@@H]3C1CC[C@@]13CC(CCC12)[C@@](O)(CO)C3,320.47300000000007,3.131400000000002,2,3,1,49.69,23,0,0.13580246913580246
DEC_1611,ACT_036,CHEMBL31819,C[C@@]12CCc3occc3C1CC[C@@]13CC(CCC12)C(O)(CO)C3,316.44100000000003,3.639300000000002,2,3,1,53.60000000000001,23,0,0.13924050632911392
DEC_1612,ACT_036,CHEMBL26865,Oc1ccc(C2=C(c3ccc(O)cc3)c3ccc(O)cc3C2)cc1,316.3560000000001,4.318600000000003,3,3,2,60.69,24,0,0.14084507042253522
DEC_1613,ACT_036,CHEMBL274706,Nc1ccc(-c2nc3n(c2-c2ccc(N)cc2)CCS3)cc1,308.41,3.4872000000000014,2,4,2,69.86,22,0,0.14102564102564102
DEC_1614,ACT_036,CHEMBL17209,Oc1ccc(-c2nc3n(c2-c2ccc(O)cc2)CCS3)cc1,310.378,3.7340000000000018,2,4,2,58.28,22,0,0.14102564102564102
DEC_1615,ACT_036,CHEMBL28338,CCCc1cc2c(s1)CN[C@@H]1CCc3cc(O)c(O)cc3[C@@H]21,315.438,3.6617000000000033,3,4,2,52.489999999999995,22,0,0.14285714285714285
DEC_1616,ACT_036,CHEMBL281498,O=C1C(c2ccc(O)cc2)=C(c2ccc(O)cc2)c2ccc(O)cc21,330.33900000000006,3.958800000000001,3,4,2,77.76,25,0,0.14492753623188406
DEC_1617,ACT_036,CHEMBL12483,CC(C)(C)c1cc(-c2n[nH]c(S)n2)cc(C(C)(C)C)c1O,305.44700000000006,4.0610000000000035,3,4,1,61.8,21,0,0.14705882352941177
DEC_1618,ACT_036,CHEMBL275129,CC(C)(C)c1cc(I)c(O)c(C(=O)O)c1,320.12600000000003,2.9925000000000015,2,2,1,57.53,15,0,0.14754098360655737
DEC_1619,ACT_036,CHEMBL287863,O=C(O)c1ccc2c(c1)c1c3c(cc4c1n2C(=O)CC4)CNCC3,320.34800000000007,2.7248,2,3,1,71.33,24,0,0.14772727272727273
DEC_1620,ACT_036,CHEMBL24401,C=C1/C(=C\C=C2/CCC[C@@]3(C)C2CC[C@@H]3C(C)=O)CC(O)C[C@@H]1O,330.468,3.7164000000000024,2,3,2,57.53,24,0,0.14864864864864866
DEC_1621,ACT_036,CHEMBL275835,CC(C)(C)c1cc(/C=C2\SC(=N)NC2=O)cc(C(C)(C)C)c1O,332.4690000000001,4.1258700000000035,3,4,1,73.18,23,0,0.1518987341772152
DEC_1622,ACT_036,CHEMBL7134,Nc1nc(N)c2c(CCc3ccc4ccccc4c3)cccc2n1,314.39200000000005,3.7326000000000024,2,4,3,77.82,24,0,0.1527777777777778
DEC_1623,ACT_036,CHEMBL22895,O=C(O)c1cc(O)c2c(I)cc(Cl)cc2n1,349.5110000000001,2.8965999999999994,2,3,1,70.42,16,0,0.1527777777777778
DEC_1624,ACT_036,CHEMBL10407,CC(/C=C/C(O)=C1\C(=O)CNC1=O)=C\c1cccc2ccccc12,319.36,3.3103000000000016,2,3,3,66.4,24,0,0.15584415584415584
DEC_1625,ACT_036,CHEMBL8722,C[C@]12CC[C@]3(C1)C(CC2=O)C[C@@H](O)C1[C@](C)(C(=O)O)CCC[C@@]13C,334.45600000000013,3.4139000000000017,2,3,1,74.6,24,0,0.15584415584415584
DEC_1626,ACT_036,CHEMBL266269,CC[C@@H]1Cc2cc3c(C(F)(F)F)cc(O)nc3cc2N[C@@H]1C,310.319,4.3419000000000025,2,3,1,45.150000000000006,22,0,0.1590909090909091
DEC_1627,ACT_036,CHEMBL7053,CC[C@H]1Cc2cc3c(C(F)(F)F)cc(O)nc3cc2N[C@@H]1C,310.319,4.3419000000000025,2,3,1,45.150000000000006,22,0,0.1590909090909091
DEC_1628,ACT_036,CHEMBL26965,CCCc1ccc2c(n1)CN[C@@H]1CCc3cc(O)c(O)cc3[C@@H]21,310.397,2.9952000000000014,3,4,2,65.38000000000001,23,0,0.16326530612244897
DEC_1629,ACT_036,CHEMBL267850,CC(C)[C@@H]1CCc2cc3c(C(F)(F)F)cc(O)nc3cc2N1,310.319,4.341900000000003,2,3,1,45.150000000000006,22,0,0.16666666666666666
DEC_1630,ACT_036,CHEMBL12287,O=C(O)c1ccc(O)c(C(=O)/C=C/c2ccc3ccccc3n2)c1,319.31600000000003,3.5347000000000017,2,4,4,87.49,24,0,0.16666666666666666
DEC_1631,ACT_036,CHEMBL20352,CCC(C)(C)/N=c1\c(O)c(O)\c1=N/Cc1ccc(Cl)cc1Cl,341.23800000000006,3.4704000000000033,2,4,4,65.18,22,0,0.16666666666666666
DEC_1632,ACT_036,CHEMBL15238,CC1OC=C(CO)[C@H]2C[C@H]3c4[nH]c5ccccc5c4CCN3CC12,324.42400000000015,2.9981000000000018,2,3,1,48.49,24,0,0.16842105263157894
DEC_1633,ACT_036,CHEMBL17909,Oc1ccc2c(c1)OC[C@@H](N1CCC(Cc3ccccc3)CC1)[C@H]2O,339.43500000000006,3.1413000000000024,2,4,3,52.93000000000001,25,0,0.16853932584269662
DEC_1634,ACT_036,CHEMBL25228,O=C1c2ccccc2C(=O)C12C(c1ccc(O)cc1)=Cc1cc(O)ccc12,354.36100000000005,3.969000000000001,2,4,1,74.60000000000001,27,0,0.16923076923076924
DEC_1635,ACT_036,CHEMBL268569,CCC[C@@H]1CCc2cc3c(C(F)(F)F)cc(O)nc3cc2N1,310.319,4.486000000000003,2,3,2,45.150000000000006,22,0,0.17045454545454544
DEC_1636,ACT_036,CHEMBL7089,CC[C@H]1Nc2cc3nc(O)cc(C(F)(F)F)c3cc2C[C@H]1C,310.3190000000001,4.3419000000000025,2,3,1,45.150000000000006,22,0,0.17073170731707318
DEC_1637,ACT_036,CHEMBL7455,CC[C@H]1Nc2cc3nc(O)cc(C(F)(F)F)c3cc2C[C@@H]1C,310.3190000000001,4.3419000000000025,2,3,1,45.150000000000006,22,0,0.17073170731707318
DEC_1638,ACT_036,CHEMBL418198,CCC1c2cc3c(C(F)(F)F)cc(O)nc3cc2NC[C@@H]1C,310.319,4.514400000000003,2,3,1,45.150000000000006,22,0,0.17073170731707318
DEC_1639,ACT_036,CHEMBL281273,CN1CCc2cccc3c2[C@H]1Cc1cccc(-c2c(O)cccc2O)c1-3,343.42600000000004,4.516900000000005,2,3,1,43.7,26,0,0.17105263157894737
DEC_1640,ACT_036,CHEMBL277892,CC(C)(C)/N=c1\c(O)c(O)\c1=N/Cc1ccc(Cl)cc1Cl,327.211,3.080300000000003,2,4,2,65.18,21,0,0.17142857142857143
DEC_1641,ACT_036,CHEMBL431491,Cc1c2ccnc(NCCN(C)C)c2cc2c1[nH]c1ccc(O)cc12,334.42300000000006,3.8568200000000026,3,4,4,64.18,25,0,0.17204301075268819
DEC_1642,ACT_036,CHEMBL283247,CCCCc1cnc2c(c1)[C@@H]1c3cc(O)c(O)cc3CC[C@H]1NC2,324.4240000000001,3.3853000000000018,3,4,3,65.38000000000001,24,0,0.1724137931034483
DEC_1643,ACT_036,CHEMBL275781,CCCC(=N)Nc1nnc(-c2ccccc2C(F)(F)F)s1,314.336,4.413170000000002,2,4,4,61.660000000000004,21,0,0.17333333333333334
DEC_1644,ACT_036,CHEMBL20006,O=[N+]([O-])c1ccc(S(=O)(=O)Nc2cccc3cc[nH]c23)cc1,317.326,2.8769,2,4,4,105.1,22,0,0.1746031746031746
DEC_1645,ACT_036,CHEMBL279685,O=C(NC1c2ccccc2Oc2ccccc21)c1ccccc1O,317.344,4.017300000000003,2,3,2,58.56,24,0,0.1746031746031746
DEC_1646,ACT_036,CHEMBL20985,O=S(=O)(Nc1cc(Cl)cc2cc[nH]c12)c1ccc(Cl)cc1,341.21900000000005,4.275500000000002,2,2,3,61.96,21,0,0.1746031746031746
DEC_1647,ACT_036,CHEMBL21691,Nc1nc(N)c(-c2ccc(Cl)cc2)c(CCCc2ccccc2)n1,338.842,4.136700000000003,2,4,5,77.82,24,0,0.1746031746031746
DEC_1648,ACT_036,CHEMBL19851,Cc1c(Cl)ccc(C[S+]([O-])c2nc3ccccc3[nH]2)c1N,319.81700000000006,3.41472,2,3,3,77.76,21,0,0.175
DEC_1649,ACT_036,CHEMBL266460,Cc1ccc(Sc2cncc3sc(C(=O)N=C(N)N)cc23)cc1,342.44900000000007,3.1695200000000012,2,4,3,94.36,23,0,0.17721518987341772
DEC_1650,ACT_037,CHEMBL10433,CC(/C=C/C(O)=C1\C(=O)CNC1=O)=C\[C@@H](C)C1OC2(C)OC(C(=O)[C@@H]3O[C@@]32C)C1C,417.4580000000002,1.5125,2,7,4,114.46000000000001,30,0,0.12
DEC_1651,ACT_037,CHEMBL25336,C(=N/NC1=NCCN1)\c1c2ccccc2c(/C=N/NC2=NCCN2)c2ccccc12,398.4740000000002,1.7583999999999995,4,8,4,97.56,30,0,0.13846153846153847
DEC_1652,ACT_037,CHEMBL22822,N/C(=N/O)c1ccc(CCCn2ncc3c2nc(N)n2nc(-c4ccco4)nc32)cc1,417.4330000000001,2.0435,3,8,6,158.66999999999996,31,0,0.14285714285714285
DEC_1653,ACT_037,CHEMBL22041,Cc1cn(C2CC3NP(=O)(N(CCCl)CCCl)NCC3O2)c(=O)[nH]c1=O,426.2410000000001,0.5816200000000001,3,4,6,108.45999999999998,26,0,0.14423076923076922
DEC_1654,ACT_037,CHEMBL20450,Cc1cn(C2CC3OP(=O)(N(CCCl)CCCl)NCC3O2)c(=O)[nH]c1=O,427.22500000000014,1.0086199999999996,2,5,6,105.66,26,0,0.14563106796116504
DEC_1655,ACT_037,CHEMBL267528,Cn1c2c(s/c1=N\C(=O)c1ccc(C(=N)N)cc1)C(=O)N(CCC(=O)O)C2,387.4210000000002,0.5422699999999996,3,5,5,141.84,27,0,0.15476190476190477
DEC_1656,ACT_037,CHEMBL11177,C=CCn1c(=O)c2nc(-c3ccc(S(=O)(=O)O)cc3)[nH]c2n(CC=C)c1=O,388.40500000000014,1.172,2,5,6,127.05000000000001,27,0,0.15789473684210525
DEC_1657,ACT_037,CHEMBL23745,Nc1nc2c(cnn2CCc2ccc(S(N)(=O)=O)cc2)c2nc(-c3ccco3)nn12,424.44600000000014,1.2063000000000004,2,8,5,160.21999999999994,30,0,0.16129032258064516
DEC_1658,ACT_037,CHEMBL31417,CC(C)(C)OC(CCNC(=O)N(CCCl)N=O)n1cc(F)c(=O)[nH]c1=O,393.8030000000001,1.3113,2,6,8,125.85999999999999,26,0,0.16455696202531644
DEC_1659,ACT_037,CHEMBL273949,CC[C@@]1(O)C(=O)OCc2c1cc1n(c2=O)Cc2cc3c(CNC4CC4)c(O)ccc3nc2-1,433.4640000000002,2.0372000000000003,3,7,4,113.68,32,0,0.16483516483516483
DEC_1660,ACT_037,CHEMBL416168,C[C@@H](O)[C@H]1C(=O)N2C(C(=O)O)=C(S[C@@H]3CN[C@@H](c4ccc(CN)s4)C3)[C@H](C)[C@H]12,423.56000000000023,1.4966999999999997,4,7,6,115.89,28,0,0.16494845360824742
DEC_1661,ACT_037,CHEMBL268859,Cc1c(C(=O)N(C)CCC(=O)O)s/c(=N\C(=O)c2ccc(C(=N)N)cc2)n1C,403.4640000000001,0.9668899999999998,3,5,6,141.84,28,0,0.16842105263157894
DEC_1662,ACT_037,CHEMBL282203,C=C(Cl)C(=O)N[C@@H]1CCC2(O)C3Cc4ccc(O)c5c4C2(CCN3CC2CC2)C1O5,430.9320000000003,2.1936,3,5,4,82.03,30,0,0.16853932584269662
DEC_1663,ACT_037,CHEMBL20224,CC1(C)N=C(N)N=C(N)N1c1cccc(C[Se]c2ccccc2)c1,386.36100000000005,1.4018,2,5,4,79.99999999999999,24,0,0.16883116883116883
DEC_1664,ACT_037,CHEMBL279662,O=C(O)c1ccc2oc3ccc(S(=O)(=O)N(CCO)CCO)cc3c(=O)c2c1,407.4000000000002,0.6197000000000001,3,7,7,145.34999999999997,28,0,0.17045454545454544
DEC_1665,ACT_037,CHEMBL22696,C(=N/NC1=NCCN1)\c1ccc(/C=N/NC2=NCCN2)c2cc3ccccc3cc12,398.47400000000016,1.758400000000001,4,8,4,97.56,30,0,0.17105263157894737
DEC_1666,ACT_037,CHEMBL8434,CN(C)CCNc1ccc2c(CNCCO)nn3c4cccc(O)c4c(=O)c1c23,395.46300000000014,1.1996999999999998,4,7,8,102.13,29,0,0.1717171717171717
DEC_1667,ACT_037,CHEMBL18825,C=CCC1=C(C(=O)O)N2C(=O)[C@@H](NC(=O)[C@H](N)c3ccc(O)cc3)[C@H]2SC1,389.43300000000005,0.7067000000000008,4,6,6,132.96,27,0,0.17204301075268819
DEC_1668,ACT_037,CHEMBL30681,CC1(C)N=C(N)N=C(N)N1c1ccc(OCc2ccc(S(N)(=O)=O)cc2)cc1,402.48000000000013,1.098500000000001,3,8,5,149.39,28,0,0.17857142857142858
DEC_1669,ACT_037,CHEMBL26047,N=C(N)c1ccc(C(=O)N2CCC3(CCN(C(=O)CCCC(=O)O)CC3)CC2)cc1,414.50600000000026,2.0703699999999996,3,4,6,127.78999999999998,30,0,0.1794871794871795
DEC_1670,ACT_037,CHEMBL283692,N=C(N)c1ccc(C(=O)N2CCC3(CCN(C(=O)CCCCC(=O)O)CC3)CC2)cc1,428.5330000000003,2.46047,3,4,7,127.78999999999998,31,0,0.1794871794871795
DEC_1671,ACT_037,CHEMBL266508,C#CCN(Cc1ccc2nc(C)nc(O)c2c1)c1ccc(C(=O)N[C@H](C)C(=O)O)cc1,418.4530000000001,2.4865199999999996,3,6,7,115.64999999999999,31,0,0.18
DEC_1672,ACT_037,CHEMBL276974,N=C(N)c1ccc(C(=O)N2CCC3(CCN(C(=O)CC(=O)O)CC3)CC2)cc1,386.45200000000017,1.2901699999999998,3,4,4,127.78999999999998,28,0,0.18055555555555555
DEC_1673,ACT_037,CHEMBL274034,N[C@@H](C(=O)N[C@@H]1C(=O)N2C(C(=O)O)=C(/C=C/C(F)(F)F)OC[C@H]12)c1ccc(O)cc1,427.3350000000001,0.5325,4,6,5,142.19,30,0,0.18095238095238095
DEC_1674,ACT_037,CHEMBL280879,CCCCN1CCCC1CNC(=O)c1cc(S(N)(=O)=O)cc2c1OCCN2C,410.54000000000025,1.156900000000002,2,6,7,104.97,28,0,0.18095238095238095
DEC_1675,ACT_037,CHEMBL274627,C#CCN(Cc1ccc2nc(N)nc(O)c2c1)c1ccc(C(=O)NC(C)C(=O)O)cc1,419.4410000000001,1.7602999999999998,4,7,7,141.67,31,0,0.18181818181818182
DEC_1676,ACT_037,CHEMBL15480,CCOc1c(N2CCC(C)(CN)C2)c(F)c(N)c2c(=O)c(C(=O)O)cn(C3CC3)c12,418.46900000000016,2.3297000000000008,3,6,6,123.81,30,0,0.18181818181818182
DEC_1677,ACT_037,CHEMBL276568,C/C=C/C1=C(C(=O)O)N2C(=O)[C@@H](NC(=O)[C@H](N)c3ccc(O)cc3)[C@H]2SC1,389.4330000000001,0.7067000000000008,4,6,5,132.96,27,0,0.18181818181818182
DEC_1678,ACT_037,CHEMBL275668,C[C@@H](O)[C@H]1C(=O)N2C(C(=O)O)=C(S[C@@H]3CN[C@H](Cc4ccc(CN)cc4)C3)[C@H](C)[C@H]12,431.5580000000003,1.3052000000000001,4,6,7,115.89,30,0,0.18181818181818182
DEC_1679,ACT_037,CHEMBL268234,C[C@@H](O)[C@H]1C(=O)N2C(C(=O)O)=C(S[C@@H]3CN[C@@H](Cc4ccc(CN)cc4)C3)[C@H](C)[C@H]12,431.5580000000003,1.3052000000000001,4,6,7,115.89,30,0,0.18181818181818182
DEC_1680,ACT_037,CHEMBL17699,CC(N)c1ccc([C@H]2C[C@H](SC3=C(C(=O)O)N4C(=O)[C@H]([C@@H](C)O)[C@H]4[C@H]3C)CN2)cc1,431.5580000000001,1.9962,4,6,6,115.89,30,0,0.18292682926829268
DEC_1681,ACT_037,CHEMBL430,CO/N=C1\CN(c2nc3c(cc2F)c(=O)c(C(=O)O)cn3C2CC2)CC1CN,389.38700000000017,0.966,2,7,5,123.04,28,0,0.18333333333333332
DEC_1682,ACT_037,CHEMBL416158,C[C@@H](O)[C@H]1C(=O)N2C(C(=O)O)=C(S[C@@H]3CN[C@H](c4ccc(CN)cc4)C3)[C@H](C)[C@H]12,417.53100000000023,1.4351999999999998,4,6,6,115.89,29,0,0.1839080459770115
DEC_1683,ACT_037,CHEMBL14430,C[C@@H](O)[C@H]1C(=O)N2C(C(=O)O)=C(S[C@@H]3CN[C@@H](c4ccc(CN)cc4)C3)[C@H](C)[C@H]12,417.53100000000023,1.4351999999999998,4,6,6,115.89,29,0,0.1839080459770115
DEC_1684,ACT_037,CHEMBL17752,CNCc1ccc([C@H]2C[C@H](SC3=C(C(=O)O)N4C(=O)[C@H]([C@@H](C)O)[C@H]4[C@H]3C)CN2)o1,421.5190000000001,1.2889,4,7,7,115.04,29,0,0.1839080459770115
DEC_1685,ACT_037,CHEMBL280256,NCCc1c[nH]cn1.N[C@H](COCc1ccc(Br)cc1)Cc1c[nH]cn1,421.3430000000001,2.1696999999999997,4,5,8,118.63000000000001,26,0,0.18421052631578946
DEC_1686,ACT_037,CHEMBL18555,NCCc1c[nH]cn1.N[C@@H](COCc1ccc(Br)cc1)Cc1c[nH]cn1,421.3430000000001,2.1696999999999997,4,5,8,118.63000000000001,26,0,0.18421052631578946
DEC_1687,ACT_037,CHEMBL23643,CC(C)[C@H](NC(=O)CN1C(=O)N[C@H](C(C)C)C1=O)C(=O)c1nnc(C(C)(C)C)o1,407.47100000000023,1.2670000000000003,2,7,7,134.5,29,0,0.18421052631578946
DEC_1688,ACT_037,CHEMBL267505,O=C1[C@@H](NS(=O)(=O)c2cc3ncccc3s2)CCN1CCNc1ccncc1,417.51600000000025,1.6825999999999997,2,7,7,104.28999999999999,28,0,0.18446601941747573
DEC_1689,ACT_037,CHEMBL21074,NP(=O)([O-])Nc1ccc(Nc2c3ccccc3nc3ccccc23)cc1.[Na+],386.3270000000001,0.9745999999999992,3,4,4,103.10000000000001,27,0,0.18461538461538463
DEC_1690,ACT_037,CHEMBL24727,O=C(NC(CO)C(O)c1ccc([N+](=O)[O-])cc1)C(Br)Br,412.034,1.2211999999999998,3,5,6,112.70000000000002,20,0,0.18461538461538463
DEC_1691,ACT_037,CHEMBL266068,O=C1[C@@H](NS(=O)(=O)c2cc3ncccc3s2)CCN1Cc1cc2c[nH]ccc-2n1,427.51100000000025,2.2036,2,6,5,108.05,29,0,0.18518518518518517
DEC_1692,ACT_037,CHEMBL275368,O=C1[C@@H](NS(=O)(=O)c2cc3ncccc3s2)CCN1Cc1cc2cc[nH]cc-2n1,427.51100000000025,2.2036,2,6,5,108.05,29,0,0.18518518518518517
DEC_1693,ACT_037,CHEMBL443473,C#CCN(Cc1ccc2nc(N)nc(O)c2c1)c1ccc(C(=O)NCC(=O)O)cc1,405.4140000000001,1.3718000000000001,4,7,7,141.67,30,0,0.18518518518518517
DEC_1694,ACT_037,CHEMBL21258,CC1(C)N=C(N)N=C(N)N1c1cccc(CNc2ccc(S(N)(=O)=O)cc2)c1,401.49600000000015,1.1316000000000004,4,8,5,152.18999999999997,28,0,0.18518518518518517
DEC_1695,ACT_037,CHEMBL25390,CCOC(=O)c1cnc2ccc(C3(CCC(=O)OC)CCC(=O)NC3=O)cc2c1O,414.4140000000002,1.7447,2,8,6,131.89,30,0,0.18681318681318682
DEC_1696,ACT_037,CHEMBL269611,O=C1[C@@H](NS(=O)(=O)c2cc3ncccc3s2)CCN1Cc1cc2[nH]cccc-2n1,427.51100000000025,2.2036,2,6,5,108.05,29,0,0.18691588785046728
DEC_1697,ACT_037,CHEMBL266348,Cc1c(N2CC[C@@H](CN)C2)c(F)c(N)c2c(=O)c(C(=O)O)cn([C@@H]3C[C@@H]3F)c12,392.40600000000006,1.7973200000000005,3,5,4,114.57999999999998,28,0,0.18811881188118812
DEC_1698,ACT_037,CHEMBL441961,CC(=O)NCCNc1ccc(NCCN(C)C)c2c1C(=O)c1ccccc1C2=O,394.47500000000014,1.9834999999999996,3,6,8,90.53999999999999,29,0,0.18840579710144928
DEC_1699,ACT_037,CHEMBL418355,CCOc1c(N2CCC(N)C2)c(F)c(N)c2c(=O)c(C(=O)O)cn(C3CC3)c12,390.41500000000013,1.6920000000000004,3,6,5,123.81,28,0,0.18867924528301888
DEC_1700,ACT_038,CHEMBL30235,Cc1c(-c2ccc(O)cc2)n(Cc2ccc(O)cc2)c2ccc(O)cc12,345.3980000000001,4.781820000000004,3,3,3,65.62,26,0,0.14285714285714285
DEC_1701,ACT_038,CHEMBL276253,CCCCCc1cc(O)c2c(c1)OC(C)(C)[C@@H]1CC(O)[C@H](C)CC21,332.48400000000004,4.786500000000005,2,3,4,49.69,24,0,0.14942528735632185
DEC_1702,ACT_038,CHEMBL10681,CCCCCc1cc(O)c2c(c1)OC(C)(C)[C@@H]1C[C@H](O)[C@H](C)CC21,332.48400000000004,4.786500000000005,2,3,4,49.69,24,0,0.14942528735632185
DEC_1703,ACT_038,CHEMBL10866,CCCCCc1cc(O)c2c(c1)OC(C)(C)[C@@H]1C[C@H](O)C(C)CC21,332.48400000000004,4.786500000000005,2,3,4,49.69,24,0,0.14942528735632185
DEC_1704,ACT_038,CHEMBL10406,CCCCCc1cc(O)c2c(c1)OC(C)(C)[C@@H]1CC[C@H](C)C(O)C21,332.48400000000004,4.7865000000000055,2,3,4,49.69,24,0,0.1506849315068493
DEC_1705,ACT_038,CHEMBL10488,CCCCCc1cc(O)c2c(c1)OC(C)(C)[C@@H]1CCC(C)[C@H](O)C21,332.48400000000004,4.7865000000000055,2,3,4,49.69,24,0,0.1506849315068493
DEC_1706,ACT_038,CHEMBL10475,CCCCCc1cc(O)c2c(c1)OC(C)(C)[C@@H]1CC[C@H](C)[C@H](O)C21,332.48400000000004,4.7865000000000055,2,3,4,49.69,24,0,0.1506849315068493
DEC_1707,ACT_038,CHEMBL27207,Oc1ccc(C2=C(c3ccc(O)cc3)c3ccc(O)cc3CC2)cc1,330.38300000000015,4.708700000000003,3,3,2,60.69,25,0,0.15492957746478872
DEC_1708,ACT_038,CHEMBL7421,CC[C@@H]1Cc2cc3c(C(F)(F)F)cc(O)nc3cc2N[C@@H]1CC,324.34600000000006,4.732000000000003,2,3,2,45.150000000000006,23,0,0.1590909090909091
DEC_1709,ACT_038,CHEMBL6959,CC[C@H]1Cc2cc3c(C(F)(F)F)cc(O)nc3cc2N[C@@H]1CC,324.34600000000006,4.732000000000003,2,3,2,45.150000000000006,23,0,0.1590909090909091
DEC_1710,ACT_038,CHEMBL15220,CCC(c1ccc(O)cc1O)C(CC)c1ccc(O)cc1O,302.37,4.196400000000004,4,4,5,80.92,22,0,0.16363636363636364
DEC_1711,ACT_038,CHEMBL291241,CC(C)(c1ccc(O)cc1F)C(C)(C)c1ccc(O)cc1F,306.352,4.631400000000004,2,2,3,40.46,22,0,0.16393442622950818
DEC_1712,ACT_038,CHEMBL14702,CCC(c1ccc(O)c(O)c1)C(CC)c1ccc(O)c(O)c1,302.37,4.196400000000005,4,4,5,80.92,22,0,0.16666666666666666
DEC_1713,ACT_038,CHEMBL24057,N=C(N)c1ccc(-c2ccc(-c3ccc(C(=N)N)cc3)o2)cc1,304.353,3.1817400000000005,4,3,4,112.88,23,0,0.16666666666666666
DEC_1714,ACT_038,CHEMBL282866,CCC1(CC)CCNc2cc3nc(O)cc(C(F)(F)F)c3cc21,324.34600000000006,4.832600000000004,2,3,2,45.150000000000006,23,0,0.16666666666666666
DEC_1715,ACT_038,CHEMBL22693,Nc1nc(N)c(-c2ccccc2)c(CCCc2ccccc2)n1,304.397,3.4833000000000025,2,4,5,77.82,23,0,0.1694915254237288
DEC_1716,ACT_038,CHEMBL284933,C/N=C(\N)c1ccc(-c2ccc(-c3ccc(/C(N)=N/C)cc3)o2)cc1,332.40700000000004,3.283800000000001,2,3,4,89.89999999999999,25,0,0.1774193548387097
DEC_1717,ACT_038,CHEMBL20363,COc1cc2c(c3ccccc3n2C)c2c(NCCN)nccc12,320.396,3.2589000000000006,2,4,4,65.1,24,0,0.17777777777777778
DEC_1718,ACT_038,CHEMBL416148,Cc1ccc2c(c1)CC(O)c1cc(C(C)C(=O)O)ccc1S2,314.406,3.9238200000000028,2,3,2,57.53,22,0,0.1794871794871795
DEC_1719,ACT_038,CHEMBL33986,Oc1ccc2c(c1)[C@@]13CCCC[C@@]1(O)[C@@H](C2)N(CC1CCC1)CC3,327.46800000000013,3.3656000000000015,2,3,2,43.7,24,0,0.1794871794871795
DEC_1720,ACT_038,CHEMBL266969,O=C1NC(=O)c2cc(NC3CCCCC3)c(NC3CCCCC3)cc21,341.45500000000015,4.059400000000003,3,4,4,70.23,25,0,0.18055555555555555
DEC_1721,ACT_038,CHEMBL26621,CC1(C)C(=O)Nc2cc3[nH]c(/C=C/c4cccnc4)nc3cc21,304.35300000000007,3.3580000000000014,2,3,2,70.67,23,0,0.18072289156626506
DEC_1722,ACT_038,CHEMBL23839,CC(C)(c1cc(O)ccc1F)C(C)(C)c1cc(O)ccc1F,306.352,4.631400000000004,2,2,3,40.46,22,0,0.18181818181818182
DEC_1723,ACT_038,CHEMBL416010,O=C(O)COc1ccc(-c2[nH]nc3ccccc23)c(Cl)c1Cl,337.16200000000003,4.0001000000000015,2,3,4,75.21000000000001,22,0,0.18181818181818182
DEC_1724,ACT_038,CHEMBL279568,Oc1ccccc1-c1nc(-c2ccc(F)cc2)c(-c2ccncc2)[nH]1,331.34999999999997,4.650400000000003,2,3,3,61.800000000000004,25,0,0.18292682926829268
DEC_1725,ACT_038,CHEMBL17445,NCc1ccc(-c2nc(-c3ccc(F)cc3)c(-c3ccncc3)[nH]2)cc1,344.393,4.403500000000002,2,3,4,67.59,26,0,0.18309859154929578
DEC_1726,ACT_038,CHEMBL10299,CC(/C=C/C(O)=C1\C(=O)CNC1=O)=C\c1ccc2ccccc2c1,319.36,3.3103000000000016,2,3,3,66.4,24,0,0.18421052631578946
DEC_1727,ACT_038,CHEMBL17595,Oc1ccc2c(c1)OC[C@@H](N1CCC(c3ccccc3)CC1)[C@H]2O,325.4080000000001,3.0662000000000016,2,4,2,52.93000000000001,24,0,0.18421052631578946
DEC_1728,ACT_038,CHEMBL25219,OC1(c2nc(-c3ccc(F)cc3)c(-c3ccncc3)[nH]2)CCCCC1,337.3980000000002,4.429500000000003,2,3,3,61.800000000000004,25,0,0.18518518518518517
DEC_1729,ACT_038,CHEMBL416190,Cc1cccc2[nH]cc(CCNCC(O)c3cccc(Cl)c3)c12,328.843,3.995420000000002,3,2,6,48.05,23,0,0.18518518518518517
DEC_1730,ACT_038,CHEMBL27805,N=C(N)c1ccc2[nH]c(Cc3cccc(Oc4ccccc4)c3)cc2c1,341.41400000000004,4.835070000000003,3,2,5,74.89,26,0,0.18518518518518517
DEC_1731,ACT_038,CHEMBL16063,CC(C)(C)Nc1nc(C(F)(F)F)nc2ccc(NC=O)cc12,312.295,3.4273000000000016,2,4,3,66.91,22,0,0.18571428571428572
DEC_1732,ACT_038,CHEMBL7775,CN(c1ccccc1)c1cc2c(cc1Nc1ccccc1)C(=O)NC2=O,343.3860000000001,4.081700000000002,2,4,4,61.440000000000005,26,0,0.18571428571428572
DEC_1733,ACT_038,CHEMBL23828,OC1(c2nc(-c3ccc(F)cc3)c(-c3ccncc3)[nH]2)CCCC1,323.37100000000015,4.039400000000001,2,3,3,61.800000000000004,24,0,0.1875
DEC_1734,ACT_038,CHEMBL22618,OC1(c2nc(-c3ccc(F)cc3)c(-c3ccncc3)[nH]2)CCC1,309.3440000000001,3.649300000000001,2,3,3,61.800000000000004,23,0,0.1875
DEC_1735,ACT_038,CHEMBL11026,O=C(O)Cc1ccc2c(c1)C(O)Cc1ccc(Cl)cc1O2,304.72900000000004,3.3489000000000013,2,3,2,66.76,21,0,0.18823529411764706
DEC_1736,ACT_038,CHEMBL26175,Cc1[nH]c2ccccc2c1CCNCC(O)c1cccc(Cl)c1,328.84299999999996,3.995420000000002,3,2,6,48.05,23,0,0.18840579710144928
DEC_1737,ACT_038,CHEMBL417083,O=C1CCC(c2ccc(NCc3ccnc4ccccc34)cc2)=NN1,330.391,3.461000000000002,2,4,4,66.38,25,0,0.1891891891891892
DEC_1738,ACT_038,CHEMBL20351,Cc1ccc2[nH]c([S+]([O-])Cc3ccc(C)c(C)c3N)nc2c1,313.42600000000004,3.378160000000001,2,3,3,77.75999999999999,22,0,0.189873417721519
DEC_1739,ACT_038,CHEMBL280124,Cc1cc(N)c(C[S+]([O-])c2nc3ccccc3[nH]2)c(C)c1C,313.4260000000001,3.378160000000002,2,3,3,77.75999999999999,22,0,0.189873417721519
DEC_1740,ACT_038,CHEMBL23696,CC1(C)C(=O)Nc2cc3[nH]c(CCc4ccncc4)nc3cc21,306.369,2.972800000000001,2,3,3,70.67,23,0,0.189873417721519
DEC_1741,ACT_038,CHEMBL10045,Clc1ccc(Sc2ccc(CNC3=NCCN3)cc2)cc1,317.84499999999997,3.540000000000002,2,4,4,36.42,21,0,0.19047619047619047
DEC_1742,ACT_038,CHEMBL10608,O=C(O)Cc1ccc2c(c1)C(O)Cc1cc(Cl)ccc1O2,304.72900000000004,3.3489000000000013,2,3,2,66.76,21,0,0.19047619047619047
DEC_1743,ACT_038,CHEMBL20062,CCC(C)(C)/N=c1\c(O)c(O)\c1=N/Cc1c(C)cccc1Cl,320.81999999999994,3.1254200000000028,2,4,4,65.18,22,0,0.19047619047619047
DEC_1744,ACT_038,CHEMBL16103,CCCCc1ccc(Nc2nc(Cl)c3[nH]cnc3n2)cc1,301.781,4.092500000000002,2,4,5,66.49000000000001,21,0,0.19117647058823528
DEC_1745,ACT_038,CHEMBL16493,CN(C)c1ccc(CNc2ccc(C3=NNC(=O)CC3)cc2)cc1,322.41200000000003,2.9788000000000014,2,4,5,56.73,24,0,0.19117647058823528
DEC_1746,ACT_038,CHEMBL23033,CNCc1ccccc1Sc1ccc(Br)cc1N,323.259,3.901900000000002,2,3,4,38.05,18,0,0.19117647058823528
DEC_1747,ACT_038,CHEMBL278041,Oc1ccc(-c2nc(-c3ccc(F)cc3)c(-c3ccncc3)[nH]2)cc1,331.35,4.650400000000003,2,3,3,61.800000000000004,25,0,0.19117647058823528
DEC_1748,ACT_038,CHEMBL17736,Nc1ccc(-c2nc(-c3ccc(F)cc3)c(-c3ccncc3)[nH]2)cc1,330.36600000000004,4.527000000000003,2,3,3,67.59,25,0,0.19117647058823528
DEC_1749,ACT_038,CHEMBL283871,Oc1ccc2c(c1O)-c1cccc3c1[C@@H](C2)N(CCCl)CC3,315.80000000000007,3.4589000000000016,2,3,2,43.7,22,0,0.19148936170212766
DEC_1750,ACT_039,CHEMBL282975,C=C(C#N)CN1C[C@H](OCC23C[C@@H]4[C@H](C)CC[C@H]4C4(C=O)CC2C=C(C(C)C)[C@@]34C(=O)O)OC[C@H]1C,496.6480000000003,4.054180000000003,1,6,8,99.86000000000001,36,0,0.14018691588785046
DEC_1751,ACT_039,CHEMBL295550,CC[C@@H]1CO[C@H]2[C@@H]1[C@H](O)[C@H](OCC13C[C@@H]4[C@H](C)CC[C@H]4C4(C=O)CC1C=C(C(C)C)C34C(=O)O)O[C@@H]2C,516.6750000000003,4.074500000000003,2,6,7,102.29,37,0,0.14150943396226415
DEC_1752,ACT_039,CHEMBL295645,CC[C@H]1CO[C@H]2[C@@H]1[C@H](O)[C@H](OCC13C[C@@H]4[C@H](C)CC[C@H]4C4(C=O)CC1C=C(C(C)C)C34C(=O)O)O[C@@H]2C,516.6750000000003,4.074500000000003,2,6,7,102.29,37,0,0.14150943396226415
DEC_1753,ACT_039,CHEMBL282517,O=c1cnn(-c2cc(Br)c(Sc3ccc([N+](=O)[O-])cc3)c(Br)c2)c(=O)[nH]1,500.12800000000016,3.505200000000001,1,6,4,110.88999999999999,26,0,0.14285714285714285
DEC_1754,ACT_039,CHEMBL48439,C[C@@H]1CC2C3CCC4=CC(=O)C=C[C@]4(C)[C@@]3(F)[C@@H](O)C[C@]2(C)[C@@]1(O)C(=O)CSCCN=C=S,493.66600000000034,3.7394000000000034,2,7,6,86.96,33,0,0.14444444444444443
DEC_1755,ACT_039,CHEMBL282449,CC(C)C1=CC2CC3(C=O)[C@@H]4CC[C@@H](C)[C@H]4CC2(CO[C@H]2C[C@@H]4OC(C)(C)CO[C@@H]4[C@@H](C)O2)C13C(=O)O,516.6750000000004,4.625100000000004,1,6,6,91.29,37,0,0.14583333333333334
DEC_1756,ACT_039,CHEMBL283974,CC(C)C1=CC2CC3(C=O)[C@@H]4CC[C@@H](C)[C@H]4CC2(CO[C@H]2C[C@@H]4OC(=S)O[C@@H]4[C@@H](C)O2)C13C(=O)O,504.64500000000027,4.131400000000003,1,7,6,91.29,35,0,0.14705882352941177
DEC_1757,ACT_039,CHEMBL277254,CC(C)C1=CC2CC3(C=O)[C@@H]4CC[C@@H](C)[C@H]4CC2(CO[C@H]2C[C@@H]4OC(=O)O[C@@H]4[C@@H](C)O2)C13C(=O)O,488.5770000000003,3.9665000000000026,1,7,6,108.36,35,0,0.14705882352941177
DEC_1758,ACT_039,CHEMBL295312,CC(C)C1=CC2CC3(C=O)[C@@H]4CC[C@@H](C)[C@H]4CC2(CO[C@@H]2O[C@H](C)[C@H]4OC[C@@H](C)[C@H]4[C@@H]2O)C13C(=O)O,502.64800000000025,3.6844000000000032,2,6,6,102.29,36,0,0.14705882352941177
DEC_1759,ACT_039,CHEMBL297124,CC(C)C1=CC2CC3(C=O)[C@@H]4CC[C@@H](C)[C@H]4CC2(CO[C@@H]2O[C@H](C)[C@H]4OC[C@H](C)[C@H]4[C@@H]2O)C13C(=O)O,502.64800000000025,3.6844000000000032,2,6,6,102.29,36,0,0.14705882352941177
DEC_1760,ACT_039,CHEMBL274887,CCCSC1=NS(=O)(=O)c2ccccc2N1Cc1ccc(-c2ccccc2-c2nn[nH]n2)cc1,490.6140000000002,4.741800000000004,1,7,6,104.2,34,0,0.14736842105263157
DEC_1761,ACT_039,CHEMBL6504,C/C=C(/C)C(=O)O[C@@]12C[C@@H](C)[C@]3(O)C4C=C(C)C(=O)[C@@]4(O)CC(COC(C)=O)=C[C@H]3[C@@H]1C2(C)C,472.5780000000003,3.047200000000002,2,7,4,110.13,34,0,0.14942528735632185
DEC_1762,ACT_039,CHEMBL279691,CC1O[C@H]2[C@H](C[C@H](OCC34C[C@@H]5[C@H](C)CC[C@H]5C5(C=O)CC3C=C(C(C)C)C45C(=O)O)O[C@@H]2C)O1,488.62100000000027,4.192500000000003,1,6,6,91.29,35,0,0.15
DEC_1763,ACT_039,CHEMBL29909,CO[C@H]1[C@@H]2S[C@@H]2[C@H](OCC23C[C@@H]4[C@H](C)CC[C@H]4C4(C=O)CC2C=C(C(C)C)C34C(=O)O)O[C@@H]1C,490.66200000000026,4.171400000000003,1,6,7,82.06,34,0,0.15
DEC_1764,ACT_039,CHEMBL280887,CC(C)C1=CC2CC3(C=O)[C@@H]4CC[C@@H](C)[C@H]4CC2(CO[C@H]2C[C@@H]4OC(C)(C)O[C@@H]4[C@@H](C)O2)C13C(=O)O,502.6480000000003,4.582600000000004,1,6,6,91.29,36,0,0.15053763440860216
DEC_1765,ACT_039,CHEMBL281117,CC(C)C1=CC2CC3(C=O)[C@@H]4CC[C@@H](C)[C@H]4CC2(CO[C@@H]2C[C@@H]4OC(C)(C)O[C@@H]4[C@@H](C)O2)C13C(=O)O,502.6480000000003,4.582600000000004,1,6,6,91.29,36,0,0.15053763440860216
DEC_1766,ACT_039,CHEMBL283375,CC1O[C@H]2[C@H](O)[C@H](OCC34C[C@@H]5[C@H](C)CC[C@H]5C5(C=O)CC3C=C(C(C)C)C45C(=O)O)O[C@H](C)[C@H]2O1,504.62000000000023,3.1633000000000013,2,7,6,111.52000000000001,36,0,0.15151515151515152
DEC_1767,ACT_039,CHEMBL21658,CC(C)C1=CC2CC3(C=O)[C@@H]4CC[C@@H](C)[C@H]4CC2(CO[C@@H]2O[C@H](C)[C@H]4OC(C)(C)O[C@H]4[C@@H]2O)C13C(=O)O,518.6470000000003,3.553400000000002,2,7,6,111.52000000000002,37,0,0.15217391304347827
DEC_1768,ACT_039,CHEMBL21515,CC(C)C1=CC2CC3(C=O)[C@@H]4CC[C@@H](C)[C@H]4CC2(CO[C@@H]2O[C@H](C)[C@H]4OC(C)(C)O[C@H]4[C@H]2O)C13C(=O)O,518.6470000000003,3.553400000000002,2,7,6,111.52000000000002,37,0,0.15217391304347827
DEC_1769,ACT_039,CHEMBL436548,C[C@@H]1CC2C3CCC4=CC(=O)C=CC4(C)[C@@]3(F)C(O)CC2(C)[C@@]1(OC(=O)c1ccco1)C(=O)CCl,504.9820000000003,4.599900000000004,1,6,4,93.81,35,0,0.15217391304347827
DEC_1770,ACT_039,CHEMBL41403,C[C@H]1CC2C3CCC4=CC(=O)C=CC4(C)[C@@]3(F)C(O)CC2(C)[C@@]1(OC(=O)c1ccoc1)C(=O)CCl,504.9820000000003,4.599900000000004,1,6,4,93.81,35,0,0.15217391304347827
DEC_1771,ACT_039,CHEMBL291118,C[C@H]1CC2C3CCC4=CC(=O)C=CC4(C)[C@@]3(F)C(O)CC2(C)[C@@]1(OC(=O)c1ccco1)C(=O)CCl,504.9820000000003,4.599900000000004,1,6,4,93.81,35,0,0.15217391304347827
DEC_1772,ACT_039,CHEMBL40756,C[C@@H]1CC2C3CCC4=CC(=O)C=CC4(C)[C@@]3(F)C(O)CC2(C)[C@@]1(OC(=O)c1ccoc1)C(=O)CCl,504.9820000000003,4.599900000000004,1,6,4,93.81,35,0,0.15217391304347827
DEC_1773,ACT_039,CHEMBL55768,CO/C1=C\C(C)=C\[C@@H](C)C(=O)[C@@H](C)C/C(C)=C/C=C/[C@H](OC)[C@@H]([C@@H](C)[C@@H](O)[C@H](C)C(=O)O)OC1=O,492.6090000000002,3.855000000000002,2,7,6,119.36000000000001,35,0,0.1523809523809524
DEC_1774,ACT_039,CHEMBL430529,COC(=O)N[C@@H](c1ccsc1)[C@@H](O)C(=O)OC1CC2C(C)(C)C1(C)[C@@]13CC(C)c4ccccc4[C@@]21O3,511.6400000000003,4.655600000000005,2,7,5,97.39,36,0,0.15625
DEC_1775,ACT_039,CHEMBL289456,Cc1ccccc1/C=C1\CS(=O)(=O)CC2C1=NN(CCCN1CCN(C)CC1)C2c1ccccc1C,506.7160000000004,3.7818400000000025,0,6,6,56.220000000000006,36,0,0.15730337078651685
DEC_1776,ACT_039,CHEMBL28629,Cn1c2ccnc(N3CCOCC3)c2c2ncnc(N3CCN(CCc4ccc(F)c(F)c4)CC3)c21,493.56200000000035,2.9960000000000004,0,7,5,62.55000000000001,36,0,0.15841584158415842
DEC_1777,ACT_039,CHEMBL53195,c1ccc(CN2CCN(c3ccc4nc(N5CCN(Cc6ccccc6)CC5)c5cccn5c4n3)CC2)cc1,517.6810000000004,4.526900000000004,0,6,6,43.150000000000006,39,0,0.1590909090909091
DEC_1778,ACT_039,CHEMBL295909,CSc1nnc([C@@H]2C[C@@H](S)CN2S(=O)(=O)c2ccc3ccccc3c2)n1-c1ccccc1,482.6560000000002,4.576500000000004,1,6,5,68.09,32,0,0.16091954022988506
DEC_1779,ACT_039,CHEMBL10250,CC[C@@]1(O)C(=O)OCc2c1cc1n(c2=O)Cc2cc3c(CN(C)c4ccccc4)c(O)ccc3nc2-1,483.5240000000002,3.4216000000000024,2,7,4,104.89,36,0,0.16161616161616163
DEC_1780,ACT_039,CHEMBL30298,COC(=O)N[C@@H](c1ccncc1)[C@@H](O)C(=O)OC1CC2C(C)(C)C1(C)[C@@]13CC(C)c4ccccc4[C@@]21O3,506.59900000000033,3.989100000000003,2,7,5,110.28000000000002,37,0,0.16161616161616163
DEC_1781,ACT_039,CHEMBL54379,CO[C@]1(OC(=O)CCN)CC2O[C@]1(C)n1c3ccccc3c3c4c(c5c6ccccc6n2c5c31)C(=O)NC4,510.5500000000003,3.985700000000003,2,6,4,109.74000000000001,38,0,0.16326530612244897
DEC_1782,ACT_039,CHEMBL280660,CC(=O)N1CCN(C(=O)/C=C/c2ccc(Sc3ccc4c(c3)OCC(C(=O)O)O4)c(Cl)c2)CC1,502.97600000000034,3.419500000000002,1,6,5,96.38000000000002,34,0,0.16363636363636364
DEC_1783,ACT_039,CHEMBL47851,O=C1c2c(c(=O)n3nc(-c4ccccc4)cc3n2CS(=O)(=O)c2ccccc2)CN1C1CCCCC1,502.5960000000004,3.882900000000003,0,5,5,93.74999999999999,36,0,0.16470588235294117
DEC_1784,ACT_039,CHEMBL54699,CC(C)COc1nc2ccc(C(C)O)cn2c(=O)c1Cc1ccc(-c2ccccc2-c2nn[nH]n2)cc1,496.5710000000002,4.220500000000003,2,7,8,118.29,37,0,0.16483516483516483
DEC_1785,ACT_039,CHEMBL20205,CC1(C)C2CC[C@@]1(CS(=O)(=O)N1CCC3(CCc4ccccc43)CC1)[C@@H](N1C(=O)C=CC1=O)C2,482.64600000000024,3.416100000000002,0,4,4,74.76,34,0,0.16666666666666666
DEC_1786,ACT_039,CHEMBL281326,Cn1c2ccnc(NCc3ccccn3)c2c2ncnc(N3CCN(CCc4ccc(F)c(F)c4)CC3)c21,514.5840000000004,4.166500000000004,1,7,7,75.0,38,0,0.16666666666666666
DEC_1787,ACT_039,CHEMBL30278,CCCC(=O)N[C@@H](c1ccncc1)[C@@H](O)C(=O)OC1CC2C(C)(C)C1(C)[C@@]13CC(C)c4ccccc4[C@@]21O3,518.6540000000003,4.549400000000004,2,6,7,101.05,38,0,0.16666666666666666
DEC_1788,ACT_039,CHEMBL34123,CC(C)(C)C(=O)O/C=C1/C(=O)N2[C@@H](C(=O)OC(c3ccccc3)c3ccccc3)C(C)(C)S(=O)(=O)[C@H]12,511.5960000000002,3.5363000000000024,0,7,5,107.05000000000001,36,0,0.16666666666666666
DEC_1789,ACT_039,CHEMBL15581,C[C@H]1CC2C([C@@H](O)C[C@@]3(C)C2CC[C@]3(O)C(=O)CN2CCN(c3ccccn3)CC2)[C@@]2(C)C=CC(=O)C=C12,519.6860000000003,3.028500000000001,2,7,4,93.97,38,0,0.16806722689075632
DEC_1790,ACT_039,CHEMBL18690,O=[N+]([O-])c1ccc(-c2nc(S(=O)(=O)C(F)(F)C(F)F)[nH]c2-c2ccc([N+](=O)[O-])cc2)cc1,474.34800000000007,4.191700000000002,1,7,7,149.1,32,0,0.16883116883116883
DEC_1791,ACT_039,CHEMBL287116,CCc1nn(Cc2ccc(-c3ccccc3-c3nn[nH]n3)cc2)/c(=N/C(=O)c2ccccc2Cl)s1,502.00300000000016,4.7969000000000035,1,6,6,101.71000000000001,35,0,0.17
DEC_1792,ACT_039,CHEMBL268453,C#CCN(Cc1cc2c(O)nc(C)nc2cc1C)c1ccc(C(=O)NCc2cccc([N+](=O)[O-])c2)c(F)c1,513.5290000000002,4.569340000000004,2,7,8,121.49000000000001,38,0,0.1717171717171717
DEC_1793,ACT_039,CHEMBL8938,COc1ccc2c3c1OC1[C@H](O)[C@](CO)(CCCc4ccccc4)CC4C(C2)N(CC2CC2)CCC341,489.65600000000035,4.116800000000003,2,5,8,62.160000000000004,36,0,0.1717171717171717
DEC_1794,ACT_039,CHEMBL19676,CC(=O)N1CCN(C(=O)/C=C/c2ccc(Sc3ccc4c(c3)OCC(CO)O4)c(Cl)c2)CC1,488.9930000000004,3.327200000000002,1,6,5,79.31000000000002,33,0,0.17272727272727273
DEC_1795,ACT_039,CHEMBL414014,C/C(=C\Cn1oc(=O)[nH]c1=O)c1cccc(OCC#Cc2cc(C(F)(F)F)cc(C(F)(F)F)c2)c1,498.3790000000001,4.701200000000004,1,4,5,77.23,35,0,0.17307692307692307
DEC_1796,ACT_039,CHEMBL16856,CC(C)C(c1cccc(NS(=O)(=O)c2cn(C)cn2)c1)c1c(O)c2c(oc1=O)CCCCCC2,485.6060000000004,4.3266000000000036,2,6,6,114.43,34,0,0.17391304347826086
DEC_1797,ACT_039,CHEMBL15924,O=C(OCCS(=O)(=O)c1ccccc1)N1c2ccccc2[C@@]23O[C@]24CCC[C@@H]3C#C/C=C\C#C[C@H]14,485.5610000000004,3.8267000000000033,0,5,4,76.21000000000001,35,0,0.1743119266055046
DEC_1798,ACT_039,CHEMBL284380,O=S(=O)(c1ccccc1)N1C[C@@H](CN2CCC3(CC2)C[S+]([O-])c2ccccc23)[C@@H](c2ccccc2)C1,520.7200000000001,4.245900000000003,0,4,5,63.68000000000001,36,0,0.1744186046511628
DEC_1799,ACT_039,CHEMBL35670,COC(=O)c1c(C)[nH]c2c1[C@@]13C[C@@H]1CN(C(=O)c1cc4cc(OC)c(OC)c(OC)c4[nH]1)C3=CC2=O,491.5000000000003,3.1107200000000015,2,7,5,122.95000000000002,36,0,0.17475728155339806
DEC_1800,ACT_040,CHEMBL23180,N=C(NCCO)c1ccc(-c2ccc(-c3ccc(/C(N)=N/CCO)cc3)o2)cc1,392.4590000000001,2.21847,5,5,8,127.86,29,0,0.16091954022988506
DEC_1801,ACT_040,CHEMBL268617,CCCCn1c(=O)[nH]c2[nH]c(-c3ccc(S(=O)(=O)O)cc3)nc2c1=O,364.3830000000001,1.1267,3,5,5,137.91,25,0,0.17105263157894737
DEC_1802,ACT_040,CHEMBL442527,CC1(C)C=C(C(=O)NCC(O)CNC(=O)Cc2cccs2)C(C)(C)N1,365.4990000000001,0.9706999999999999,4,5,7,90.46000000000001,25,0,0.1780821917808219
DEC_1803,ACT_040,CHEMBL19708,O=C(O)CCC/C=C\C[C@@H]1[C@H](O)CC[C@H]1NS(=O)(=O)c1ccc(F)cc1,385.4570000000001,2.4447,3,4,9,103.69999999999999,26,0,0.1780821917808219
DEC_1804,ACT_040,CHEMBL19310,O=C(O)CCC/C=C\C[C@@H]1[C@@H](NS(=O)(=O)c2ccc(F)cc2)CC[C@@H]1O,385.45700000000016,2.4447000000000005,3,4,9,103.7,26,0,0.1780821917808219
DEC_1805,ACT_040,CHEMBL21364,CC1CCC(/C=N/c2ccc(CC(=O)O)cc2)=C2NC=C(C(=O)O)C(=O)N21,369.37700000000007,1.8101999999999996,3,5,5,119.3,27,0,0.189873417721519
DEC_1806,ACT_040,CHEMBL15247,CCNCC1CCN(c2c(F)c(N)c3c(=O)c(C(=O)O)cn(C4CC4)c3c2F)C1,406.43300000000016,2.330800000000001,3,5,6,100.59,29,0,0.19298245614035087
DEC_1807,ACT_040,CHEMBL284012,NC(Cc1cc(I)ccc1CCP(=O)(O)O)C(=O)O,399.12100000000015,0.9658,4,3,6,120.85000000000001,19,0,0.1935483870967742
DEC_1808,ACT_040,CHEMBL279565,CC1(C)C=C(C(=O)NCCNC(=O)C2CCCCC2C(=O)O)C(C)(C)N1,365.47400000000005,1.196600000000001,4,4,6,107.53000000000002,26,0,0.2
DEC_1809,ACT_040,CHEMBL13354,Cc1[nH]c(/C=C2\C(=O)Nc3ccc(F)cc32)c(C)c1C(=O)NCCN1CCOCC1,412.46500000000026,2.3253400000000006,3,4,5,86.46,30,0,0.2
DEC_1810,ACT_040,CHEMBL276034,C[C@@H](O)[C@H]1C(=O)N2C(C(=O)O)=C(S[C@@H]3CN[C@H](Cc4ccccc4)C3)[C@H](C)[C@H]12,402.5160000000002,1.8464999999999994,3,5,6,89.87,28,0,0.2
DEC_1811,ACT_040,CHEMBL15508,C=CCc1cc(C)ccc1OCC(=O)NCCNC(=O)C1=CC(C)(C)NC1(C)C,399.53500000000014,2.42152,3,4,9,79.46000000000001,29,0,0.20212765957446807
DEC_1812,ACT_040,CHEMBL19320,CC#CCOc1ccc(S(=O)(=O)Nc2c(C)cccc2C(=O)NO)cc1,374.41800000000006,2.3169200000000005,3,5,6,104.73,26,0,0.20238095238095238
DEC_1813,ACT_040,CHEMBL277606,CC1(C)C=C(C(=O)NCCCNC(=O)C2CC=CCC2C(=O)O)C(C)(C)N1,377.4850000000001,1.3627000000000011,4,4,7,107.53000000000002,27,0,0.20253164556962025
DEC_1814,ACT_040,CHEMBL29934,CNC(=O)[C@@H](NC(=O)[C@H](CC(C)C)[C@@H](C(=O)NO)C1CCSC1)C(C)(C)C,401.5730000000002,1.8002999999999996,4,5,8,107.53000000000002,27,0,0.20253164556962025
DEC_1815,ACT_040,CHEMBL33448,N#Cc1ccccc1OCC(O)CNCCNC(=O)c1cc2ccccc2[nH]1,378.4320000000001,1.7988799999999996,4,5,9,110.16999999999999,28,0,0.20430107526881722
DEC_1816,ACT_040,CHEMBL264605,CNC(=O)[C@@H](NC(=O)[C@H](CC(C)C)[C@@H](C(=O)NO)C1CCN(C)CC1)C(C)(C)C,412.5750000000003,1.389000000000001,4,5,8,110.77000000000001,29,0,0.20512820512820512
DEC_1817,ACT_040,CHEMBL15169,CCNCC1CCN(c2c(F)c(N)c3c(=O)c(C(=O)O)cn(CC)c3c2F)C1,394.42200000000014,2.0158,3,5,6,100.59,28,0,0.20535714285714285
DEC_1818,ACT_040,CHEMBL6256,CCNCC1CCN(c2c(F)cc3c(=O)c(C(=O)O)cn(NC)c3c2F)C1,380.39500000000004,1.587,3,5,6,86.6,27,0,0.20618556701030927
DEC_1819,ACT_040,CHEMBL275174,CNCC1CCN(c2c(F)c(N)c3c(=O)c(C(=O)O)cn(C4CC4)c3c2F)C1,392.4060000000001,1.9407,3,5,5,100.59,28,0,0.20618556701030927
DEC_1820,ACT_040,CHEMBL7997,CCn1c(C)c(C(=O)NCCC(=O)O)s/c1=N\C(=O)c1ccc(C(=N)N)cc1,403.4640000000001,1.10759,4,5,7,150.63,28,0,0.2073170731707317
DEC_1821,ACT_040,CHEMBL10069,CC1(OC(=O)[C@H](NC(=O)[C@@H](N)CC(=O)O)c2ccccc2)CC2CCC1C2,374.4370000000002,1.7678000000000003,3,5,7,118.72000000000001,27,0,0.2087912087912088
DEC_1822,ACT_040,CHEMBL10785,Cc1nc(N)ccc1CNC(=O)Cn1c(C)cc2c(c1=O)NC(=O)[C@H](CC1CC1)C2,409.49000000000024,1.6696399999999987,3,5,6,119.10999999999999,30,0,0.2087912087912088
DEC_1823,ACT_040,CHEMBL21516,O=S(=O)(NC1Cc2ccccc2C1)NS(=O)(=O)NC1Cc2ccccc2C1,407.5170000000002,0.5796000000000001,3,4,6,104.37,27,0,0.20967741935483872
DEC_1824,ACT_040,CHEMBL10657,CC[C@@H]1Cc2cc(C)n(CC(=O)NCc3ccc(N)nc3C)c(=O)c2NC1=O,383.45200000000017,1.2795400000000001,3,5,5,119.10999999999999,28,0,0.20987654320987653
DEC_1825,ACT_040,CHEMBL275397,Cc1cccc(C)c1NC(=O)CNCCCNC(=O)C1=CC(C)(C)NC1(C)C,386.54000000000013,2.42464,4,4,8,82.26,28,0,0.2112676056338028
DEC_1826,ACT_040,CHEMBL14561,CCN1CCCC1CNC(=O)c1cc(NS(=O)(=O)NC)c(Cl)cc1OC,404.9200000000002,1.4388,3,5,8,99.77000000000001,26,0,0.21212121212121213
DEC_1827,ACT_040,CHEMBL277393,Cl.Cn1cc(NC(=O)c2cc(N)cn2C)cc1C(=O)NCCC(=N)N,367.8410000000001,0.6757699999999998,5,4,6,143.95,25,0,0.21333333333333335
DEC_1828,ACT_040,CHEMBL431102,CCN1CCCC1CNC(=O)c1cc(NS(N)(=O)=O)c(Cl)cc1OC,390.89300000000014,1.178100000000001,3,5,7,113.76,25,0,0.21428571428571427
DEC_1829,ACT_040,CHEMBL275520,Cc1nc(N)ccc1CNC(=O)Cn1c(C)cc2c(c1=O)NC(=O)[C@H](CC(C)C)C2,411.5060000000002,1.9156399999999987,3,5,6,119.10999999999999,30,0,0.21505376344086022
DEC_1830,ACT_040,CHEMBL14314,CCN1CCCC1CNC(=O)c1cc(NS(=O)(=O)NC)c(C)cc1OC,384.5020000000002,1.093820000000001,3,5,8,99.77000000000001,26,0,0.21505376344086022
DEC_1831,ACT_040,CHEMBL15736,Cc1cccc(C)c1NC(=O)C(C)NCCNC(=O)C1=CC(C)(C)NC1(C)C,386.5400000000002,2.4230399999999994,4,4,7,82.26,28,0,0.21518987341772153
DEC_1832,ACT_040,CHEMBL434394,OC(CNCC(O)C1CCc2cc(F)ccc2O1)C1CCc2cc(F)ccc2O1,405.44100000000014,2.363600000000001,3,5,6,70.95,29,0,0.21518987341772153
DEC_1833,ACT_040,CHEMBL15620,Cc1nc2ccccc2c(=O)n1CC(O)CNC(=O)C1=CC(C)(C)NC1(C)C,384.48000000000013,1.2688199999999996,3,5,5,96.25,28,0,0.21686746987951808
DEC_1834,ACT_040,CHEMBL22813,CN(C)CCNC(=O)Cc1c(C(=O)NCCN(C)C)[nH]c2cc(Cl)ccc12,393.91900000000004,1.3329999999999997,3,4,9,80.47,27,0,0.21739130434782608
DEC_1835,ACT_040,CHEMBL15875,CC1(C)C=C(C(=O)NCCCNC(=O)C2CCCCC2C(=O)O)C(C)(C)N1,379.5010000000001,1.5867000000000009,4,4,7,107.53000000000002,27,0,0.21794871794871795
DEC_1836,ACT_040,CHEMBL15740,CCNCC1CCN(c2c(F)c(O)c3c(=O)c(C(=O)O)cn(CC)c3c2F)C1,395.4060000000001,2.1391999999999998,3,5,6,94.80000000000001,28,0,0.21818181818181817
DEC_1837,ACT_040,CHEMBL26317,CNC(=O)[C@@H](NC(=O)[C@H](CC(C)C)[C@@H](C(=O)NO)C1CCC1)C(C)(C)C,369.5060000000002,1.8472999999999993,4,4,8,107.53000000000002,26,0,0.2191780821917808
DEC_1838,ACT_040,CHEMBL275916,CC1(C)C2CCC1(C)C(OC(=O)[C@H](NC(=O)[C@@H](N)CC(=O)O)c1ccccc1)C2,402.49100000000016,2.403900000000002,3,5,7,118.72000000000001,29,0,0.21978021978021978
DEC_1839,ACT_040,CHEMBL279828,CC1(C)C=C(C(=O)NCC(O)CN2C(=O)c3ccccc3C2=O)C(C)(C)N1,371.4370000000001,0.8464999999999998,3,5,5,98.74000000000001,27,0,0.22058823529411764
DEC_1840,ACT_040,CHEMBL24718,N=C(N)c1ccc(C(=O)N2CCC3(CCC(C(=O)NCC(=O)O)CC3)CC2)cc1,400.47900000000016,1.5840700000000003,4,4,5,136.57999999999998,29,0,0.22077922077922077
DEC_1841,ACT_040,CHEMBL8943,O=C(C[C@@H](Cc1cccc(O)c1)C(=O)N[C@H]1c2ccccc2C[C@H]1O)NO,370.4050000000001,1.2208999999999999,5,5,6,118.89,27,0,0.2222222222222222
DEC_1842,ACT_040,CHEMBL275110,CCC[C@H]1Cc2cc(C)n(CC(=O)NCc3ccc(N)nc3C)c(=O)c2NC1=O,397.47900000000016,1.66964,3,5,6,119.10999999999999,29,0,0.2222222222222222
DEC_1843,ACT_040,CHEMBL10800,CCC[C@@H]1Cc2cc(C)n(CC(=O)NCc3ccc(N)nc3C)c(=O)c2NC1=O,397.47900000000016,1.66964,3,5,6,119.10999999999999,29,0,0.2222222222222222
DEC_1844,ACT_040,CHEMBL22596,N#Cc1ccccc1OCC(O)CNCCNC(=O)Nc1ccccc1Cl,388.855,2.36268,4,5,9,106.41,27,0,0.2222222222222222
DEC_1845,ACT_040,CHEMBL15197,CNC(C)C1CCN(c2cc3c(c(N)c2F)c(=O)c(C(=O)O)cn3C2CC2)C1,388.44300000000015,2.1900999999999993,3,5,5,100.59,28,0,0.22448979591836735
DEC_1846,ACT_040,CHEMBL15113,CCNCC1CCN(c2cc3c(c(N)c2F)c(=O)c(C(=O)O)cn3C2CC2)C1,388.44300000000015,2.1917,3,5,6,100.59,28,0,0.22448979591836735
DEC_1847,ACT_040,CHEMBL15468,CC1(C)C=C(C(=O)NCCCNC(=O)c2ccccc2C(=O)O)C(C)(C)N1,373.45300000000015,1.7076999999999993,4,4,7,107.53000000000002,27,0,0.22535211267605634
DEC_1848,ACT_040,CHEMBL280289,Cc1cc(Cl)ccc1OCC(=O)NCCNC(=O)C1=CC(C)(C)NC1(C)C,393.91500000000013,2.3464199999999993,3,4,7,79.46000000000001,27,0,0.22535211267605634
DEC_1849,ACT_040,CHEMBL275018,CC1(C)CCC(C)(C)C1OC(=O)[C@H](NC(=O)[C@@H](N)CC(=O)O)c1ccccc1,390.48000000000013,2.403900000000001,3,5,7,118.72000000000001,28,0,0.2261904761904762
DEC_1850,ACT_041,CHEMBL31030,CO[C@]12C=CC3(CC14CCC(C)(C)[C@H]4O)C1Cc4ccc(O)c5c4C3(CCN1CC1CC1)[C@@H]2O5,463.61800000000034,3.943800000000003,2,5,3,62.16,34,0,0.12745098039215685
DEC_1851,ACT_041,CHEMBL273496,CN1C(=O)CC[C@]2(C)C3CC[C@@]4(C)C(CC[C@@]4(O)C#CCCI)C3CCC12,483.43400000000014,4.409400000000004,1,2,1,40.540000000000006,27,0,0.14285714285714285
DEC_1852,ACT_041,CHEMBL48009,O=C1C2Oc3c(O)ccc4c3C23CCN(CC2CC2)C(C4)[C@]3(O)CC12Cc1cccc3cccc(c13)C2,493.6030000000003,4.073700000000003,2,5,2,70.0,37,0,0.15
DEC_1853,ACT_041,CHEMBL297903,O=C1C2Oc3c(O)ccc4c3C23CCN(CC2CC2)C(C4)[C@]3(O)CC12Cc1ccc3ccccc3c1C2,493.6030000000003,4.073700000000003,2,5,2,70.0,37,0,0.15151515151515152
DEC_1854,ACT_041,CHEMBL49704,O=C1C2Oc3c(O)ccc4c3C23CCN(CC2CC2)C(C4)[C@]3(O)CC12Cc1cc3ccccc3cc1C2,493.6030000000003,4.073700000000003,2,5,2,70.0,37,0,0.16161616161616163
DEC_1855,ACT_041,CHEMBL26925,CO[C@H]1[C@H](O)[C@H]2[C@@H](O[C@@H]1CN)n1c3ccccc3c3c4c(c5c6ccccc6n2c5c31)C(=O)NC4=O,482.49600000000027,2.5727,3,6,2,120.73999999999998,36,0,0.16666666666666666
DEC_1856,ACT_041,CHEMBL269124,CN1CC=C(c2c(O)cc(O)c3c(=O)cc(-c4ccccc4I)oc23)CC1,475.28200000000015,4.194700000000002,2,5,2,73.91,27,0,0.16842105263157894
DEC_1857,ACT_041,CHEMBL56897,C=C1C(C)C2C(Cc3ccccc3)NC(=O)C23OC(=O)/C=C/C(O)CCCC(C)C/C=C/C3C1O,479.61700000000025,3.492100000000003,3,5,2,95.86,35,0,0.16842105263157894
DEC_1858,ACT_041,CHEMBL275072,O=C1NC(=O)C(CC#Cc2ccc(F)cc2)(S(=O)(=O)c2ccc(Br)cc2)S1,468.3250000000001,3.4830000000000023,1,5,3,80.31,27,0,0.16853932584269662
DEC_1859,ACT_041,CHEMBL11965,O=C1NC(=O)C(CC#Cc2ccc(Br)cc2)(S(=O)(=O)c2ccc(F)cc2)S1,468.3250000000001,3.4830000000000023,1,5,3,80.31,27,0,0.16853932584269662
DEC_1860,ACT_041,CHEMBL417973,CN1C(=O)C=C[C@]2(C)C3CC[C@@]4(C)C(CC[C@@]4(O)C#CCCI)C3CCC12,481.4180000000001,4.185400000000004,1,2,1,40.540000000000006,27,0,0.16883116883116883
DEC_1861,ACT_041,CHEMBL269304,C=C(C)[C@]12C[C@@H](C)[C@@]34OC(Cc5ccccc5)(O[C@@H]1C3C=C(CO)C[C@]1(O)C(=O)C(C)=CC41)O2,464.5580000000003,3.236900000000002,2,6,4,85.22000000000001,34,0,0.1702127659574468
DEC_1862,ACT_041,CHEMBL12503,O=C1NC(=O)C(CC#Cc2ccc(Cl)cc2)(S(=O)(=O)c2ccc3ccccc3n2)S1,456.9320000000002,3.783000000000002,1,6,3,93.2,30,0,0.17105263157894737
DEC_1863,ACT_041,CHEMBL291151,C[C@@H](O)[C@H]1C(=O)N2C(C(=O)O)=C(SC(=S)N(C)Cc3cccc4ccccc34)[C@H](C)[C@H]12,456.5890000000002,3.4434000000000022,2,5,5,81.08,31,0,0.17346938775510204
DEC_1864,ACT_041,CHEMBL56212,Cc1cc(Br)c2ncn([C@H](C)[C@](O)(Cn3cncn3)c3ccc(F)cc3F)c(=O)c2c1,490.3080000000002,3.4861200000000014,1,5,5,85.82999999999998,31,0,0.17475728155339806
DEC_1865,ACT_041,CHEMBL25921,CO[C@H]1[C@H](O)[C@H]2[C@@H](O[C@@H]1CO)n1c3ccccc3c3c4c(c5c6ccccc6n2c5c31)C(=O)NC4=O,483.4800000000003,2.6063,3,6,2,114.94999999999999,36,0,0.17647058823529413
DEC_1866,ACT_041,CHEMBL27509,CO[C@H]1[C@@H]2OC[C@H]1O[C@@H]1[C@H]2n2c3ccccc3c3c4c(c5c6ccccc6n1c5c32)C(=O)NC4=O,465.4650000000003,3.651900000000002,1,5,1,83.72,35,0,0.17721518987341772
DEC_1867,ACT_041,CHEMBL14054,C/C(=C/Cc1c(O)n(Cc2ccccc2)c2nc3c(n2c1=O)C(=O)N(C)CN3C)C(F)(F)F,461.4440000000002,2.7803000000000004,1,5,4,83.07999999999998,33,0,0.17777777777777778
DEC_1868,ACT_041,CHEMBL284385,O=C1Nc2cc(C(F)(F)F)ccc2C1(O)c1cc(Cl)cc(I)c1O,469.584,3.8569999999999998,3,3,1,69.56,24,0,0.1780821917808219
DEC_1869,ACT_041,CHEMBL267301,CC1(C)C=C(n2ccccc2=O)c2cc(S(=O)(=O)Nc3ccccc3Br)ccc2O1,487.3750000000001,4.4718000000000035,1,4,4,77.4,30,0,0.17857142857142858
DEC_1870,ACT_041,CHEMBL281948,COC(=O)[C@@]1(O)C[C@H]2O[C@]1(C)n1c3ccccc3c3c4c(c5c6ccccc6n2c5c31)C(=O)NC4,467.4810000000003,3.655100000000002,2,5,1,94.72,35,0,0.17894736842105263
DEC_1871,ACT_041,CHEMBL416056,COC(=O)[C@]1(O)C[C@@H]2O[C@@]1(C)n1c3ccccc3c3c4c(c5c6ccccc6n2c5c31)C(=O)NC4,467.4810000000003,3.655100000000002,2,5,1,94.72,35,0,0.17894736842105263
DEC_1872,ACT_041,CHEMBL283994,CC1(C)C2CC[C@@]1(CS(=O)(=O)N1CCC3(CCc4ccccc43)CC1)[C@@H](N1C(=O)C[C@H](O)C1=O)C2,500.6610000000003,2.610900000000001,1,5,4,94.99000000000001,35,0,0.17894736842105263
DEC_1873,ACT_041,CHEMBL19658,CC1(C)C2CC[C@@]1(CS(=O)(=O)N1CCC3(CCc4ccccc43)CC1)[C@@H](N1C(=O)C[C@H](N)C1=O)C2,499.6770000000003,2.5773,1,5,4,100.78,35,0,0.17894736842105263
DEC_1874,ACT_041,CHEMBL276990,CC1(C)C2CC[C@@]1(CS(=O)(=O)N1CCC3(CCc4ccccc43)CC1)[C@@H](N1C(=O)C[C@@H](N)C1=O)C2,499.6770000000003,2.5773,1,5,4,100.78,35,0,0.17894736842105263
DEC_1875,ACT_041,CHEMBL283524,CC1(C)C2CC[C@@]1(CS(=O)(=O)N1CCC3(CCc4ccccc43)CC1)[C@@H](N1C(=O)C[C@@H](O)C1=O)C2,500.6610000000003,2.610900000000001,1,5,4,94.99000000000001,35,0,0.17894736842105263
DEC_1876,ACT_041,CHEMBL34628,C=CCCN1CC[C@@H](N2CC(=O)N3[C@H](c4ccc5c(c4)OCO5)c4[nH]c5ccccc5c4C[C@@H]3C2=O)C1,498.5830000000003,3.2319000000000013,1,5,5,78.11,37,0,0.18181818181818182
DEC_1877,ACT_041,CHEMBL12201,O=C1NC(=O)C(CC#Cc2ccc(Cl)cc2)(S(=O)(=O)c2ccc(Br)cc2)S1,484.78000000000014,3.997300000000002,1,5,3,80.31,27,0,0.18309859154929578
DEC_1878,ACT_041,CHEMBL276441,O=C1NC(=O)C(CC#Cc2ccc(Br)cc2)(S(=O)(=O)c2ccc(Cl)cc2)S1,484.7800000000001,3.997300000000002,1,5,3,80.31,27,0,0.18309859154929578
DEC_1879,ACT_041,CHEMBL282114,CCN1C(=O)c2c(nc(OC)n2Cc2ccc(O)c(Br)c2)N2C1=N[C@@H]1CCC[C@@H]12,460.33200000000016,2.980900000000002,1,6,4,83.19,29,0,0.1836734693877551
DEC_1880,ACT_041,CHEMBL282161,Cn1cncc1C(O)(CN1CCC(C#N)=C(c2cccc3ccccc23)C1)c1ccc(C#N)cc1,459.55300000000017,4.363960000000003,1,5,5,88.87,35,0,0.18446601941747573
DEC_1881,ACT_041,CHEMBL10552,O=C1CC2(C(=O)N1)C(=O)N(Cc1nc3cc(C(F)(F)F)ccc3s1)C(=O)c1ccc(F)cc12,477.3950000000001,2.921100000000002,1,6,2,96.44,33,0,0.18518518518518517
DEC_1882,ACT_041,CHEMBL264092,C[C@]12CCC(=O)C=C1CCC1C2=CC[C@@]2(C)C1CC[C@]2(O)C(=O)CN1CCN(c2ccccn2)CC1,489.6600000000003,3.9558000000000026,1,6,4,73.74000000000001,36,0,0.18556701030927836
DEC_1883,ACT_041,CHEMBL8503,O=C1[C@@H](NS(=O)(=O)c2cc3c(Cl)nccc3s2)CCN1Cc1cc2c[nH]ccc-2n1,461.95600000000024,2.857000000000001,2,6,5,108.05,30,0,0.18584070796460178
DEC_1884,ACT_041,CHEMBL413313,C[C@]1(c2ccc(F)cc2)O[C@@H]2CC3C4CCC5=CC(=O)CC[C@@H]5C4CC[C@]3(C)[C@]2(C(=O)CO)O1,468.5650000000004,4.465700000000004,1,5,3,72.83000000000001,34,0,0.18627450980392157
DEC_1885,ACT_041,CHEMBL13977,C[C@@]1(c2ccc(F)cc2)O[C@@H]2CC3C4CCC5=CC(=O)CC[C@@H]5C4CC[C@]3(C)[C@]2(C(=O)CO)O1,468.5650000000004,4.465700000000004,1,5,3,72.83000000000001,34,0,0.18627450980392157
DEC_1886,ACT_041,CHEMBL281139,Cc1nnc2n1-c1ccc(C#CCN3C(=O)c4ccccc4C3=O)cc1C(c1ccccc1F)NC2,477.49900000000014,3.5551200000000014,1,5,2,80.12,36,0,0.18691588785046728
DEC_1887,ACT_041,CHEMBL8242,O=C1[C@@H](NS(=O)(=O)c2cc3ccnc(Cl)c3s2)CCN1Cc1cc2c[nH]ccc-2n1,461.95600000000024,2.857,2,6,5,108.05,30,0,0.1875
DEC_1888,ACT_041,CHEMBL10278,O=C1CCC(c2ccccc2)(C2CCN(Cc3cccc(I)c3)CC2)C(=O)N1,488.3690000000001,3.8778000000000024,1,3,4,49.410000000000004,28,0,0.1875
DEC_1889,ACT_041,CHEMBL283823,CO[C@H]1[C@H](O)[C@H]2[C@@H](O[C@@H]1CO)n1c3ccccc3c3c4c(c5c6ccccc6n2c5c31)C(=O)N(C)C4=O,497.50700000000035,2.948500000000001,2,6,2,106.16,37,0,0.18811881188118812
DEC_1890,ACT_041,CHEMBL278893,CC(NC(=O)C(=O)N/N=C1\C[C@H](c2ccccc2F)Nc2cc3c(cc21)OCO3)c1ccccc1,474.49200000000025,3.809000000000002,3,6,4,101.05000000000001,35,0,0.19
DEC_1891,ACT_041,CHEMBL15983,CC(NC(=O)C(=O)N/N=C1\C[C@@H](c2ccccc2F)Nc2cc3c(cc21)OCO3)c1ccccc1,474.49200000000025,3.809000000000002,3,6,4,101.05000000000001,35,0,0.19
DEC_1892,ACT_041,CHEMBL7947,O=C1[C@@H](NS(=O)(=O)c2cc3c(Cl)nccc3s2)CCN1Cc1cc2[nH]cccc-2n1,461.95600000000024,2.857000000000001,2,6,5,108.05,30,0,0.19090909090909092
DEC_1893,ACT_041,CHEMBL8509,O=C1[C@@H](NS(=O)(=O)c2cc3ccc(Cl)nc3s2)CCN1Cc1cc2c[nH]ccc-2n1,461.95600000000024,2.857,2,6,5,108.05,30,0,0.19090909090909092
DEC_1894,ACT_041,CHEMBL275001,O=C1NC(=O)C(CC#Cc2ccc(OC(F)(F)F)cc2)(S(=O)(=O)c2ccc(F)cc2)S1,473.4250000000001,3.619100000000002,1,6,4,89.53999999999999,31,0,0.1917808219178082
DEC_1895,ACT_041,CHEMBL276237,O=C1CCC(c2ccccc2)(C2CCN(Cc3ccccc3I)CC2)C(=O)N1,488.3690000000001,3.8778000000000024,1,3,4,49.410000000000004,28,0,0.19230769230769232
DEC_1896,ACT_041,CHEMBL38709,O=C(c1ccc([N+](=O)[O-])cc1)N1CCc2cc(S(=O)(=O)N3CC(c4ccccc4)NC3=O)ccc21,492.5130000000002,3.2529000000000012,1,6,5,129.93,35,0,0.19230769230769232
DEC_1897,ACT_041,CHEMBL262447,O=C1[C@@H](NS(=O)(=O)c2cc3ccnc(Cl)c3s2)CCN1Cc1cc2[nH]cccc-2n1,461.95600000000024,2.857,2,6,5,108.05,30,0,0.1926605504587156
DEC_1898,ACT_041,CHEMBL34744,Cc1ccc([C@@H]2c3[nH]c4ccccc4c3C[C@@H]3C(=O)N([C@@H]4CCN(Cc5ccccc5)C4)CC(=O)N23)cc1,504.63400000000036,4.435720000000003,1,3,4,59.650000000000006,38,0,0.19318181818181818
DEC_1899,ACT_041,CHEMBL279021,Cc1nnc2n1-c1ccc(C#CCN3C(=O)CCc4ccccc43)cc1C(c1ccccc1F)=NC2O,491.52600000000007,3.887620000000003,1,5,2,83.61,37,0,0.19469026548672566
DEC_1900,ACT_042,CHEMBL289525,O=C1C(N2CC2)=CC(=O)c2c(OS(=O)(=O)c3ccc(I)cc3)cccc21,481.26700000000005,2.6374000000000013,0,6,4,80.52,26,0,0.16304347826086957
DEC_1901,ACT_042,CHEMBL58831,C[C@@H](n1cnc2cc(I)ccc2c1=O)[C@](O)(Cn1cncn1)c1ccc(F)cc1F,523.2810000000003,3.019800000000002,1,5,5,85.83,30,0,0.16831683168316833
DEC_1902,ACT_042,CHEMBL284509,CC(=O)[O-].CCN1C(C)=CS/C1=C\C=c1/s/c(=C\c2sc3ccccc3[n+]2CC)n(CC)c1=O,515.7260000000003,2.5887000000000002,0,7,5,69.25,34,0,0.16842105263157894
DEC_1903,ACT_042,CHEMBL16583,CN(C)CC(c1ccccc1)c1nnc2n1-c1ccc(S(C)(=O)=O)cc1C(c1ccccc1)=NC2,485.6130000000002,3.7153000000000027,0,6,6,80.45,35,0,0.17647058823529413
DEC_1904,ACT_042,CHEMBL34662,CN1CCN(CCCN2N=C3/C(=C/c4ccccc4)CS(=O)(=O)CC3C2c2ccccc2)CC1,478.6620000000003,3.165000000000002,0,6,6,56.22,34,0,0.17647058823529413
DEC_1905,ACT_042,CHEMBL11409,CCCN1CCN(CCCCN2C(=O)CC3(CCCC3)CC2=O)CC12COc1cccc(OC)c1C2,497.6800000000004,3.8861000000000026,0,6,8,62.32000000000001,36,0,0.1782178217821782
DEC_1906,ACT_042,CHEMBL27823,N#Cc1c2n(c3c(N4CCN(CCc5ccccc5)CC4)nc(I)nc13)CCCC2,512.3990000000002,3.6085800000000026,0,5,4,60.980000000000004,30,0,0.1797752808988764
DEC_1907,ACT_042,CHEMBL23073,CCn1c(/C=C/C=C2\N(C)c3ccccc3C2(C)C)[n+](CCOC(C)=O)c2cc3ccccc3cc21.[Cl-],516.0850000000003,2.9937000000000014,0,3,6,38.35,37,0,0.18
DEC_1908,ACT_042,CHEMBL15828,C[C@@H](COC(=O)N1c2ccccc2[C@@]23O[C@]24CCC[C@@H]3C#C/C=C\C#C[C@H]14)S(=O)(=O)c1ccccc1,499.5880000000002,4.215200000000004,0,5,4,76.21000000000001,36,0,0.18018018018018017
DEC_1909,ACT_042,CHEMBL15907,C[C@H](COC(=O)N1c2ccccc2[C@@]23O[C@]24CCC[C@@H]3C#C/C=C\C#C[C@H]14)S(=O)(=O)c1ccccc1,499.5880000000002,4.215200000000004,0,5,4,76.21000000000001,36,0,0.18018018018018017
DEC_1910,ACT_042,CHEMBL10522,C1CCN(C2CCN(CCN3CCN(CCN4CCC(N5CCCCC5)CC4)CC3)CC2)CC1,474.78200000000055,2.5046000000000044,0,6,8,19.440000000000005,34,0,0.18032786885245902
DEC_1911,ACT_042,CHEMBL26548,CCCCc1nc2ccc(S(C)(=O)=O)cc2c(=O)n1Cc1ccc(-c2ccccc2-c2nn[nH]n2)cc1,514.6110000000002,4.038000000000003,1,7,8,123.49,37,0,0.18085106382978725
DEC_1912,ACT_042,CHEMBL287184,CCCCc1nc2ccc([S+](C)[O-])cc2c(=O)n1Cc1ccc(-c2ccccc2-c2nn[nH]n2)cc1,498.6120000000002,4.371900000000003,1,6,8,112.41000000000001,36,0,0.18085106382978725
DEC_1913,ACT_042,CHEMBL32865,O=C(c1cc(Cc2ccccc2)cc(CN2CCCS2(=O)=O)c1)c1ncc2cccnc2c1O,473.55400000000014,3.6927000000000034,1,6,6,100.46000000000001,34,0,0.18181818181818182
DEC_1914,ACT_042,CHEMBL26635,N#Cc1c2n(c3c(N4CCN(CCc5ccc(F)c(F)c5)CC4)nc(-c4ccncc4)nc13)CCCC2,499.56900000000036,4.344180000000004,0,6,5,73.87,37,0,0.18269230769230768
DEC_1915,ACT_042,CHEMBL56845,O=C(O)C(=O)[C@H]1Cc2cc([N+](=O)[O-])ccc2CN1S(=O)(=O)c1ccc(-c2ccc(Cl)cc2)cc1,500.91600000000017,3.6845000000000026,1,6,6,134.89,34,0,0.1827956989247312
DEC_1916,ACT_042,CHEMBL293571,O=C(O)C(=O)[C@H]1Cc2ccc([N+](=O)[O-])cc2CN1S(=O)(=O)c1ccc(-c2ccc(Cl)cc2)cc1,500.91600000000017,3.6845000000000026,1,6,6,134.89,34,0,0.1827956989247312
DEC_1917,ACT_042,CHEMBL15646,COc1cccc(N2CCN(CC(=O)[C@@]3(O)CCC4C5CCC6=CC(=O)CC[C@]6(C)C5=CC[C@@]43C)CC2)n1,519.6860000000004,3.964400000000003,1,7,5,82.97000000000001,38,0,0.1834862385321101
DEC_1918,ACT_042,CHEMBL449039,C[C@@H](n1cnc2cc(OCC(F)(F)F)ccc2c1=O)[C@](O)(Cn1cncn1)c1ccc(F)cc1F,495.40800000000013,3.356300000000002,1,6,7,95.06,35,0,0.1836734693877551
DEC_1919,ACT_042,CHEMBL274176,CS(=O)(=O)c1ccc2c(c1)c(C1CCN(CCN3CCNC3=O)CC1)cn2-c1ccc(F)cc1,484.5970000000002,3.3777000000000017,1,4,6,74.65,34,0,0.18478260869565216
DEC_1920,ACT_042,CHEMBL274719,C[C@]12CCC(=O)C=C1CCC1C2C(=O)C[C@@]2(C)C1CC[C@]2(O)C(=O)CN1CCN(c2ccccn2)CC1,505.6590000000004,3.2147000000000014,1,7,4,90.80999999999999,37,0,0.18556701030927836
DEC_1921,ACT_042,CHEMBL34017,O=C1c2c(Cl)c(Cl)c(Cl)c(Cl)c2C(=O)N1CCCCN1CCN(c2ncccn2)CC1,503.21700000000044,4.288600000000004,0,6,6,69.64000000000001,31,0,0.18666666666666668
DEC_1922,ACT_042,CHEMBL19856,CCOc1c(Sc2ccc(/C=C/C(=O)N3CCN(C(C)=O)CC3)cc2Cl)ccc2c1OCCO2,503.0200000000003,4.365000000000003,0,6,6,68.31,34,0,0.18681318681318682
DEC_1923,ACT_042,CHEMBL430751,C[C@@H](n1cnc2cc(-c3ccc(F)cc3)sc2c1=O)[C@](O)(Cn1cncn1)c1ccc(F)cc1F,497.5020000000002,4.282800000000003,1,6,6,85.83,35,0,0.18681318681318682
DEC_1924,ACT_042,CHEMBL26775,CCN1C(=O)c2c(nc(OC)n2Cc2ccc(OC)c(Br)c2)N2C1=N[C@@H]1CCC[C@@H]12,474.3590000000002,3.283900000000002,0,6,5,72.19,30,0,0.1875
DEC_1925,ACT_042,CHEMBL13856,COc1ccccc1N1CCN(CCn2c(=O)[nH]c3scc(-c4cccc(C)c4)c3c2=O)CC1,476.60200000000026,3.557520000000002,1,6,6,70.57,34,0,0.18867924528301888
DEC_1926,ACT_042,CHEMBL284234,CC(=O)OCC(=O)[C@@]12ON(Cc3ccccc3)C[C@@H]1CC1C3CCC4=CC(=O)C=CC4(C)[C@H]3C(O)CC12C,519.6380000000004,3.8096000000000023,1,7,5,93.14000000000001,38,0,0.1891891891891892
DEC_1927,ACT_042,CHEMBL25905,COCc1nc(N2CCN(CCc3ccc(F)c(F)c3)CC2)c2c(n1)c1c(Cl)nccc1n2C,486.9540000000003,3.9592000000000027,0,6,6,59.31,34,0,0.18947368421052632
DEC_1928,ACT_042,CHEMBL33381,CCCCCN1CC[C@@H](N2CC(=O)N3[C@H](c4ccc5c(c4)OCO5)c4[nH]c5ccccc5c4C[C@@H]3C2=O)C1,514.6260000000003,3.8460000000000027,1,5,6,78.11,38,0,0.19090909090909092
DEC_1929,ACT_042,CHEMBL276090,CC(=O)N1CCN(C(=O)/C=C/c2ccc(Sc3ccc4c(ccn4CC(=O)O)c3)c(Cl)c2)CC1,498.00400000000036,4.2344000000000035,1,4,6,82.85000000000001,34,0,0.19101123595505617
DEC_1930,ACT_042,CHEMBL283939,COc1cc(/C=C/c2nc3c(c(=O)n(C)c(=O)n3C)n2CCc2ccccc2)cc(OC)c1OC,476.53300000000024,2.8726000000000003,0,6,8,89.51000000000002,35,0,0.19148936170212766
DEC_1931,ACT_042,CHEMBL42993,COc1ccccc1N1CCN(CCN2C(=O)CCC2c2ccc(I)cc2)CC1,505.4000000000001,3.7855000000000025,0,4,6,36.02,29,0,0.1919191919191919
DEC_1932,ACT_042,CHEMBL299357,CC(C)(C)[Si](C)(C)OCC1OC(n2ccc(N)nc2=O)C(O[Si](C)(C)C(C)(C)C)C1C#N,480.75800000000027,4.274880000000003,1,7,6,112.39000000000001,32,0,0.1919191919191919
DEC_1933,ACT_042,CHEMBL300304,CN1CCCN(C(=O)c2ccccc2SSc2ccccc2C(=O)N2CCCN(C)CC2)CC1,498.7180000000005,4.041400000000003,0,6,5,47.10000000000001,34,0,0.19230769230769232
DEC_1934,ACT_042,CHEMBL33944,O=C1[C@H]2Cc3c([nH]c4ccccc34)[C@@H](c3ccc4c(c3)OCO4)N2C(=O)CN1[C@@H]1CCN(CCC2CC2)C1,512.6100000000005,3.4559000000000024,1,5,5,78.11,38,0,0.1926605504587156
DEC_1935,ACT_042,CHEMBL13754,COc1ccccc1N1CCN(CCn2c(=O)[nH]c3sc(C)c(-c4ccccc4)c3c2=O)CC1,476.60200000000026,3.557520000000002,1,6,6,70.57,34,0,0.1927710843373494
DEC_1936,ACT_042,CHEMBL41234,COc1ccc2sc3c(=O)n(CCN4C[C@@H]5CCc6c(OC)cccc6[C@@H]5C4)c(=O)[nH]c3c2n1,478.57400000000024,2.9785000000000013,1,7,5,89.45,34,0,0.19387755102040816
DEC_1937,ACT_042,CHEMBL415478,Cc1oc(-c2ccc(C(F)(F)F)cc2)nc1COc1cccc(CCCn2oc(=O)[nH]c2=O)c1,475.4230000000003,4.323620000000004,1,6,8,103.25999999999999,34,0,0.1941747572815534
DEC_1938,ACT_042,CHEMBL12771,CC1CCN(CC[C@@H](C)N(C)S(=O)(=O)c2ccc(Br)c(Br)c2)CC1,482.2820000000001,4.3426000000000045,0,3,6,40.620000000000005,24,0,0.19444444444444445
DEC_1939,ACT_042,CHEMBL41334,CC1=CSCC(=O)N1C1C[C@@H](OC(=O)c2ccc(C)cc2)C(COC(=O)c2ccc(C)cc2)O1,481.5700000000003,4.237540000000004,0,7,6,82.14,34,0,0.19480519480519481
DEC_1940,ACT_042,CHEMBL36676,O=C(OC[C@@H]1[C@H](Cc2ccccc2)C(=O)N1S(=O)(=O)c1ccc([N+](=O)[O-])cc1)c1ccccc1,480.4980000000002,3.210200000000002,0,7,8,123.89000000000001,34,0,0.1951219512195122
DEC_1941,ACT_042,CHEMBL290635,CCCCCCC[C@H]1OC(=O)C[C@H](O)[C@H](Cc2ccccc2)N(C)C(=O)C(C)(C)OC(=O)[C@H]1C,475.62600000000026,4.050900000000003,1,6,8,93.14000000000001,34,0,0.19540229885057472
DEC_1942,ACT_042,CHEMBL417685,CC1(c2ccc(F)cc2)CC(=O)N(CCCCN2CCN(c3nsc4ccccc34)CC2)C1=O,480.60900000000026,4.054400000000003,0,6,7,56.75000000000001,34,0,0.19540229885057472
DEC_1943,ACT_042,CHEMBL48284,O=C(Cn1c2c(c(=O)n3nc(-c4ccccc4)cc13)CN(C1CC3CCC1C3)C2=O)c1ccccc1,478.5520000000003,4.190300000000004,0,4,5,76.68,36,0,0.19540229885057472
DEC_1944,ACT_042,CHEMBL46356,O=C(Cn1c2c(c(=O)n3nc(-c4ccccc4)cc13)CN(C1CCCCC1)C2=O)c1cccc([N+](=O)[O-])c1,511.5380000000004,4.242600000000004,0,6,6,119.82000000000002,38,0,0.1956521739130435
DEC_1945,ACT_042,CHEMBL290243,COc1cccc2c1CC[C@H]1CN(CCn3c(=O)[nH]c4c(sc5nc(C)c(C)nc54)c3=O)C[C@@H]21,477.5900000000002,2.981740000000001,1,7,4,93.10999999999999,34,0,0.1958762886597938
DEC_1946,ACT_042,CHEMBL50947,COc1ccccc1N1CCN(CCn2c(=O)c3cscc3n(C(=O)c3ccccc3)c2=O)CC1,490.5850000000002,2.7440000000000007,0,7,6,76.78,35,0,0.1958762886597938
DEC_1947,ACT_042,CHEMBL29435,COc1c(C(=O)NCCN2CCN(c3cccc([N+](=O)[O-])c3)CC2)cc(Br)c2ccccc12,513.3920000000002,4.071100000000003,1,6,7,87.95,33,0,0.19626168224299065
DEC_1948,ACT_042,CHEMBL284258,CCCN1CC[C@@H](N2CC(=O)N3[C@H](c4ccc5c(c4)OCO5)c4[nH]c5ccccc5c4C[C@@H]3C2=O)C1,486.57200000000034,3.065800000000001,1,5,4,78.11,36,0,0.19626168224299065
DEC_1949,ACT_042,CHEMBL274057,O=c1cnn(-c2ccc(S(=O)(=O)N(Cc3ccccc3)Cc3ccccc3)c(Cl)c2)c(=O)[nH]1,482.9490000000001,2.965300000000001,1,5,7,105.13,33,0,0.19718309859154928
DEC_1950,ACT_043,CHEMBL281986,CO[C@]12C=CC3(CC14CCC[C@H]4O)C1Cc4ccc(O)c5c4C3(CCN1CC1CC1)[C@@H]2O5,435.5640000000003,3.3077000000000023,2,5,3,62.16,32,0,0.14018691588785046
DEC_1951,ACT_043,CHEMBL286254,O=C1N[C@@H](CS)C(=O)N(Cc2ccc3ccccc3n2)[C@H]1Cc1ccc([N+](=O)[O-])cc1,436.4930000000002,2.5111,2,6,6,105.44,31,0,0.14432989690721648
DEC_1952,ACT_043,CHEMBL36685,C#C/C=C(\c1ccc(S(C)(=O)=O)cc1)c1ccc2nc(N)n(S(=O)(=O)C(C)C)c2c1,443.5500000000002,2.6732000000000014,1,6,5,112.11999999999998,30,0,0.1511627906976744
DEC_1953,ACT_043,CHEMBL415108,C/C=C(/C)C(=O)O[C@@]12C[C@@H](C)[C@]3(O)C4C=C(C)C(=O)[C@@]4(O)CC(CO)=C[C@H]3[C@@H]1C2(C)C,430.5410000000002,2.476400000000001,3,6,3,104.06,31,0,0.15294117647058825
DEC_1954,ACT_043,CHEMBL32487,C=C1/C=C(\C)[C@H](CC)OC(=O)[C@H](C)C(=O)[C@@](O)(CO)C/C(OCC(F)(F)F)=C/[C@@H](C)C1,448.4780000000002,3.6320000000000023,2,6,4,93.06000000000002,31,0,0.15463917525773196
DEC_1955,ACT_043,CHEMBL8794,CC(C)=CC[C@@H](OC(=O)C(Cl)(Cl)Cl)C1=CC(=O)c2c(O)ccc(O)c2C1=O,433.6710000000002,4.041500000000004,2,6,4,100.9,27,0,0.15476190476190477
DEC_1956,ACT_043,CHEMBL282156,O=[N+]([O-])c1cccc2[nH]c3c(N4CCN(CCc5ccc(F)c(F)c5)CC4)ncnc3c12,438.4380000000001,3.662200000000002,1,6,5,91.19,32,0,0.1568627450980392
DEC_1957,ACT_043,CHEMBL279688,CC(C)CCn1c(=O)c2nc(-c3ccc(S(=O)(=O)O)cc3)[nH]c2n(CC(C)C)c1=O,434.5180000000002,2.5021000000000004,2,5,7,127.05000000000001,30,0,0.15730337078651685
DEC_1958,ACT_043,CHEMBL25963,Cc1cc(-n2ncc(=O)[nH]c2=O)cc(C)c1Sc1ccc(I)cc1,451.28900000000004,3.2934400000000013,1,4,3,67.75,24,0,0.15789473684210525
DEC_1959,ACT_043,CHEMBL12698,CC1(C)C=C(n2ccccc2=O)c2cc(S(=O)(=O)Nc3ccc([N+](=O)[O-])cc3)ccc2O1,453.47600000000017,3.6175000000000024,1,6,5,120.54,32,0,0.15841584158415842
DEC_1960,ACT_043,CHEMBL25731,CNc1nccc2c1c1ncnc(N3CCN(CCc4ccc(F)c(F)c4)CC3)c1n2C,437.4980000000001,3.201100000000002,1,6,5,62.11000000000001,32,0,0.15841584158415842
DEC_1961,ACT_043,CHEMBL35108,Br.Br.N=c1ccn(CCCCCCn2ccc(=N)cc2)cc1,432.20400000000024,3.6649400000000014,2,2,7,57.56,22,0,0.15873015873015872
DEC_1962,ACT_043,CHEMBL25867,O=[N+]([O-])c1ccc2[nH]c3c(N4CCN(CCc5ccc(F)c(F)c5)CC4)ncnc3c2c1,438.4380000000001,3.662200000000002,1,6,5,91.19,32,0,0.16
DEC_1963,ACT_043,CHEMBL36963,CCCn1c(=O)c2nc(-c3ccc(I)cc3)[nH]c2n(CCC)c1=O,438.2690000000002,2.977900000000001,1,3,5,72.68,24,0,0.16176470588235295
DEC_1964,ACT_043,CHEMBL6332,Cn1cc(C2=C(c3cn(CCCCC(=N)N)c4ccccc34)C(=O)NC2=O)c2ccccc21,439.5190000000001,3.806470000000002,3,3,7,105.9,33,0,0.16883116883116883
DEC_1965,ACT_043,CHEMBL267126,Cn1cc(C2=C(c3cn(CCSC(=N)N)c4ccccc34)C(=O)NC2=O)c2ccccc21,443.53200000000015,3.3268700000000013,3,4,5,105.9,32,0,0.16883116883116883
DEC_1966,ACT_043,CHEMBL9490,CC(C)(C)/N=C(\N)c1ccc(N2CCCN(c3ccc(/C(N)=N/C(C)(C)C)cc3)CC2)cc1,448.6590000000003,4.410900000000003,2,4,4,83.24,33,0,0.16883116883116883
DEC_1967,ACT_043,CHEMBL29472,NS(=O)(=O)c1ccc(-n2nc(C(F)(F)F)cc2-c2ccc(Br)s2)cc1,452.27700000000004,4.029500000000001,1,4,3,77.98,25,0,0.16883116883116883
DEC_1968,ACT_043,CHEMBL6994,Cc1c(N2C[C@H](C3(N)CC3)C(F)(F)C2)c(F)c(N)c2c(=O)c(C(=O)O)cn([C@@H]3C[C@@H]3F)c12,454.4240000000002,2.575120000000001,3,5,4,114.57999999999998,32,0,0.16964285714285715
DEC_1969,ACT_043,CHEMBL24638,O=C(O)CCC(=O)N1CCC2(CCC(C(=O)N3CCC(C4CCNCC4)CC3)CC2)CC1,447.6200000000004,2.8884000000000007,2,4,5,89.95,32,0,0.17073170731707318
DEC_1970,ACT_043,CHEMBL38199,Brc1cccc(Nc2ncnc3cc4c(cnn4CCN4CCOCC4)cc23)c1,453.34400000000034,3.817800000000002,1,6,5,68.10000000000001,29,0,0.175
DEC_1971,ACT_043,CHEMBL416515,O=C1[C@@H](NS(=O)(=O)c2ccc(-c3ccncc3)s2)CCN1Cc1cc2c[nH]ccc-2n1,453.54900000000026,2.7174000000000005,2,6,6,108.05,31,0,0.17592592592592593
DEC_1972,ACT_043,CHEMBL266983,O=C1[C@@H](NS(=O)(=O)c2ccc(-c3ccncc3)s2)CCN1Cc1cc2cc[nH]cc-2n1,453.54900000000026,2.7174000000000005,2,6,6,108.05,31,0,0.17592592592592593
DEC_1973,ACT_043,CHEMBL275021,CSc1ccc(C#CCC2(S(=O)(=O)c3ccc(F)cc3)SC(=O)NC2=O)cc1,435.5230000000001,3.442400000000002,1,6,4,80.31,28,0,0.17647058823529413
DEC_1974,ACT_043,CHEMBL34663,COc1ccc2c3c1OC1C4NC(C(=O)OCC(C)C)=C(C)C4CC4C(C2)N(C)CCC341,438.5680000000003,3.035300000000001,1,6,4,60.03000000000001,32,0,0.17647058823529413
DEC_1975,ACT_043,CHEMBL9983,COc1ccc2c3c1OC1[C@H](O)[C@](CO)(CCCc4ccccc4)CC4C(C2)N(C)CCC341,449.59100000000024,3.3366000000000016,2,5,6,62.160000000000004,33,0,0.17894736842105263
DEC_1976,ACT_043,CHEMBL21756,CN1CCN(c2ccc(-c3cc(NCCCN4CCOCC4)c4ccccc4n3)cc2)CC1,445.6110000000002,3.7878000000000034,1,6,7,43.870000000000005,33,0,0.17894736842105263
DEC_1977,ACT_043,CHEMBL28584,Fc1ccc(CCN2CCN(c3[nH]cnc4c5c(Cl)cccc5nc3-4)CC2)cc1F,427.8860000000002,4.3590000000000035,1,4,4,48.05,30,0,0.1797752808988764
DEC_1978,ACT_043,CHEMBL32527,CCN(CC)CCNC(=O)c1c2c(cc3oc4ccccc4c(=O)c13)OC(C)(C)C=C2,420.5090000000002,4.2020000000000035,1,5,6,71.78,31,0,0.1797752808988764
DEC_1979,ACT_043,CHEMBL430925,N#Cc1cccc2nc3c(N4CCN(CCc5ccc(F)c(F)c5)CC4)[nH]cnc-3c12,418.4510000000001,3.577280000000002,1,5,4,71.84,31,0,0.18
DEC_1980,ACT_043,CHEMBL21042,CN(C)CCCn1c2ccccc2c2c3c(c4c5ccccc5cnc4c21)C(=O)NC3=O,422.48800000000017,4.3312000000000035,1,4,4,67.23,32,0,0.18072289156626506
DEC_1981,ACT_043,CHEMBL16406,O=C(c1ccccc1)c1c(O)n(O)c2cc(NS(=O)(=O)c3cccs3)ccc12,414.4640000000001,3.677500000000001,3,6,5,108.63,28,0,0.18181818181818182
DEC_1982,ACT_043,CHEMBL20185,Clc1cc2nc(C3CCNCC3)n(CCCCCn3cnnc3)c2cc1Cl,407.34900000000005,4.272100000000004,1,4,7,60.56,27,0,0.18181818181818182
DEC_1983,ACT_043,CHEMBL11824,O=C1CC2(CCCC2)CC(=O)N1CCCCNCC1COc2cc3ccccc3cc2O1,436.5520000000002,4.058800000000002,1,5,7,67.87,32,0,0.18181818181818182
DEC_1984,ACT_043,CHEMBL435953,CCCC1=NC2(CCOCC2)C(=O)N1Cc1ccc(-c2ccccc2-c2nn[nH]n2)cc1,430.51200000000006,3.623700000000002,1,6,6,96.36,32,0,0.18181818181818182
DEC_1985,ACT_043,CHEMBL416699,CN1CCC23c4c5ccc(O)c4OC2[C@H](O)[C@](CO)(CCCCc2ccccc2)CC3C1C5,449.5910000000003,3.423700000000002,3,5,6,73.16000000000001,33,0,0.1827956989247312
DEC_1986,ACT_043,CHEMBL24671,O=C(O)CN1CCC2(CCC(C(=O)N3CCC(C4CCCCC4)CC3)CC2)CC1,404.5950000000004,4.162300000000003,1,3,4,60.85,29,0,0.18292682926829268
DEC_1987,ACT_043,CHEMBL12273,O=C1NC(=O)C(CC#Cc2ccc(Cl)cc2)(S(=O)(=O)c2ccc(F)cc2)S1,423.87400000000014,3.3739000000000017,1,5,3,80.31,27,0,0.18309859154929578
DEC_1988,ACT_043,CHEMBL11815,O=C1NC(=O)C(CC#Cc2ccc(F)cc2)(S(=O)(=O)c2ccc(Cl)cc2)S1,423.87400000000014,3.3739000000000017,1,5,3,80.31,27,0,0.18309859154929578
DEC_1989,ACT_043,CHEMBL268769,CN(C)CCCn1cc(C2=C(c3cn(C)c4ccccc34)C(=O)NC2=O)c2ccccc21,426.52000000000015,3.651900000000002,1,3,6,59.27,32,0,0.18421052631578946
DEC_1990,ACT_043,CHEMBL280842,O=C(O)c1cn(C2CC2)c2c(F)c(N3CCOC(CN4CCCCC4)C3)c(F)cc2c1=O,447.48200000000037,3.0039000000000016,1,5,5,75.01,32,0,0.18446601941747573
DEC_1991,ACT_043,CHEMBL276884,Cl.O=C(C1CCCN1)N1CCCC1P(=O)(OCC(F)(F)F)OCC(F)(F)F,448.72800000000007,3.4596000000000027,1,5,6,67.87,27,0,0.18478260869565216
DEC_1992,ACT_043,CHEMBL9836,CN1CCC23c4c5ccc(O)c4OC2[C@H](O)[C@](CO)(CCCc2ccccc2)CC3C1C5,435.56400000000025,3.0336000000000016,3,5,5,73.16000000000001,32,0,0.18478260869565216
DEC_1993,ACT_043,CHEMBL12173,O=C1NC(=O)C(CC#Cc2ccc(F)c(F)c2)(S(=O)(=O)c2ccc(F)cc2)S1,425.4090000000001,2.998700000000002,1,5,3,80.31,28,0,0.18518518518518517
DEC_1994,ACT_043,CHEMBL8433,O=C1[C@@H](NS(=O)(=O)c2ccc(-c3ccncc3)s2)CCN1Cc1cc2[nH]cccc-2n1,453.54900000000026,2.7174000000000005,2,6,6,108.05,31,0,0.18518518518518517
DEC_1995,ACT_043,CHEMBL26396,CCN1C(=O)c2c(nc(C#Cc3ccccc3)n2Cc2ccc(O)cc2)N2C1=N[C@@H]1CCC[C@@H]12,451.53000000000026,3.609600000000002,1,5,3,73.96000000000001,34,0,0.18556701030927836
DEC_1996,ACT_043,CHEMBL285493,O=C(O)c1cn(-c2ccc(F)cc2F)c2nc(N3CCC(=NO)CC3)c(F)cc2c1=O,432.35800000000023,2.9316000000000004,2,6,3,108.02000000000001,31,0,0.18556701030927836
DEC_1997,ACT_043,CHEMBL487704,CCN1C(=O)c2c(nc(C(F)(F)F)n2Cc2ccc(O)cc2)N2C1=N[C@@H]1CCC[C@@H]12,419.40700000000015,3.228600000000002,1,5,3,73.96000000000001,30,0,0.18604651162790697
DEC_1998,ACT_043,CHEMBL708,O=C1Cc2cc(CCN3CCN(c4nsc5ccccc45)CC3)c(Cl)cc2N1,412.9460000000002,3.809000000000002,1,5,4,48.470000000000006,28,0,0.18604651162790697
DEC_1999,ACT_043,CHEMBL281778,CCCc1cc([S+](C)[O-])cc(=O)n1Cc1ccc(-c2ccccc2-c2nn[nH]n2)cc1,433.5370000000001,3.433600000000002,1,5,7,99.52,31,0,0.18604651162790697
DEC_2000,ACT_044,CHEMBL27680,COOC1(OOC(C)(C)OC)CCCCCCCCCCC1,318.4540000000001,4.896100000000005,0,5,6,46.150000000000006,22,0,0.1125
DEC_2001,ACT_044,CHEMBL33291,COP(=O)(OC)OC(CC(C)(C)C)P(=O)(OC)OC,318.24300000000005,3.6521000000000026,0,7,8,80.29,19,0,0.12
DEC_2002,ACT_044,CHEMBL13522,CN(C)Cc1ccc(CSCc2ccc(CN(C)C)o2)o1,308.44700000000006,3.4292000000000025,0,5,8,32.760000000000005,21,0,0.12903225806451613
DEC_2003,ACT_044,CHEMBL27679,CCOC(C)OOC1(OOC)CCCCCCCCCCC1,318.4540000000001,4.896100000000005,0,5,7,46.150000000000006,22,0,0.13414634146341464
DEC_2004,ACT_044,CHEMBL20587,CCCCCCCCCc1cccc(N2C(N)=NC(N)=NC2(C)C)c1,343.5190000000001,4.165200000000002,2,5,9,80.0,25,0,0.15584415584415584
DEC_2005,ACT_044,CHEMBL7806,CCCN(CCc1ccsc1)C1CCc2c(O)cccc2C1,315.482,4.265700000000003,1,3,6,23.47,22,0,0.1590909090909091
DEC_2006,ACT_044,CHEMBL24633,CCCc1cc2c(cc1O)C(C)(C)C(CCSc1ccccn1)O2,343.492,4.960700000000005,1,4,6,42.35000000000001,24,0,0.1590909090909091
DEC_2007,ACT_044,CHEMBL21962,Cc1cc(C(SCCN(C)C)c2ccc(C(C)C)cc2)sn1,334.55400000000003,4.959120000000005,0,4,7,16.130000000000003,22,0,0.16049382716049382
DEC_2008,ACT_044,CHEMBL12610,CN(C)CCCOc1nn(Cc2ccccc2)c2ccccc12,309.413,3.4151000000000016,0,3,7,30.29,23,0,0.16279069767441862
DEC_2009,ACT_044,CHEMBL25726,CCCCc1nc(Cl)c(CO)n1Cc1ccc(/C=N/O)cc1,321.808,3.227800000000001,2,4,7,70.64,22,0,0.16279069767441862
DEC_2010,ACT_044,CHEMBL26408,C=C(c1ccccc1OCc1ccc([N+](=O)[O-])cc1)n1ccnc1,321.33599999999996,3.889300000000003,0,4,6,70.19,24,0,0.16470588235294117
DEC_2011,ACT_044,CHEMBL276096,[O-][n+]1ccc2c(c1)ncn2CCOc1ccc(Cc2ccccc2)cc1,345.402,3.339500000000002,0,3,6,53.989999999999995,26,0,0.16666666666666666
DEC_2012,ACT_044,CHEMBL14857,[O-][n+]1ccc2ncn(CCOc3ccc(Cc4ccccc4)cc3)c2c1,345.40200000000004,3.339500000000002,0,3,6,53.989999999999995,26,0,0.16666666666666666
DEC_2013,ACT_044,CHEMBL273570,N#Cc1ccc2c(ncn2CCOc2ccc(Cc3ccccc3)cc2)n1,354.41299999999995,3.972780000000003,0,4,6,63.730000000000004,27,0,0.16853932584269662
DEC_2014,ACT_044,CHEMBL285158,CCCCCCCCN1CCN(c2cccc3c2OCCO3)CC1,332.4880000000002,3.9403000000000032,0,4,8,24.94,24,0,0.16883116883116883
DEC_2015,ACT_044,CHEMBL553106,CCCCc1ccc(C(c2cc(C)ns2)N2CCN(C)CC2)cc1,343.54000000000013,4.130920000000003,0,4,6,19.370000000000005,24,0,0.17045454545454544
DEC_2016,ACT_044,CHEMBL17079,N#CCCn1nc(-c2ccc(OCc3ccccc3)cc2)oc1=S,337.40400000000005,4.365270000000002,0,5,6,63.980000000000004,24,0,0.17073170731707318
DEC_2017,ACT_044,CHEMBL277684,CCN(CC)Cc1ccc(-c2cc(S(=O)(=O)CC)ccc2OC)[nH]1,350.48400000000004,3.325700000000002,1,4,8,62.4,24,0,0.17073170731707318
DEC_2018,ACT_044,CHEMBL19819,CCC1(CC)C(=O)C(C(=O)C(C)C)=C(O)C(C(=O)C(C)C)=C1O,322.401,3.4499000000000013,2,5,6,91.67,23,0,0.1724137931034483
DEC_2019,ACT_044,CHEMBL16541,N#CCCN1N=C(c2ccc(OCc3ccccc3)cc2)OCC1=S,351.4310000000001,3.5004800000000023,0,5,6,57.85000000000001,25,0,0.1724137931034483
DEC_2020,ACT_044,CHEMBL14760,c1ccc(Cc2ccc(OCCn3cnc4ccncc43)cc2)cc1,329.403,4.101100000000003,0,3,6,39.94,25,0,0.1728395061728395
DEC_2021,ACT_044,CHEMBL14789,c1ccc(Cc2ccc(OCCn3cnc4ncncc43)cc2)cc1,330.391,3.496100000000002,0,4,6,52.83,25,0,0.1728395061728395
DEC_2022,ACT_044,CHEMBL14547,c1ccc(Cc2ccc(OCCn3cncc4ncnc3-4)cc2)cc1,330.391,3.447700000000002,0,4,6,52.83,25,0,0.1728395061728395
DEC_2023,ACT_044,CHEMBL17872,CCCN(CCC)CCc1c(Cl)cc(O)c2nc(O)sc12,328.865,4.025400000000005,2,5,7,56.59,21,0,0.1728395061728395
DEC_2024,ACT_044,CHEMBL18177,c1ccc2nc(COc3ccc(CCc4nnn[nH]4)cc3)ccc2c1,331.379,3.1121000000000008,1,5,6,76.58000000000001,25,0,0.1728395061728395
DEC_2025,ACT_044,CHEMBL278903,CCCCc1ccc(Nc2nc(SC)c3[nH]cnc3n2)cc1,313.43,4.161000000000002,2,5,6,66.49000000000001,22,0,0.17391304347826086
DEC_2026,ACT_044,CHEMBL26291,CN(C)CCCNc1c2ccccc2nc2cccc([N+](=O)[O-])c12,324.3840000000001,3.6598000000000024,1,5,6,71.3,24,0,0.17391304347826086
DEC_2027,ACT_044,CHEMBL18503,CCCCCS(=O)(=O)Oc1ccc2c(C)c(C)c(=O)oc2c1,324.3980000000001,3.3086400000000022,0,5,6,73.58000000000001,22,0,0.175
DEC_2028,ACT_044,CHEMBL286278,COOC1(OOCCC(=O)O)CCCCCCCCCCC1,318.41000000000014,3.9883000000000033,1,5,7,74.22,22,0,0.175
DEC_2029,ACT_044,CHEMBL278552,CCN(CC)CCNc1cc(-c2ccc(C)cc2)nc2ccccc12,333.4790000000001,4.963920000000004,1,3,7,28.16,25,0,0.175
DEC_2030,ACT_044,CHEMBL18341,C=CCCOc1c(OC)cc(NC(C)CCCN)c2nccc(C)c12,343.47100000000006,4.046020000000002,2,5,10,69.4,25,0,0.17525773195876287
DEC_2031,ACT_044,CHEMBL21057,O=C(O)CCC/C=C\CC1=CCC[C@@H]1NS(=O)(=O)c1ccccc1,349.4520000000001,3.254900000000002,2,3,9,83.47,24,0,0.17567567567567569
DEC_2032,ACT_044,CHEMBL275833,C=C(c1ccccc1OCC(O)CNC(C)C)n1cnc2ccccc21,351.45000000000005,3.293000000000002,2,4,8,59.31,26,0,0.17582417582417584
DEC_2033,ACT_044,CHEMBL288545,CCCCc1nc(N(C)Cc2ccccc2)c2sccc2n1,311.45400000000006,4.670300000000005,0,4,6,29.020000000000003,22,0,0.17647058823529413
DEC_2034,ACT_044,CHEMBL25697,CCc1cc(CCCCCOc2ccc(C3=NCCO3)cc2)on1,328.41200000000003,3.8056000000000028,0,5,9,56.85,24,0,0.17647058823529413
DEC_2035,ACT_044,CHEMBL28643,COOC1(OOCCC(=O)OC)CCCCCCCCCCC1,332.4370000000002,4.076700000000003,0,6,7,63.22,23,0,0.17647058823529413
DEC_2036,ACT_044,CHEMBL26272,C/C(CN(C)C)=C(\c1ccccc1OCC(C)C)n1ccnc1,313.445,3.7588000000000026,0,3,7,30.29,23,0,0.17721518987341772
DEC_2037,ACT_044,CHEMBL25785,C/C(CN(C)C)=C(/c1ccccc1OCC(C)C)n1ccnc1,313.445,3.7588000000000026,0,3,7,30.29,23,0,0.17721518987341772
DEC_2038,ACT_044,CHEMBL279577,c1ccc(Cc2ccc(OCCn3cnc4ncccc43)cc2)cc1,329.403,4.101100000000003,0,3,6,39.94,25,0,0.17721518987341772
DEC_2039,ACT_044,CHEMBL279014,CCN(CC)CCNc1ccc(C)c2sc3ccccc3c(=O)c12,340.49200000000013,4.476820000000004,1,4,6,32.34,24,0,0.17721518987341772
DEC_2040,ACT_044,CHEMBL32341,Cc1nc2c(C)ccc([N+](=O)[O-])c2c(NCCCN(C)C)c1C,316.40500000000003,3.431860000000002,1,5,6,71.3,23,0,0.17777777777777778
DEC_2041,ACT_044,CHEMBL13815,COCCOCC(=O)c1cc(C(C)(C)C)c2c(c1)C(C)(C)CO2,320.4290000000001,3.4998000000000022,0,4,6,44.760000000000005,23,0,0.1780821917808219
DEC_2042,ACT_044,CHEMBL278545,[N-]=[N+]=NC1CCC(N=[N+]=[N-])c2cc(C(=O)CC(=O)C(=O)O)ccc21,328.28800000000007,3.4097000000000017,1,5,6,168.95999999999998,24,0,0.1780821917808219
DEC_2043,ACT_044,CHEMBL25987,CNCCCNc1c2ccccc2nc2cccc([N+](=O)[O-])c12,310.3570000000001,3.3176000000000014,2,5,6,80.09,23,0,0.1791044776119403
DEC_2044,ACT_044,CHEMBL28173,CCCCCCCN1C(=O)C2CC(c3ccc(N)cc3)(C2)C1=O,314.4290000000001,3.2558000000000007,1,3,7,63.4,23,0,0.1791044776119403
DEC_2045,ACT_044,CHEMBL25874,O=C(O)CCCNc1c2ccccc2nc2cccc([N+](=O)[O-])c12,325.3240000000001,3.5729000000000024,2,5,6,105.36000000000001,24,0,0.1794871794871795
DEC_2046,ACT_044,CHEMBL26416,C=C(c1ccccc1OCCOc1ccccc1)n1ccnc1,306.36499999999995,3.8599000000000023,0,3,7,36.28,23,0,0.1794871794871795
DEC_2047,ACT_044,CHEMBL14814,c1ccc(Cc2ccc(OCCn3ccc4ncnc-4c3)cc2)cc1,329.403,4.052700000000002,0,3,6,39.94,25,0,0.1794871794871795
DEC_2048,ACT_044,CHEMBL14739,c1ccc(Cc2ccc(OCCn3cccc4ncnc3-4)cc2)cc1,329.403,4.052700000000002,0,3,6,39.94,25,0,0.1794871794871795
DEC_2049,ACT_044,CHEMBL286059,O=c1oc2ncccc2n1CCCCN1CCC(c2ccccc2)CC1,351.45000000000005,3.649300000000003,0,4,6,51.27,26,0,0.1794871794871795
DEC_2050,ACT_045,CHEMBL16470,CN(C)CC(c1ccccc1)c1nnc2n1-c1ccc(I)cc1C(c1ccccc1)=NC2,533.417,4.916400000000004,0,4,5,46.31,32,0,0.1485148514851485
DEC_2051,ACT_045,CHEMBL292155,CC1(C)CC[C@]2(C(=O)O)CC[C@@](C)([C@]3(C)CC[C@H]4C(C)(C)C(=O)CC[C@]4(C)[C@H]3CC(=O)O)C(=O)C2C1,502.69200000000035,6.155500000000006,2,4,4,108.74000000000001,36,0,0.15384615384615385
DEC_2052,ACT_045,CHEMBL6295,CCC(c1ccc(O)c(I)c1)C(CC)c1ccc(O)c(I)c1,522.1640000000001,5.994400000000005,2,2,5,40.46,22,0,0.15789473684210525
DEC_2053,ACT_045,CHEMBL284499,CC(C)(C)c1ccc(/C=C2\CS(=O)(=O)CC3C2=NN(CC2CC2)C3c2ccc(C(C)(C)C)cc2)cc1,504.74000000000024,6.532500000000008,0,4,4,49.74,36,0,0.16129032258064516
DEC_2054,ACT_045,CHEMBL26708,Oc1ccc2c3c1O[C@H]1c4c(c5ccccc5n4Cc4ccccc4)C[C@@]4(O)C(C2)N(CC2CC2)CCC314,504.6300000000004,5.094300000000006,2,4,4,57.86000000000001,38,0,0.16494845360824742
DEC_2055,ACT_045,CHEMBL55305,Oc1ccc2c3c1O[C@H]1c4c(c5ccccc5n4Cc4ccccc4)C[C@@]4(O)[C@@H](C2)N(CC2CC2)CC[C@]314,504.6300000000004,5.094300000000006,2,4,4,57.86000000000001,38,0,0.16494845360824742
DEC_2056,ACT_045,CHEMBL435570,CCCN1N=C2/C(=C/c3ccc(C(C)(C)C)cc3)CS(=O)(=O)CC2C1c1ccc(C(C)(C)C)cc1,492.7290000000002,6.532500000000008,0,4,4,49.74,35,0,0.16853932584269662
DEC_2057,ACT_045,CHEMBL17473,CC(C)C(=O)N(c1ccc([N+](=O)[O-])cc1)[C@H]1CCC2C3CC[C@H]4N(C)C(=O)CC[C@]4(C)C3CC[C@@]21C,495.6640000000004,5.8158000000000065,0,4,4,83.75999999999999,36,0,0.1686746987951807
DEC_2058,ACT_045,CHEMBL287906,O=C(O)CCCn1cc(C(=O)c2ccc3c(c2)OC(c2ccccc2)(c2ccccc2)O3)c2ccccc21,503.5540000000002,6.4096000000000055,1,4,8,77.76,38,0,0.1686746987951807
DEC_2059,ACT_045,CHEMBL6664,CCC(c1ccc(O)cc1)C(CC)c1cc(I)c(O)c(I)c1,522.1640000000001,5.994400000000005,2,2,5,40.46,22,0,0.17391304347826086
DEC_2060,ACT_045,CHEMBL27677,N#CC1=C(c2cccc3ccccc23)CN(C(=O)Cc2cncn2Cc2ccc(C#N)c(Cl)c2)CC1,491.9820000000002,5.361860000000004,0,4,5,85.71000000000001,36,0,0.1743119266055046
DEC_2061,ACT_045,CHEMBL289280,CCCN1N=C2/C(=C/c3cccc(C(F)(F)F)c3)CS(=O)(=O)CC2C1c1cccc(C(F)(F)F)c1,516.5070000000002,5.975100000000005,0,4,4,49.74,35,0,0.1744186046511628
DEC_2062,ACT_045,CHEMBL10114,COc1ccc2c3c1OC1[C@@H](O)[C@](C)(CCCCc4ccccc4)CC4C(C2)N(CC2CCC2)CCC341,501.71100000000035,5.924600000000006,1,4,8,41.93,37,0,0.17592592592592593
DEC_2063,ACT_045,CHEMBL286791,N#CN=C1N(CC2CCCC2)[C@H](Cc2ccccc2)[C@H](O)[C@@H](O)[C@@H](Cc2ccccc2)N1CC1CCCC1,514.7140000000003,4.765880000000005,2,4,8,83.09,38,0,0.17647058823529413
DEC_2064,ACT_045,CHEMBL269372,CC1(C)C(=O)N(c2ccc(C#N)c(C(F)(F)F)c2)C(=O)N1CCc1ccc(I)cc1,527.2840000000002,4.971580000000004,0,3,4,64.41,30,0,0.17857142857142858
DEC_2065,ACT_045,CHEMBL287515,O=S(=O)(c1ccccc1)N1C[C@H](CN2CCC3(CC2)CSc2ccccc23)[C@@H](c2ccccc2)C1,504.72100000000023,5.230400000000006,0,4,5,40.620000000000005,35,0,0.17857142857142858
DEC_2066,ACT_045,CHEMBL284487,O=S(=O)(c1ccccc1)N1C[C@@H](CN2CCC3(CC2)CSc2ccccc23)[C@@H](c2ccccc2)C1,504.72100000000023,5.230400000000006,0,4,5,40.620000000000005,35,0,0.17857142857142858
DEC_2067,ACT_045,CHEMBL12429,Clc1cccc(N2CCN(CCCn3c4c(c5ccccc53)CCN(CCc3ccccn3)C4)CC2)c1,514.1170000000004,5.502800000000005,0,4,8,27.54,37,0,0.17894736842105263
DEC_2068,ACT_045,CHEMBL28676,CN1C(=O)c2c(nc(-c3ccc(C4CCCCC4)cc3)n2Cc2ccccc2)N2CC3(CCCC3)N=C12,493.6550000000003,6.220500000000007,0,4,4,53.730000000000004,37,0,0.1792452830188679
DEC_2069,ACT_045,CHEMBL276565,O=S1(=O)c2cccc3cccc(c23)N1CCCN1CC=C(c2c[nH]c3ccc(Br)cc23)CC1,522.4680000000001,5.7717000000000045,1,3,5,56.410000000000004,33,0,0.1797752808988764
DEC_2070,ACT_045,CHEMBL9596,COc1ccc2c3c1OC1C(=O)[C@](C)(CCCCc4ccccc4)CC4C(C2)N(CC2CCC2)CCC314,499.69500000000033,6.132800000000007,0,4,8,38.77,37,0,0.18
DEC_2071,ACT_045,CHEMBL32143,N#CN=C1N(Cc2ccccc2)[C@H](Cc2ccccc2)[C@H](O)[C@@H](O)[C@@H](Cc2ccccc2)N1Cc1ccccc1,530.6720000000003,4.785880000000005,2,4,8,83.09,40,0,0.18032786885245902
DEC_2072,ACT_045,CHEMBL38080,Cn1cncc1C(N)(c1ccc(Cl)cc1)c1cc2c3c(c1)c(-c1cccc(Cl)c1)cc(=O)n3CCO2,517.4160000000004,5.351800000000004,1,4,4,75.07000000000001,36,0,0.18085106382978725
DEC_2073,ACT_045,CHEMBL11349,O=C(O)c1cc(Br)cc(C(=O)/C=C/c2cccc(/C=C/c3ccc4ccccc4n3)c2)c1O,500.3480000000002,6.4676000000000045,2,4,6,87.49,33,0,0.18292682926829268
DEC_2074,ACT_045,CHEMBL303035,O=C1N(CC2CC2)[C@H](Cc2ccc3ccccc3c2)[C@H](O)[C@@H](O)[C@@H](Cc2ccc3ccccc3c2)N1CC1CC1,534.7000000000002,5.794800000000007,2,3,8,64.01,40,0,0.18292682926829268
DEC_2075,ACT_045,CHEMBL286248,Cc1c(C(=O)c2ccc(Br)c3ccccc23)c2cccc3c2n1C(CN1CCOCC1)CO3,505.4120000000004,5.362120000000007,0,4,4,43.7,33,0,0.1836734693877551
DEC_2076,ACT_045,CHEMBL45486,O=C(CCCn1c2c(c(=O)n3nc(-c4ccccc4)cc13)CN(C1CCCCC1)C2=O)c1ccccc1,494.5950000000004,5.114600000000005,0,4,7,76.68,37,0,0.1839080459770115
DEC_2077,ACT_045,CHEMBL279928,CN(C(=O)Oc1c(C(C)(C)C)cccc1C(C)(C)C)S(=O)(=O)NC(c1ccccc1)c1ccccc1,508.68400000000014,6.336200000000007,1,4,6,75.71,36,0,0.18421052631578946
DEC_2078,ACT_045,CHEMBL39274,Cn1cncc1C(O)(c1ccc(Cl)cc1)c1cc2c3c(c1)c(-c1cccc(Cl)c1)cc(=O)n3CO2,504.3730000000003,5.342900000000005,1,4,4,69.28,35,0,0.18446601941747573
DEC_2079,ACT_045,CHEMBL19465,CC(=O)N1CCN(C(=O)/C=C/c2ccc(Sc3ccc4[nH]cc(CN(C)C)c4c3)c(Cl)c2)CC1,497.0640000000003,4.738000000000004,1,4,6,59.650000000000006,34,0,0.18478260869565216
DEC_2080,ACT_045,CHEMBL9390,CC1(C)C(=O)N(c2ccc(C#N)c(C(F)(F)F)c2)C(=O)N1CCc1cccc(I)c1,527.2840000000001,4.971580000000004,0,3,4,64.41,30,0,0.18604651162790697
DEC_2081,ACT_045,CHEMBL283542,O=C1CN(Cc2cncn2Cc2ccc(-c3cc(Cl)cc(Cl)c3)cc2)CCN1c1cccc(Cl)c1,525.8670000000002,6.407400000000006,0,3,6,41.370000000000005,35,0,0.18604651162790697
DEC_2082,ACT_045,CHEMBL40088,Cn1cncc1C(N)(c1ccc(Cl)cc1)c1ccc2c(c1)c(-c1cccc(Cl)c1)nc(=O)n2C,490.39400000000023,4.8914000000000035,1,4,4,78.73000000000002,34,0,0.18604651162790697
DEC_2083,ACT_045,CHEMBL283380,O=C1CN(Cc2cncn2Cc2ccc(-c3cccc(C(F)(F)F)c3)cc2)CCN1c1cccc(Cl)c1,524.9740000000002,6.119400000000005,0,3,6,41.370000000000005,37,0,0.18691588785046728
DEC_2084,ACT_045,CHEMBL23217,O=C1CN(Cc2cncn2Cc2ccc(-c3cccc(Cl)c3)cc2)CCN1c1cccc(Cl)c1,491.42200000000025,5.754000000000005,0,3,6,41.370000000000005,34,0,0.18823529411764706
DEC_2085,ACT_045,CHEMBL289228,Cn1cncc1[C@@](N)(c1ccc(Cl)cc1)c1ccc2c(c1)c(-c1cccc(Cl)c1)cc(=O)n2C,489.40600000000023,5.496400000000004,1,3,4,65.84,34,0,0.18823529411764706
DEC_2086,ACT_045,CHEMBL23239,O=C1CN(Cc2cncn2Cc2ccc(-c3ccc(Cl)cc3)nc2)CCN1c1cccc(Cl)c1,492.4100000000002,5.1490000000000045,0,4,6,54.260000000000005,34,0,0.18888888888888888
DEC_2087,ACT_045,CHEMBL26483,O=C(CN1CN(c2ccccc2)C2(CCN(C3CCc4cccc(Cl)c4C3)CC2)C1=O)c1ccccc1,514.0690000000003,5.221100000000005,0,4,5,43.86000000000001,37,0,0.18888888888888888
DEC_2088,ACT_045,CHEMBL39324,Cn1cncc1C(N)(c1ccc(Cl)cc1)c1cc2c3c(c1)c(-c1cccc(Cl)c1)cc(=O)n3CC2,501.41700000000037,5.515500000000004,1,3,4,65.84,35,0,0.18888888888888888
DEC_2089,ACT_045,CHEMBL20965,CC(=O)N1CCc2ccc(N(C3CCN(Cc4ccccc4)CC3)S(=O)(=O)/C=C/c3ccccc3)cc21,515.6790000000002,5.067300000000006,0,4,7,60.93000000000001,37,0,0.19
DEC_2090,ACT_045,CHEMBL430532,CC(=O)N1CCc2ccc(N(C(=O)C/C=C/c3ccccc3)C3CCN(Cc4ccccc4)CC3)cc21,493.6510000000003,5.696700000000007,0,3,7,43.86000000000001,37,0,0.19
DEC_2091,ACT_045,CHEMBL23218,O=C1CN(Cc2cncn2Cc2ccc(-c3ccc(Cl)cc3)cc2)CCN1c1cccc(Cl)c1,491.42200000000014,5.754000000000005,0,3,6,41.370000000000005,34,0,0.19047619047619047
DEC_2092,ACT_045,CHEMBL49870,O=C1N(Cc2ccccc2)[C@H](Cc2ccccc2)[C@H](O)CN(Cc2ccccc2)N1Cc1ccccc1,491.6350000000002,5.513800000000005,1,3,8,47.02000000000001,37,0,0.19047619047619047
DEC_2093,ACT_045,CHEMBL12460,Fc1ccc(C(c2ccc(F)cc2)N2CCN(CCCN3CCc4c([nH]c5ccccc45)C3)CC2)cc1,500.63700000000034,5.601500000000005,1,3,7,25.509999999999998,37,0,0.19101123595505617
DEC_2094,ACT_045,CHEMBL290833,Cn1cncc1C(O)(c1ccc(Cl)cc1)c1cc2c3c(c1)c(-c1cccc(Cl)c1)cc(=O)n3CCO2,518.4000000000003,5.385400000000005,1,4,4,69.28,36,0,0.19148936170212766
DEC_2095,ACT_045,CHEMBL300259,O=C1NCN(c2ccc(F)cc2)C12CCN(CCCN(c1ccc(F)cc1)c1ccc(F)cc1)CC2,494.56100000000015,5.060600000000004,1,4,7,38.82000000000001,36,0,0.19230769230769232
DEC_2096,ACT_045,CHEMBL285377,O=C1N(Cc2ccccc2)CN(c2ccccc2)C12CCN(C1CCc3c(Cl)ccc(Cl)c3C1)CC2,520.5040000000004,6.191800000000006,0,3,4,26.790000000000006,36,0,0.1927710843373494
DEC_2097,ACT_045,CHEMBL49991,O=C1NCN(c2cccc(F)c2)C12CCN(CCCN(c1ccc(F)cc1)c1ccc(F)cc1)CC2,494.56100000000015,5.060600000000004,1,4,7,38.82000000000001,36,0,0.1927710843373494
DEC_2098,ACT_045,CHEMBL282881,O=C1c2cc3ccccc3cc2C(=O)N1CCCCCn1c(C2CCNCC2)nc2cc(Cl)c(Cl)cc21,535.4750000000003,6.4298000000000055,1,4,7,67.23,37,0,0.1927710843373494
DEC_2099,ACT_045,CHEMBL47719,O=C(Cn1c2c(c(=O)n3nc(-c4ccccc4)cc13)CN(C1CCCCC1)C2=O)c1ccc2ccccc2c1,516.6010000000005,5.487600000000006,0,4,5,76.68,39,0,0.19318181818181818
DEC_2100,ACT_046,CHEMBL26674,C1CCN(P2(N3CCCC3)=NP(N3CC3)(N3CC3)=NP(N3CC3)(N3CC3)=N2)C1,443.41700000000026,3.292600000000002,0,9,6,55.599999999999994,28,0,0.08196721311475409
DEC_2101,ACT_046,CHEMBL11775,CC(=O)O[C@@H]1O[C@@H]2O[C@@H](OC(C)=O)[C@@H]3CC[C@H]([C@H]1CC/C=C(\C)CCC=C(C)C)[C@H]23,420.5460000000003,4.882800000000004,0,6,8,71.06,30,0,0.1134020618556701
DEC_2102,ACT_046,CHEMBL275719,CC(=O)O[C@H]1O[C@@H]2O[C@@H](OC(C)=O)[C@@H]3CC[C@H]([C@@H]1CC/C=C(\C)CCC=C(C)C)[C@H]23,420.5460000000003,4.882800000000004,0,6,8,71.06,30,0,0.1134020618556701
DEC_2103,ACT_046,CHEMBL418341,CC(=O)O[C@H]1O[C@@H]2O[C@@H](OC(C)=O)[C@@H]3CC[C@H]([C@H]1CC/C=C(\C)CCC=C(C)C)[C@H]23,420.5460000000003,4.882800000000004,0,6,8,71.06,30,0,0.1134020618556701
DEC_2104,ACT_046,CHEMBL9930,CCCCCn1cnc2c(C#CC#Cc3ncnc4c3ncn4CCCCC)ncnc21,426.52800000000025,3.7496000000000027,0,6,8,87.2,32,0,0.14606741573033707
DEC_2105,ACT_046,CHEMBL6584,CN(C)/C=N\c1nc(/N=C/N(C)C)nc2ncc(Sc3ccc(Cl)c(Cl)c3)nc12,449.3710000000002,4.320600000000003,0,7,6,82.76,29,0,0.14634146341463414
DEC_2106,ACT_046,CHEMBL274583,CC1(C)COP(=O)(C(CCC(=O)c2ccoc2)P2(=O)OCC(C)(C)CO2)OC1,434.3620000000003,5.100800000000005,0,8,6,101.27000000000002,28,0,0.14925373134328357
DEC_2107,ACT_046,CHEMBL9410,CCCCCn1cnc2c(C#Cc3ncnc4c3ncn4CCCCC)ncnc21,402.50600000000026,3.7462000000000026,0,6,8,87.2,30,0,0.14942528735632185
DEC_2108,ACT_046,CHEMBL27285,COC1(c2csc(Sc3ccc4c(c3)OCC/C4=N\OCC#N)c2)CCOCC1,430.55100000000033,4.578180000000004,0,8,6,73.07,29,0,0.15
DEC_2109,ACT_046,CHEMBL283654,COC1(c2cc(F)cc(Sc3ccc4c(c3)CC/C4=N\OCC#N)c2)CCOCC1,426.5130000000003,4.819480000000005,0,6,6,63.84,30,0,0.15151515151515152
DEC_2110,ACT_046,CHEMBL24239,COC1(c2csc(Sc3ccc4c(c3)CC/C4=N\OCC#N)c2)CCOCC1,414.5520000000003,4.7418800000000045,0,7,6,63.84,28,0,0.15306122448979592
DEC_2111,ACT_046,CHEMBL26150,CN(C)c1nccc2c1c1ncnc(N3CCN(CCc4ccc(F)c(F)c4)CC3)c1n2C,451.5250000000002,3.2254000000000014,0,6,5,53.32000000000001,33,0,0.15555555555555556
DEC_2112,ACT_046,CHEMBL278895,CCN(CC)c1nc(C)nc2c1sc(=O)n2-c1ccc(C(C)C)cc1Br,435.3910000000001,4.882720000000004,0,5,5,51.02,26,0,0.15730337078651685
DEC_2113,ACT_046,CHEMBL288700,O=C1c2ccccc2S(=O)(=O)N1COP(=O)(Oc1ccccc1)Oc1ccccc1,445.3890000000001,4.071300000000003,0,7,7,99.21000000000001,30,0,0.15730337078651685
DEC_2114,ACT_046,CHEMBL275866,C(=C/c1ccc2ccccc2n1)\c1ccc(OCc2ccccc2Cc2nnn[nH]2)cc1,419.48800000000006,5.088100000000005,1,5,7,76.58000000000001,32,0,0.1590909090909091
DEC_2115,ACT_046,CHEMBL21966,N#C/C(=C\c1ccccc1OCCN1CCN(c2ccccc2)CC1)c1noc2ccccc12,450.54200000000014,5.092980000000005,0,6,7,65.53,34,0,0.1595744680851064
DEC_2116,ACT_046,CHEMBL284676,COc1nccc2c1c1ncnc(N3CCN(CCc4ccc(F)c(F)c4)CC3)c1n2C,438.48200000000014,3.168000000000002,0,6,5,59.31000000000001,32,0,0.16129032258064516
DEC_2117,ACT_046,CHEMBL21786,N#C/C(=C\c1ccccc1OCCCCN1CCOCC1)c1noc2ccccc12,403.4820000000001,4.383180000000004,0,6,8,71.52,30,0,0.1619047619047619
DEC_2118,ACT_046,CHEMBL417091,COCCN(CCOC)c1nc(C)nc2c1sc(=S)n2-c1c(C)cc(C)cc1C,432.6150000000002,4.544370000000004,0,7,8,52.410000000000004,29,0,0.16304347826086957
DEC_2119,ACT_046,CHEMBL25692,COC1(c2cc(F)cc(Sc3ccc4c(c3)OCC/C4=N\OCC#N)c2)CCOCC1,442.5120000000004,4.655780000000004,0,7,6,73.07,31,0,0.16346153846153846
DEC_2120,ACT_046,CHEMBL286846,COP(=O)(OC)OC(c1cccc(Br)c1)P(=O)(OC)OC,403.10200000000015,4.351100000000003,0,7,8,80.29,21,0,0.16455696202531644
DEC_2121,ACT_046,CHEMBL416416,CN1CCN(CCCN2N=C3/C(=C/c4ccccc4)CSCC3C2c2ccccc2)CC1,446.66400000000027,4.483400000000004,0,5,6,22.08,32,0,0.16470588235294117
DEC_2122,ACT_046,CHEMBL287223,CN1CCN(CCCN2N=C3/C(=C/c4ccccc4)COCC3C2c2ccccc2)CC1,430.5960000000003,3.7668000000000026,0,5,6,31.31,32,0,0.16470588235294117
DEC_2123,ACT_046,CHEMBL287463,CCN(CC)CCn1nc2c3c(c(NCCN4CCOC4=O)ccc31)Sc1ccccc1-2,451.5960000000002,4.373800000000003,1,6,9,62.63,32,0,0.16483516483516483
DEC_2124,ACT_046,CHEMBL277948,N#C/C(=C\c1ccc(OCCN2CCOCC2)cc1)c1noc2ccc(Cl)cc12,409.873,4.256380000000004,0,6,6,71.52,29,0,0.16666666666666666
DEC_2125,ACT_046,CHEMBL18699,c1ccc(OCc2nn[nH]n2)c(COc2ccc(OCc3ccc4ccccc4n3)cc2)c1,439.4750000000002,4.484900000000003,1,7,9,95.04,33,0,0.16666666666666666
DEC_2126,ACT_046,CHEMBL21987,CC[C@@](OC)(c1cc(F)cc(OCc2ccc3c(ccc(=O)n3C)c2)c1)c1nccs1,438.5240000000001,5.013100000000004,0,5,7,53.35,31,0,0.16666666666666666
DEC_2127,ACT_046,CHEMBL442334,CC[C@](OC)(c1cc(F)cc(OCc2ccc3c(ccc(=O)n3C)c2)c1)c1nccs1,438.5240000000001,5.013100000000004,0,5,7,53.35,31,0,0.16666666666666666
DEC_2128,ACT_046,CHEMBL30212,O=C(O)Cc1cc([N+](=O)[O-])c([N+](=O)[O-])cc1Oc1c(Cl)cc(Cl)cc1[N+](=O)[O-],432.12800000000016,4.137400000000001,1,8,7,175.95,28,0,0.16666666666666666
DEC_2129,ACT_046,CHEMBL290315,Cn1cncc1C(OCc1ccc(C#N)c(-c2cccc(C#N)c2)n1)c1ccc(C#N)cc1,430.4710000000001,4.403340000000004,0,6,6,111.31,33,0,0.17
DEC_2130,ACT_046,CHEMBL276958,CO[C@]1(c2cnc(Sc3ccc(/C(C)=N/OCC#N)cc3)s2)CCO[C@@H](C)C1,417.5560000000002,4.599080000000004,0,8,7,76.73,28,0,0.1702127659574468
DEC_2131,ACT_046,CHEMBL288135,COc1cc(OC)c2c(c1)C(=O)c1cc(CN(CCCl)CCCl)cc(OC)c1C2=O,452.3340000000002,3.767400000000003,0,6,9,65.07,30,0,0.1702127659574468
DEC_2132,ACT_046,CHEMBL38409,O=C1c2ccccc2C(=O)N1CCCCCCN1CCN(c2nsc3ccccc23)CC1,448.59200000000016,4.274900000000004,0,6,8,56.75000000000001,32,0,0.17333333333333334
DEC_2133,ACT_046,CHEMBL41536,O=C1c2ccccc2C(=O)N1CCCCCN1CCN(c2nsc3ccccc23)CC1,434.5650000000001,3.884800000000003,0,6,7,56.75000000000001,31,0,0.17333333333333334
DEC_2134,ACT_046,CHEMBL19072,c1cc(OCc2ccc3ccccc3n2)cc(OCc2ccccc2OCc2nn[nH]n2)c1,439.47500000000014,4.484900000000003,1,7,9,95.04,33,0,0.1744186046511628
DEC_2135,ACT_046,CHEMBL422929,CC(C)c1cccc(C(C)C)c1OS(=O)(=O)NC(=O)OC1C2CC3CC(C2)CC1C3,435.58600000000024,5.107900000000004,1,5,6,81.7,30,0,0.175
DEC_2136,ACT_046,CHEMBL288930,O=C1c2ccccc2C(=O)N1CC1CC1CN1CCN(c2nsc3ccccc23)CC1,432.54900000000015,3.350600000000002,0,6,5,56.75000000000001,31,0,0.17525773195876287
DEC_2137,ACT_046,CHEMBL275763,C(=C\c1ncnc2c1ncn2Cc1ccccc1)\c1ncnc2c1ncn2Cc1ccccc1,444.5020000000002,4.233000000000002,0,6,6,87.19999999999999,34,0,0.17647058823529413
DEC_2138,ACT_046,CHEMBL9835,C(=C/c1ncnc2c1ncn2Cc1ccccc1)\c1ncnc2c1ncn2Cc1ccccc1,444.5020000000002,4.233000000000002,0,6,6,87.19999999999999,34,0,0.17647058823529413
DEC_2139,ACT_046,CHEMBL11265,COc1cccc2c1CC1(CCCN1CCCCN1C(=O)CC3(CCCC3)CC1=O)CO2,440.58400000000034,3.9543000000000035,0,5,6,59.08,32,0,0.17708333333333334
DEC_2140,ACT_046,CHEMBL290049,CCCCCCC[C@H]1OC(=O)C[C@@H](O)[C@H](Cc2ccccc2)N(C)C(=O)COC(=O)[C@H]1C,447.57200000000023,3.272300000000002,1,6,8,93.14000000000001,32,0,0.17708333333333334
DEC_2141,ACT_046,CHEMBL40130,Brc1cccc(Nc2ncnc3cc4c(ccn4CCN4CCOCC4)cc23)c1,452.35600000000034,4.422800000000003,1,5,5,55.21000000000001,29,0,0.17721518987341772
DEC_2142,ACT_046,CHEMBL418226,CCc1cc(OCc2ccc(-c3ccccc3-c3nn[nH]n3)cc2)c2c(n1)CCCC2,411.50900000000024,4.948900000000004,1,5,6,76.58000000000001,31,0,0.17777777777777778
DEC_2143,ACT_046,CHEMBL11592,CCCN(CCCCN1C(=O)CC2(CCCC2)CC1=O)C1COc2cccc(OC)c2C1,442.6000000000002,4.200300000000004,0,5,9,59.08000000000001,32,0,0.1782178217821782
DEC_2144,ACT_046,CHEMBL18204,c1cc(OCc2ccc3ccccc3n2)cc(OCc2ccccc2Cc2nnn[nH]2)c1,423.4760000000001,4.496700000000003,1,6,8,85.81,32,0,0.17857142857142858
DEC_2145,ACT_046,CHEMBL18413,c1cc(OCc2ccc3ccccc3n2)cc(OCc2ccccc2-c2nn[nH]n2)c1,409.44900000000007,4.572900000000003,1,6,7,85.81,31,0,0.17857142857142858
DEC_2146,ACT_046,CHEMBL418002,c1cc(OCc2ccc(-c3nn[nH]n3)cc2)cc(OCc2ccc3ccccc3n2)c1,409.4490000000002,4.572900000000003,1,6,7,85.81,31,0,0.17857142857142858
DEC_2147,ACT_046,CHEMBL18597,c1cc(COc2ccc(OCc3ccc4ccccc4n3)cc2)cc(Cc2nnn[nH]2)c1,423.4760000000001,4.496700000000004,1,6,8,85.81,32,0,0.17857142857142858
DEC_2148,ACT_046,CHEMBL18918,c1cc(COc2ccc(OCc3ccc4ccccc4n3)cc2)cc(-c2nn[nH]n2)c1,409.44900000000007,4.572900000000004,1,6,7,85.81,31,0,0.17857142857142858
DEC_2149,ACT_046,CHEMBL18405,c1cc(OCc2ccc(Cc3nnn[nH]3)cc2)cc(OCc2ccc3ccccc3n2)c1,423.47600000000017,4.496700000000003,1,6,8,85.81,32,0,0.17857142857142858
DEC_2150,ACT_047,CHEMBL277836,CN(C)c1ccc(/N=N/c2ccc(S(N)(=O)=O)cc2)cc1,304.375,2.8154000000000003,1,5,4,88.12,21,0,0.125
DEC_2151,ACT_047,CHEMBL280150,CO[C@H]1O[C@]2(C)OO[C@]13[C@H](CCO)CCC[C@@H]3CC2(C)C,300.39500000000004,2.6209000000000007,1,5,3,57.150000000000006,21,0,0.12643678160919541
DEC_2152,ACT_047,CHEMBL20104,CCC(C)(C)/N=c1\c(O)c(O)\c1=N/Cc1cc(C)cc(C)c1,300.402,2.7804400000000014,2,4,4,65.18,22,0,0.13095238095238096
DEC_2153,ACT_047,CHEMBL16139,C[C@H](CS)C(=O)N1CC2(C[C@H]1C(=O)O)SCCS2,307.46200000000005,1.4141000000000001,2,5,3,57.61,18,0,0.13513513513513514
DEC_2154,ACT_047,CHEMBL416541,CCCCCCc1nc2c([nH]1)N1CC(C)(C)N=C1N(C)C2=O,303.4100000000001,2.572700000000001,1,4,5,64.59,22,0,0.13513513513513514
DEC_2155,ACT_047,CHEMBL7500,CN(C)c1ccc(/C=C/c2ccc(S(N)(=O)=O)cc2)cc1,302.39899999999994,2.570400000000001,1,3,4,63.4,21,0,0.13636363636363635
DEC_2156,ACT_047,CHEMBL18859,CC(/N=c1\c(O)c(O)\c1=N/c1ccc(CC#N)cc1)C(C)(C)C,311.38500000000005,2.6071800000000005,2,5,3,88.97,23,0,0.1375
DEC_2157,ACT_047,CHEMBL417832,CC(CS)C(=O)N(CC(=O)O)C1C2CC3CC(C2)CC1C3,311.4470000000001,2.2902000000000005,2,3,5,57.61,21,0,0.1388888888888889
DEC_2158,ACT_047,CHEMBL442327,CC(/C=C/C(=O)C1=C(O)CN(C)C1=O)=C\CC1CCCCC1,303.4020000000001,3.3125000000000018,1,3,5,57.61,22,0,0.14102564102564102
DEC_2159,ACT_047,CHEMBL18524,CC(C)CCCc1nc2c([nH]1)N1C[C@@H](C(C)C)N=C1N(C)C2=O,317.4370000000001,2.6746000000000008,1,4,5,64.59,23,0,0.1411764705882353
DEC_2160,ACT_047,CHEMBL20179,CCC(C)(C)/N=c1\c(O)c(O)\c1=N/Cc1c(C)cccc1C,300.402,2.7804400000000014,2,4,4,65.18,22,0,0.14285714285714285
DEC_2161,ACT_047,CHEMBL19157,CC(C)CCc1nc2c([nH]1)N1C[C@@H](C(C)C)N=C1N(C)C2=O,303.4100000000001,2.2845000000000004,1,4,4,64.59,22,0,0.14457831325301204
DEC_2162,ACT_047,CHEMBL19879,CCC(C)(C)/N=c1\c(O)c(O)\c1=N/Cc1cc(F)cc(F)c1,308.328,2.4418000000000006,2,4,4,65.18,22,0,0.14516129032258066
DEC_2163,ACT_047,CHEMBL10182,CNS(=O)(=O)c1cc2c(N=O)c(O)[nH]c2c2c1CCCC2,309.34700000000015,2.0583,3,5,3,111.62,21,0,0.14634146341463414
DEC_2164,ACT_047,CHEMBL12553,CC(=O)OCC1CCC(NC(=O)N(CCCl)N=O)CC1,305.76200000000006,2.0401,1,5,6,88.07,20,0,0.14634146341463414
DEC_2165,ACT_047,CHEMBL273720,Cc1ccc(C(O)C(O)(Cn2cncn2)c2ccc(C)cc2)cc1,323.3960000000001,2.5163400000000005,2,4,5,71.17,24,0,0.14864864864864866
DEC_2166,ACT_047,CHEMBL278536,CCC(C)(C)/N=c1\c(O)c(O)\c1=N/Cc1ccc(C)c(C)c1,300.40200000000004,2.7804400000000014,2,4,4,65.18,22,0,0.14864864864864866
DEC_2167,ACT_047,CHEMBL275599,Cc1cc(C)cc(Sc2c(C)c(=O)[nH]c(=O)n2COCCO)c1,336.4130000000001,1.57946,2,5,6,84.32000000000001,23,0,0.14864864864864866
DEC_2168,ACT_047,CHEMBL29338,CCCCCCCC1(c2ccc(N)cc2)CCC(=O)NC1=O,302.418,3.303700000000001,2,3,7,72.19,22,0,0.15
DEC_2169,ACT_047,CHEMBL273400,Cc1ccc(C)n1Nc1ccc(N2C(C)COCC2C)nn1,301.394,2.3837400000000004,1,5,3,55.21000000000001,22,0,0.1506849315068493
DEC_2170,ACT_047,CHEMBL28998,O=C(O)Cc1cccc2c(=O)c3cccc([N+](=O)[O-])c3oc12,299.23800000000006,2.4815000000000005,1,5,3,110.64999999999999,22,0,0.1506849315068493
DEC_2171,ACT_047,CHEMBL8572,Cc1c(CCC(=O)O)s/c(=N\C(=O)c2ccc(C(=N)N)cc2)n1C,346.41200000000003,1.43739,3,4,5,121.52999999999997,24,0,0.1518987341772152
DEC_2172,ACT_047,CHEMBL275973,CC/N=C(/NC#N)C1=CC(C)(C)Oc2ccc([N+](=O)[O-])cc21,300.31800000000004,2.638280000000001,1,5,3,100.55,22,0,0.1523809523809524
DEC_2173,ACT_047,CHEMBL440946,CC(C)c1cc(Cc2cnc(N)nc2N)cc(C(C)C)c1O,300.406,3.184200000000001,3,5,4,98.05,22,0,0.15294117647058825
DEC_2174,ACT_047,CHEMBL26840,CC[C@]1(c2cccc([N+](=O)[O-])c2)OC[C@H]([C@@H]2CCCCN2)O1,306.362,2.7151000000000005,1,5,4,73.63000000000001,22,0,0.15294117647058825
DEC_2175,ACT_047,CHEMBL278254,CC(C)CCCc1nc2c([nH]1)N1C(=N[C@@H]3CCC[C@@H]31)N(C)C2=O,315.42100000000005,2.5711000000000013,1,4,4,64.59,23,0,0.15384615384615385
DEC_2176,ACT_047,CHEMBL26585,CC1(C)C[C@H]2[C@@H]3OC(C)(C)O[C@@H]3CC[C@@]2(COS(N)(=O)=O)C1,333.45000000000005,1.9429999999999998,1,5,3,87.85,22,0,0.15384615384615385
DEC_2177,ACT_047,CHEMBL9382,O=C(c1ccc([N+](=O)[O-])cc1)c1ccc2n1CCC2C(=O)O,300.27000000000004,2.199199999999999,1,4,4,102.43999999999998,22,0,0.15476190476190477
DEC_2178,ACT_047,CHEMBL274965,CCCCCCc1nc2c([nH]1)N1C[C@@H](C(C)C)N=C1N(C)C2=O,317.4370000000001,2.8187000000000015,1,4,6,64.59,23,0,0.15476190476190477
DEC_2179,ACT_047,CHEMBL427815,Cc1c(Nn2c(C)ccc2C)nnc(N2CCOCC2)c1C,301.39400000000006,2.22358,1,5,3,55.21000000000001,22,0,0.15492957746478872
DEC_2180,ACT_047,CHEMBL10103,CN(C)S(=O)(=O)c1cc2c(N=O)c(O)[nH]c2c2c1CCCC2,323.3740000000002,2.400500000000001,2,5,3,102.83000000000001,22,0,0.15555555555555556
DEC_2181,ACT_047,CHEMBL18745,CCCCCCc1nc2c([nH]1)N1C(=N[C@@H]3CCC[C@@H]31)N(C)C2=O,315.42100000000005,2.715200000000001,1,4,5,64.59,23,0,0.15555555555555556
DEC_2182,ACT_047,CHEMBL6725,Cc1oc2c(C)c3oc(=O)cc(C)c3cc2c1CNCCO,301.34200000000004,2.5463600000000004,2,5,4,75.61,22,0,0.15584415584415584
DEC_2183,ACT_047,CHEMBL23746,CCCc1cc(Cc2cnc(N)nc2N)cc(CCC)c1O,300.406,2.842400000000002,3,5,6,98.05,22,0,0.15584415584415584
DEC_2184,ACT_047,CHEMBL32063,CCCCCCc1cccc(N2C(N)=NC(N)=NC2(C)C)c1,301.43800000000005,2.9949000000000012,2,5,6,80.0,22,0,0.15584415584415584
DEC_2185,ACT_047,CHEMBL20101,CCC(C)(C)/N=c1\c(O)c(O)\c1=N/Cc1ccc(C)cc1C,300.40200000000004,2.7804400000000014,2,4,4,65.18,22,0,0.1566265060240964
DEC_2186,ACT_047,CHEMBL19046,CCCCCc1nc2c([nH]1)N1C(=N[C@@H]3CCC[C@@H]31)N(C)C2=O,301.39400000000006,2.325100000000001,1,4,4,64.59,22,0,0.15730337078651685
DEC_2187,ACT_047,CHEMBL18744,CC(C)CCc1nc2c([nH]1)N1C(=N[C@@H]3CCC[C@@H]31)N(C)C2=O,301.39400000000006,2.181,1,4,3,64.59,22,0,0.15730337078651685
DEC_2188,ACT_047,CHEMBL267764,Cc1ccc(C)n1Nc1nnc(N2CCOCC2)c2ccccc12,323.40000000000003,2.759940000000001,1,5,3,55.21000000000001,24,0,0.15789473684210525
DEC_2189,ACT_047,CHEMBL277122,C=CCN1CC[C@]23c4c5ccc(O)c4O[C@H]2C(=O)CC[C@@]3(OC)C1C5,341.40700000000015,1.9555,1,5,3,59.0,25,0,0.15841584158415842
DEC_2190,ACT_047,CHEMBL19908,CCc1cc(C/N=c2\c(O)c(O)\c2=N/C(C)(C)C)ccc1C#N,311.38500000000005,2.20758,2,5,3,88.97,23,0,0.15853658536585366
DEC_2191,ACT_047,CHEMBL273926,CC1(C)CC1C(=O)N/C(=C\CCCCBr)C(=O)O,318.211,2.6824000000000003,2,2,7,66.4,18,0,0.15873015873015872
DEC_2192,ACT_047,CHEMBL415971,CCCn1c(=O)c2nc(-c3ccc(N)cc3N)[nH]c2n(CCC)c1=O,342.4030000000002,1.5376999999999998,3,5,5,124.72,25,0,0.1590909090909091
DEC_2193,ACT_047,CHEMBL275279,O=NN(CCCl)C(=O)NC1CCC(Br)CC1,312.5950000000001,2.6243000000000007,1,3,4,61.77,16,0,0.15942028985507245
DEC_2194,ACT_047,CHEMBL28800,O=[N+]([O-])c1ccc(C(O)(c2ccccc2)c2cncnc2)cc1,307.309,2.6690000000000005,1,5,4,89.15,23,0,0.15942028985507245
DEC_2195,ACT_047,CHEMBL268652,CNc1ncnc2c1ncn2Cc1ccccc1C(F)(F)F,307.279,2.935100000000001,1,4,3,55.63,22,0,0.1595744680851064
DEC_2196,ACT_047,CHEMBL15499,C[C@@H]1CN(CCc2ccc3c(c2)sc(=O)n3C)C[C@H](C)N1,305.447,1.8247,1,4,3,37.27,21,0,0.1595744680851064
DEC_2197,ACT_047,CHEMBL417602,CN(C)CCN(C)c1ccc2ncn3c4ccc(O)cc4c(=O)c1c23,336.39500000000015,2.1421,1,5,4,61.080000000000005,25,0,0.1595744680851064
DEC_2198,ACT_047,CHEMBL18964,CCC(CC)c1nc2c([nH]1)N1C(=N[C@@H]3CCC[C@@H]31)N(C)C2=O,301.39400000000006,2.4960000000000013,1,4,3,64.59,22,0,0.16091954022988506
DEC_2199,ACT_047,CHEMBL32041,CCc1ccc2nccc(NCCCN(C)C)c2c1[N+](=O)[O-],302.378,3.0690000000000017,1,5,7,71.3,22,0,0.16091954022988506
DEC_2200,ACT_048,CHEMBL26690,O=c1cc(-c2ccccc2[N+](=O)[O-])oc2ccc([N+](=O)[O-])cc12,312.237,3.2764000000000015,0,6,3,116.49000000000001,23,0,0.1267605633802817
DEC_2201,ACT_048,CHEMBL283876,O=c1cnn(-c2ccc(Sc3ccc([N+](=O)[O-])cc3)cc2)c(=O)[nH]1,342.336,1.9801999999999995,1,6,4,110.88999999999999,24,0,0.1276595744680851
DEC_2202,ACT_048,CHEMBL22705,CSC1=NC(c2cccc([N+](=O)[O-])c2SC)C2=C(O)OCC2=N1,351.4090000000001,3.3312000000000017,1,8,3,97.32000000000001,23,0,0.1346153846153846
DEC_2203,ACT_048,CHEMBL23787,Nc1nc(N)c2nc(CSc3ccc(Cl)cc3)cnc2n1,318.79300000000006,2.5299000000000005,2,7,3,103.6,21,0,0.1411764705882353
DEC_2204,ACT_048,CHEMBL17161,CSc1cc(N)ccc1/N=N/c1ccc(S(N)(=O)=O)cc1,322.4150000000001,3.0535000000000005,2,6,4,110.89999999999998,21,0,0.14285714285714285
DEC_2205,ACT_048,CHEMBL280888,CCCSc1c2c(nc(N)n3nc(-c4ccco4)nc23)nn1C,329.38900000000007,2.3552999999999997,1,7,4,100.06,23,0,0.14444444444444443
DEC_2206,ACT_048,CHEMBL276954,Nc1nc(N)c2nc(CCc3cccc4ccccc34)cnc2n1,316.36800000000005,2.5226000000000006,2,6,3,103.6,24,0,0.14473684210526316
DEC_2207,ACT_048,CHEMBL278906,Nc1nc2nn(Cc3ccc(F)cc3)cc2c2nc(-c3ccco3)nn12,349.32900000000006,2.5036000000000005,1,6,3,100.06,26,0,0.14736842105263157
DEC_2208,ACT_048,CHEMBL269676,CN(C)S(=O)(=O)c1ccc2c(c1)C(n1ccccc1=O)=CC(C)(C)O2,360.4350000000002,2.1588000000000003,0,4,3,68.61,25,0,0.14814814814814814
DEC_2209,ACT_048,CHEMBL274746,Cc1c(C)c2cc(OS(=O)(=O)c3ccccc3)ccc2oc1=O,330.3610000000001,3.1775400000000014,0,5,3,73.58000000000001,23,0,0.1506849315068493
DEC_2210,ACT_048,CHEMBL282383,CC[C@]1(c2cccc(N=C=S)c2)OC[C@H]([C@@H]2CCCCN2)O1,318.44200000000006,3.5412000000000017,1,5,4,42.849999999999994,22,0,0.15217391304347827
DEC_2211,ACT_048,CHEMBL275243,CCN(C)/C(=N\C#N)C1=CC(C)(C)Oc2ccc([N+](=O)[O-])cc21,314.3450000000001,2.980480000000002,0,5,3,91.76,23,0,0.15294117647058825
DEC_2212,ACT_048,CHEMBL8370,O=C(O)CN(C(=O)c1cccc([N+](=O)[O-])c1)c1ccc([N+](=O)[O-])cc1,345.26700000000005,2.2344,1,6,6,143.89000000000001,25,0,0.15384615384615385
DEC_2213,ACT_048,CHEMBL266327,O=C(CCCC1CCCCC1)OC[C@H]1C[C@@H]2O[C@H]1[C@H]1C(=O)OC(=O)[C@H]12,350.41100000000006,2.3833,0,6,6,78.9,25,0,0.15555555555555556
DEC_2214,ACT_048,CHEMBL280374,COc1c(C(C)C)cc(Cc2cnc(N)nc2N)cc1C(C)C,314.43300000000005,3.4872000000000014,2,5,5,87.05,23,0,0.1566265060240964
DEC_2215,ACT_048,CHEMBL276151,CC1(C)C=C(n2ccccc2=O)c2cc(S(=O)(=O)N=[N+]=[N-])ccc2O1,358.3790000000001,2.9075000000000015,0,4,3,114.13,25,0,0.1566265060240964
DEC_2216,ACT_048,CHEMBL24374,COc1c(C(C)(C)C)cc(Cc2cnc(N)nc2N)cc1C(C)(C)C,342.4870000000001,3.8354000000000017,2,5,3,87.05,25,0,0.1566265060240964
DEC_2217,ACT_048,CHEMBL18978,Cc1c(C)c2ccc(OS(=O)(=O)c3ccccc3)cc2oc1=O,330.36100000000005,3.1775400000000014,0,5,3,73.58000000000001,23,0,0.15789473684210525
DEC_2218,ACT_048,CHEMBL283311,Nc1nc(N)c2c(CSc3ccc4ccccc4c3)coc2n1,322.3930000000001,3.8327000000000018,2,6,3,90.96,23,0,0.15853658536585366
DEC_2219,ACT_048,CHEMBL276532,Cc1nsc(-c2ccc(N3CCN(c4cccc(N)c4)CC3)nn2)n1,353.4550000000001,2.212319999999999,1,8,3,84.06,25,0,0.15853658536585366
DEC_2220,ACT_048,CHEMBL638,C[C@@H](c1ncncc1F)[C@](O)(Cn1cncn1)c1ccc(F)cc1F,349.31600000000003,2.1769,1,5,5,76.72,25,0,0.16129032258064516
DEC_2221,ACT_048,CHEMBL11446,Cc1ccc(C)n1Nc1nnc(N2CCOCC2)c2c1CCCC2,327.4320000000002,2.4855400000000003,1,5,3,55.21000000000001,24,0,0.16216216216216217
DEC_2222,ACT_048,CHEMBL276976,Cc1ccncc1C1=C(c2ccc(S(C)(=O)=O)cc2)CCC1=O,327.40500000000014,3.0672200000000016,0,4,3,64.1,23,0,0.16216216216216217
DEC_2223,ACT_048,CHEMBL32087,CN(C)CCN1C(=O)c2cccc3c2c(cc2ccsc23)C1=O,324.4050000000001,3.212100000000002,0,4,3,40.620000000000005,23,0,0.16216216216216217
DEC_2224,ACT_048,CHEMBL285372,CN(C)CCN1C(=O)c2cccc3c2c(cc2sccc23)C1=O,324.4050000000001,3.212100000000002,0,4,3,40.620000000000005,23,0,0.16216216216216217
DEC_2225,ACT_048,CHEMBL428857,CCCc1ccc(C(c2ccns2)N2CCN(C)CC2)cc1,315.4860000000001,3.432400000000002,0,4,5,19.370000000000005,22,0,0.1625
DEC_2226,ACT_048,CHEMBL22434,Nc1nc(N)c2nc(CSc3cccc4ccccc34)cnc2n1,334.4080000000001,3.029700000000001,2,7,3,103.6,24,0,0.1625
DEC_2227,ACT_048,CHEMBL17466,CC1(C)CC(=O)c2c(SCCO)sc(-c3cc[nH]n3)c2C1,322.45500000000004,3.3777000000000017,2,5,4,65.97999999999999,21,0,0.16279069767441862
DEC_2228,ACT_048,CHEMBL20592,[N-]=[N+]=NC1CC(N=[N+]=[N-])c2cc(C(=O)CC(=O)C(=O)O)ccc21,314.261,3.0196000000000005,1,5,6,168.95999999999998,23,0,0.1643835616438356
DEC_2229,ACT_048,CHEMBL22942,Cc1cc(C(c2ccc(C)c(C)c2)N2CCN(C)CC2)sn1,315.486,3.405160000000002,0,4,3,19.37,22,0,0.1643835616438356
DEC_2230,ACT_048,CHEMBL15493,C=C(c1ccccc1OCC(O)CN1CCCC1)n1ccnc1,313.4009999999999,2.2375999999999996,1,4,7,50.52,23,0,0.16470588235294117
DEC_2231,ACT_048,CHEMBL22052,O=[N+]([O-])c1ccc(C2CCN(C3CCCCC3O)CC2)c([N+](=O)[O-])c1,349.3870000000001,2.9859000000000018,1,6,4,109.75,25,0,0.16483516483516483
DEC_2232,ACT_048,CHEMBL441597,CCCCC1=C(N2CC2)C(=O)c2nc3n(c2C1=O)CCC3OC(C)=O,343.38300000000015,2.0299,0,6,5,81.27000000000001,25,0,0.16483516483516483
DEC_2233,ACT_048,CHEMBL29705,Cc1noc(NS(=O)(=O)c2ccc3cccc(N(C)C)c3c2)c1C,345.42400000000015,3.311440000000002,1,5,4,75.44,24,0,0.16483516483516483
DEC_2234,ACT_048,CHEMBL25162,Cc1ccc(C(c2cc(C)ns2)N2CCN(C)CC2)c(C)c1,315.4860000000001,3.405160000000002,0,4,3,19.370000000000005,22,0,0.16666666666666666
DEC_2235,ACT_048,CHEMBL22561,CN(Cc1coc2nc(N)nc(N)c12)c1ccc2ccccc2c1,319.368,3.176800000000001,2,6,3,94.2,24,0,0.16666666666666666
DEC_2236,ACT_048,CHEMBL8951,CCC(=O)O[C@H](CC=C(C)C)C1=CC(=O)c2c(O)ccc(O)c2C1=O,344.36300000000006,3.081300000000002,2,6,5,100.9,25,0,0.16666666666666666
DEC_2237,ACT_048,CHEMBL403516,CC(=O)O[C@H](CC=C(C)C)C1=CC(=O)c2c(O)ccc(O)c2C1=O,330.33600000000007,2.6912000000000016,2,6,4,100.9,24,0,0.16666666666666666
DEC_2238,ACT_048,CHEMBL18830,CC(/N=c1\c(O)c(O)\c1=N/c1ccc(-n2ccnc2)cc1)C(C)(C)C,338.4110000000001,2.726800000000001,2,5,3,83.00000000000001,25,0,0.16666666666666666
DEC_2239,ACT_048,CHEMBL21614,O=[N+]([O-])c1ccc2ncn(CCc3noc(-c4ccccc4)n3)c2c1,335.323,3.2372000000000014,0,6,5,99.88,25,0,0.16666666666666666
DEC_2240,ACT_048,CHEMBL28569,CC(=O)OC(CC=C(C)C)C1=CC(=O)c2c(O)ccc(O)c2C1=O,330.33600000000007,2.6912000000000016,2,6,4,100.9,24,0,0.16666666666666666
DEC_2241,ACT_048,CHEMBL17302,Nc1nc2c(cnn2Cc2ccc(F)cc2)c2nc(-c3ccco3)nn12,349.32900000000006,2.5036000000000005,1,6,3,100.06,26,0,0.16842105263157894
DEC_2242,ACT_048,CHEMBL283740,CC1(C)N=C(N)N=C(N)N1c1cccc(COc2cccc(C#N)c2)c1,348.4100000000001,2.32278,2,7,4,113.01999999999998,26,0,0.16853932584269662
DEC_2243,ACT_048,CHEMBL18327,Cc1c(C)c2ccc(OCc3nc(C(C)C)no3)cc2oc1=O,314.34100000000007,3.4952400000000017,0,6,4,78.36000000000001,23,0,0.1686746987951807
DEC_2244,ACT_048,CHEMBL278535,Cc1ccc(C(C)/N=c2\c(O)c(O)\c2=N/c2ccc(C#N)cc2)cc1,331.37500000000006,3.0478000000000023,2,5,3,88.97,25,0,0.1686746987951807
DEC_2245,ACT_048,CHEMBL31777,CCc1nc(C)c(Br)n1-c1ccc(-c2ccc(O)nn2)cc1,359.22700000000003,3.6682200000000025,1,4,3,63.83,22,0,0.1686746987951807
DEC_2246,ACT_048,CHEMBL17101,Cc1nc(-c2ccccc2)c(-c2ccc(S(N)(=O)=O)cc2)s1,330.434,3.432920000000001,1,4,3,73.05,22,0,0.16883116883116883
DEC_2247,ACT_048,CHEMBL17062,Cc1nc(-c2ccc(S(N)(=O)=O)cc2)c(-c2ccccc2)s1,330.43399999999997,3.432920000000002,1,4,3,73.05,22,0,0.16883116883116883
DEC_2248,ACT_048,CHEMBL10345,CC(C)OC1=C(c2ccc(S(C)(=O)=O)cc2)C(C)(C)OC1=O,324.3980000000001,2.561600000000001,0,5,4,69.67000000000002,22,0,0.16901408450704225
DEC_2249,ACT_048,CHEMBL22262,Nc1nc2cc(Cl)c(Cl)cc2n1Cc1ccc([N+](=O)[O-])cc1,337.16600000000005,3.881800000000002,1,4,3,86.97999999999999,22,0,0.16923076923076924
DEC_2250,ACT_049,CHEMBL24963,CC1(C)OC(S)=Nc2c(Br)cc(-c3cc(F)cc(C#N)c3)cc21,391.26500000000016,5.309480000000004,1,3,1,45.379999999999995,23,0,0.14444444444444443
DEC_2251,ACT_049,CHEMBL27922,CC1(C)OC(S)=Nc2c(Br)cc(-c3ccc(C#N)c(F)c3)cc21,391.26500000000016,5.309480000000004,1,3,1,45.379999999999995,23,0,0.14606741573033707
DEC_2252,ACT_049,CHEMBL277163,CC#C[C@]1(O)CCC2C3CCC4=CC(=O)CCC4=C3C(c3cccs3)CC21C,392.564,5.402000000000005,1,3,1,37.3,28,0,0.1566265060240964
DEC_2253,ACT_049,CHEMBL7682,C[C@]12CCC3C4CCC(=O)C=C4CCC3C1CC[C@@]2(O)C#CCCBr,405.3760000000001,4.647700000000006,1,2,1,37.3,25,0,0.15789473684210525
DEC_2254,ACT_049,CHEMBL281945,C[C@H]1CNc2cc3nc(O)cc(C(F)(F)F)c3cc2C1CCC(F)(F)F,378.3160000000001,5.446900000000003,2,3,2,45.150000000000006,26,0,0.16470588235294117
DEC_2255,ACT_049,CHEMBL266297,CC12CCC3C(C(CCc4ccc(N)cc4)=CC4=CC(=O)CCC43C)C1CCC2=O,403.5660000000003,5.448600000000004,1,3,3,60.160000000000004,30,0,0.16666666666666666
DEC_2256,ACT_049,CHEMBL28912,Cc1nc(O)c2c(ccc3nc(Nc4c(Cl)cccc4Cl)n(C)c32)c1C,387.27000000000015,5.494340000000003,2,4,2,62.970000000000006,26,0,0.16883116883116883
DEC_2257,ACT_049,CHEMBL29567,Cc1nc(O)c2c(ccc3c2nc(Nc2c(Cl)cccc2Cl)n3C)c1C,387.2700000000001,5.494340000000002,2,4,2,62.970000000000006,26,0,0.16883116883116883
DEC_2258,ACT_049,CHEMBL267937,CCC(c1ccc(O)cc1)C(CC)c1ccc(O)c(I)c1,396.268,5.389800000000005,2,2,5,40.46,21,0,0.16901408450704225
DEC_2259,ACT_049,CHEMBL9478,CC12CCC3C(C(Cc4ccc(N)cc4)=CC4=CC(=O)CCC43C)C1CCC2=O,389.53900000000027,5.058500000000004,1,3,2,60.160000000000004,29,0,0.16901408450704225
DEC_2260,ACT_049,CHEMBL8637,C=CCC1Oc2ccc(CO)c(OC)c2-c2ccc3c(c21)C(C)=CC(C)(C)N3,377.48400000000015,5.471500000000004,2,4,4,50.72,28,0,0.16981132075471697
DEC_2261,ACT_049,CHEMBL17662,O=C1Nc2ccc(F)c(F)c2C(OCC=C(Cl)Cl)(C(F)(F)F)O1,378.0799999999999,4.577600000000001,1,3,3,47.56,23,0,0.17073170731707318
DEC_2262,ACT_049,CHEMBL283275,Brc1cccc(Br)c1Nc1nc2ccccc2n2cncc12,418.0920000000001,5.151100000000002,1,3,2,42.22,22,0,0.171875
DEC_2263,ACT_049,CHEMBL280265,Cc1cnccc1-c1[nH]c(-c2ccc([S+](C)[O-])cc2)nc1-c1ccc(F)cc1,391.47100000000006,4.990620000000003,1,3,4,64.63,28,0,0.17204301075268819
DEC_2264,ACT_049,CHEMBL277587,C[S+]([O-])c1ccccc1-c1nc(-c2ccc(F)cc2)c(-c2ccncc2)[nH]1,377.444,4.6822000000000035,1,3,4,64.63,27,0,0.1728395061728395
DEC_2265,ACT_049,CHEMBL287352,Oc1ccc(C(=Cc2ccc(I)cc2)c2ccc(O)cc2)cc1,414.2420000000001,5.291300000000003,2,2,3,40.46,23,0,0.17307692307692307
DEC_2266,ACT_049,CHEMBL415993,O=S(=O)(c1nc(-c2ccccc2)c(-c2ccccc2)[nH]1)C(F)(F)C(Cl)Cl,417.264,4.913900000000002,1,3,5,62.82,26,0,0.17647058823529413
DEC_2267,ACT_049,CHEMBL540444,O=S(=O)(CC(F)(F)C(F)(F)F)c1nc(-c2ccccc2)c(-c2ccccc2)[nH]1,416.37100000000004,4.7150000000000025,1,3,5,62.82,28,0,0.17647058823529413
DEC_2268,ACT_049,CHEMBL276947,O=c1c2ccccc2nc(/C=C(\O)c2ccccn2)n1-c1ccccc1Cl,375.81500000000005,4.490200000000002,1,4,3,68.00999999999999,27,0,0.17894736842105263
DEC_2269,ACT_049,CHEMBL10340,Cc1ccc2nc(Nc3ccccc3I)oc(=O)c2c1,378.1690000000001,3.8446200000000017,1,4,2,55.13,20,0,0.1794871794871795
DEC_2270,ACT_049,CHEMBL266928,O=c1cc(C(F)(F)F)c2cc3c(cc2o1)NCCC3C(F)(F)C(F)(F)F,387.226,4.908600000000002,1,3,1,42.24,26,0,0.1797752808988764
DEC_2271,ACT_049,CHEMBL279824,[O-][S+](c1nc(-c2ccc(Cl)cc2)c(-c2ccc(Cl)cc2)[nH]1)C(F)F,387.23799999999994,5.380700000000003,1,2,4,51.74,24,0,0.18055555555555555
DEC_2272,ACT_049,CHEMBL17688,Fc1ccc(-c2[nH]c(-c3ccc(CN4CCOCC4)cc3)nc2-c2ccncc2)cc1,414.4840000000001,4.777000000000004,1,4,5,54.040000000000006,31,0,0.18072289156626506
DEC_2273,ACT_049,CHEMBL281274,O=C1NCN(c2ccccc2)C12CCN(C1Cc3cccc4cccc1c34)CC2,383.4950000000001,3.8655000000000026,1,3,2,35.580000000000005,29,0,0.18072289156626506
DEC_2274,ACT_049,CHEMBL10246,O=c1oc(Nc2ccccc2I)nc2ccc(Cl)cc12,398.58700000000005,4.189600000000001,1,4,2,55.13,20,0,0.18181818181818182
DEC_2275,ACT_049,CHEMBL25882,CC[C@H](c1ccc(O)cc1)[C@@H](CI)c1ccc(O)cc1,382.24100000000004,4.810200000000004,2,2,5,40.46,20,0,0.18181818181818182
DEC_2276,ACT_049,CHEMBL24018,OCC#Cc1ccc2c(c1)[C@H]1OCC[C@H]1[C@@H](c1c[nH]c3ccc(Br)cc13)N2,423.31000000000006,4.518600000000003,3,3,1,57.28,27,0,0.18181818181818182
DEC_2277,ACT_049,CHEMBL290118,CN1CCc2cc(I)c(O)cc2[C@@H](c2ccccc2)C1,379.2410000000001,3.6166000000000027,1,2,1,23.47,20,0,0.18181818181818182
DEC_2278,ACT_049,CHEMBL34170,CN1CCc2cc(Cl)c(O)cc2C(c2ccc(I)cc2)C1,413.68600000000004,4.270000000000003,1,2,1,23.47,21,0,0.18181818181818182
DEC_2279,ACT_049,CHEMBL29397,NS(=O)(=O)c1ccc(-n2nc(C(F)(F)F)cc2-c2csc3ccccc23)cc1,423.4410000000001,4.420200000000002,1,4,3,77.98,28,0,0.1827956989247312
DEC_2280,ACT_049,CHEMBL14185,Oc1ccc(Cl)cc1-n1nc(-c2cc(C(F)(F)F)cc(C(F)(F)F)c2)nc1O,423.70000000000005,5.036500000000003,2,4,2,71.17,28,0,0.18309859154929578
DEC_2281,ACT_049,CHEMBL25343,COc1cccc2c1N[C@H](c1c[nH]c3ccc(Br)cc13)[C@@H]1CCO[C@H]21,399.2880000000002,5.183400000000003,2,3,2,46.28,25,0,0.1836734693877551
DEC_2282,ACT_049,CHEMBL280772,Cc1ccc(C)c(-c2cc(C(F)F)nn2-c2ccc(S(N)(=O)=O)cc2)c1,377.4160000000001,3.7411400000000015,1,3,4,77.98,26,0,0.1839080459770115
DEC_2283,ACT_049,CHEMBL13755,Oc1ccc(Cl)cc1-n1nc(-c2ccc(C(F)(F)F)c(Cl)c2)nc1O,390.1480000000001,4.671100000000003,2,4,2,71.17,25,0,0.1839080459770115
DEC_2284,ACT_049,CHEMBL418717,CN1C[C@H](C(=O)Nc2nccs2)C[C@@H]2c3cc(C(C)(C)C)cc4[nH]cc(c34)C[C@H]21,408.5710000000002,4.5206000000000035,2,4,2,61.02,29,0,0.18478260869565216
DEC_2285,ACT_049,CHEMBL276529,C[S+]([O-])c1cccc(-c2nc(-c3ccc(F)cc3)c(-c3ccncc3)[nH]2)c1,377.444,4.6822000000000035,1,3,4,64.63,27,0,0.18518518518518517
DEC_2286,ACT_049,CHEMBL280231,O=C1Nc2ccc(Cl)cc2C(OCC=C(Cl)Cl)(C(F)(F)F)O1,376.54499999999996,4.952800000000002,1,3,3,47.56,22,0,0.18518518518518517
DEC_2287,ACT_049,CHEMBL428177,O=C1NC(=O)C(CC#Cc2ccc(Cl)cc2)(Sc2ccc(F)cc2)S1,391.8760000000001,4.692300000000002,1,4,3,46.17,25,0,0.18571428571428572
DEC_2288,ACT_049,CHEMBL10770,O=c1oc(Nc2ccccc2I)nc2cc3ccccc3cc12,414.2020000000001,4.689400000000003,1,4,2,55.13,23,0,0.18666666666666668
DEC_2289,ACT_049,CHEMBL417605,CN1CCC23c4c5ccc(O)c4OC2[C@H]2OC[C@@]2(CCCc2ccccc2)CC3C1C5,417.5490000000002,4.079200000000004,1,4,4,41.93000000000001,31,0,0.18681318681318682
DEC_2290,ACT_049,CHEMBL10392,CC(C)c1ccc2c(=O)oc(Nc3ccccc3I)nc2c1,406.223,4.659600000000003,1,4,3,55.13,22,0,0.1875
DEC_2291,ACT_049,CHEMBL22582,CC1CCC(/C=N/c2ccccc2)=C2NC(c3ccccc3)=C(/C=C/C(=O)O)C(=O)N21,413.47700000000015,4.266700000000003,2,4,5,81.99999999999999,31,0,0.1875
DEC_2292,ACT_049,CHEMBL24465,C[C@]12C=CC(=O)NC1CCC1C2CC[C@@]2(C)C1CC[C@@H]2C(=O)n1ccc2ccccc21,416.5650000000001,5.194900000000005,1,2,1,51.1,31,0,0.1875
DEC_2293,ACT_049,CHEMBL275715,Cc1ccc2nc3ccccc3c(Nc3ccc(NS(C)(=O)=O)cc3)c2c1,377.46900000000016,4.811520000000003,2,4,4,71.09,27,0,0.18840579710144928
DEC_2294,ACT_049,CHEMBL275527,Cc1ccc2c(Nc3ccc(NS(C)(=O)=O)cc3)c3ccccc3nc2c1,377.4690000000001,4.8115200000000025,2,4,4,71.09,27,0,0.18840579710144928
DEC_2295,ACT_049,CHEMBL275341,Cc1cccc2c(Nc3ccc(NS(C)(=O)=O)cc3)c3ccccc3nc12,377.4690000000001,4.8115200000000025,2,4,4,71.09,27,0,0.1891891891891892
DEC_2296,ACT_049,CHEMBL433428,NS(=O)(=O)c1ccc(-n2nc(C(F)F)cc2-c2ccc(Cl)cc2)cc1,383.807,3.777700000000002,1,3,4,77.98,25,0,0.1891891891891892
DEC_2297,ACT_049,CHEMBL8063,Cc1cc(-c2c(F)cc3c(=O)c(Cc4ncc[nH]4)cn(C4CC4)c3c2F)cc(C)n1,406.4360000000002,4.607340000000003,1,3,4,63.57,30,0,0.18947368421052632
DEC_2298,ACT_049,CHEMBL273580,O=S(=O)(Nc1ccccc1OCc1ccc2ccccc2n1)C(F)(F)F,382.363,4.075300000000002,1,4,5,68.29,26,0,0.189873417721519
DEC_2299,ACT_049,CHEMBL278933,O=S(=O)(Nc1ccc(OCc2ccc3ccccc3n2)cc1)C(F)(F)F,382.363,4.075300000000002,1,4,5,68.29,26,0,0.189873417721519
DEC_2300,ACT_050,CHEMBL28459,COOC1(OOCCCCCCO)CCCCCCCCCCC1,346.5080000000002,5.066300000000005,1,5,10,57.150000000000006,24,0,0.13253012048192772
DEC_2301,ACT_050,CHEMBL273433,CC(/C=C/C=C(C)/C=C/C1=C(C)CCCC1(C)C)=C(C(=O)O)C(=O)O,344.451,5.057400000000004,2,2,6,74.6,25,0,0.14285714285714285
DEC_2302,ACT_050,CHEMBL11992,CC1(C)CC1C(=O)N/C(=C\CCCCCCCBr)C(=O)O,360.2919999999999,3.852700000000003,2,2,10,66.4,21,0,0.15625
DEC_2303,ACT_050,CHEMBL275571,CC1(C)CC1C(=O)N/C(=C\CCCCCCBr)C(=O)O,346.265,3.462600000000002,2,2,9,66.4,20,0,0.15625
DEC_2304,ACT_050,CHEMBL11553,CN(C)CCc1c[nH]c(CCC(c2ccccc2)c2ccccc2)n1,333.479,4.278500000000003,1,2,8,31.92,25,0,0.16176470588235295
DEC_2305,ACT_050,CHEMBL12008,CCOC(=S)SCCCCC/C=C(\NC(=O)C1CC1(C)C)C(=O)O,373.54000000000013,3.7322000000000015,2,5,10,75.63,24,0,0.16304347826086957
DEC_2306,ACT_050,CHEMBL15386,C=C(c1c(C)c(C)cc(Cl)c1OCC(O)CNC(C)C)n1ccnc1,363.889,3.410040000000002,2,4,8,59.31,25,0,0.16853932584269662
DEC_2307,ACT_050,CHEMBL275493,O=C(O)COc1cccc2c1CCC(C/C=C/CCc1ccccc1)C2,350.4580000000001,4.834000000000005,1,2,8,46.53,26,0,0.17391304347826086
DEC_2308,ACT_050,CHEMBL274188,CC1(C)CC1C(=O)N/C(=C\CCCCSc1ncccc1O)C(=O)O,364.46700000000004,3.180400000000002,3,5,9,99.52,25,0,0.1744186046511628
DEC_2309,ACT_050,CHEMBL274767,NCCc1c[nH]c(CCCCC(c2ccccc2)c2ccccc2)n1,333.479,4.4558000000000035,2,2,9,54.7,25,0,0.175
DEC_2310,ACT_050,CHEMBL23813,O=S(=O)(Nc1cccc(OCCNc2ccncc2)c1)c1ccccc1,369.446,3.373300000000002,2,5,8,80.32000000000001,26,0,0.1791044776119403
DEC_2311,ACT_050,CHEMBL25540,O=S(=O)(Nc1ccccc1)c1cccc(OCCNc2ccncc2)c1,369.4460000000001,3.3733000000000013,2,5,8,80.32000000000001,26,0,0.1791044776119403
DEC_2312,ACT_050,CHEMBL27879,CCCCCCCCCCN1C(=O)C2CC(c3ccc(N)cc3)(C2)C1=O,356.5100000000001,4.4261000000000035,1,3,10,63.4,26,0,0.1791044776119403
DEC_2313,ACT_050,CHEMBL25246,O=S(=O)(c1ccccc1)c1cccc(OCCNc2ccncc2)c1,354.431,3.405300000000002,1,5,7,68.29,25,0,0.1794871794871795
DEC_2314,ACT_050,CHEMBL274831,c1ccc(C(CCc2nc(CCNC3CC3)c[nH]2)c2ccccc2)cc1,345.49,4.468900000000003,2,2,9,40.71,26,0,0.18072289156626506
DEC_2315,ACT_050,CHEMBL418551,c1cc(OCCCc2nnn[nH]2)cc(OCc2ccc3ccccc3n2)c1,361.4050000000001,3.3385000000000016,1,6,8,85.81,27,0,0.18072289156626506
DEC_2316,ACT_050,CHEMBL17973,c1cc(OCCCc2nnn[nH]2)cc(OCc2cc3ccccc3cn2)c1,361.4050000000001,3.3385000000000016,1,6,8,85.81,27,0,0.18072289156626506
DEC_2317,ACT_050,CHEMBL18420,c1cc(OCCCc2nnn[nH]2)cc(OCc2cnc3ccccc3c2)c1,361.4050000000001,3.3385000000000016,1,6,8,85.81,27,0,0.18072289156626506
DEC_2318,ACT_050,CHEMBL15434,C=C(c1cc(Cl)cc(C)c1OCC(O)CNC(C)C)n1ccnc1,349.862,3.1016200000000005,2,4,8,59.31,24,0,0.18181818181818182
DEC_2319,ACT_050,CHEMBL15377,C=C(c1c(C)ccc(Cl)c1OCC(O)CNC(C)C)n1ccnc1,349.862,3.1016200000000014,2,4,8,59.31,24,0,0.18181818181818182
DEC_2320,ACT_050,CHEMBL275589,O=C(O)CCCCCCCNC(=O)c1c(F)c(F)c(F)c(F)c1F,353.28700000000003,3.5371000000000024,2,2,9,66.4,24,0,0.18181818181818182
DEC_2321,ACT_050,CHEMBL10551,O=C(O)CCC/C=C/C[C@H]1C2COC(C2)[C@@H]1COCc1ccccc1,344.4510000000001,4.055500000000004,1,3,10,55.760000000000005,25,0,0.18292682926829268
DEC_2322,ACT_050,CHEMBL11515,CCNCCc1c[nH]c(CCC(c2ccccc2)c2ccccc2)n1,333.479,4.326400000000003,2,2,9,40.71,25,0,0.18292682926829268
DEC_2323,ACT_050,CHEMBL14762,CC[C@H](CO)Nc1nc(NCc2ccccc2)c2ncn(C(C)C)c2n1,354.4580000000001,3.2021000000000015,3,6,8,87.89,26,0,0.18292682926829268
DEC_2324,ACT_050,CHEMBL21441,CCN(CC)CCNc1ccc(C)c2oc3ccc(O)cc3c(=O)c12,340.4230000000001,3.7139200000000017,2,5,6,65.71000000000001,25,0,0.18292682926829268
DEC_2325,ACT_050,CHEMBL32673,c1ccc(CCc2nc(NCc3ccccc3)c3sccc3n2)cc1,345.47100000000006,5.088600000000004,1,4,6,37.81,25,0,0.18309859154929578
DEC_2326,ACT_050,CHEMBL10980,COc1cc(CC(C)NC(C)C)c(OC)cc1I,363.239,3.237400000000002,1,3,6,30.49,18,0,0.18421052631578946
DEC_2327,ACT_050,CHEMBL25161,Cc1cc(C(c2ccc(C(C)C)cc2)N2CCN(CCO)CC2)sn1,359.5390000000001,3.2742200000000015,1,5,6,39.6,25,0,0.18421052631578946
DEC_2328,ACT_050,CHEMBL25102,Cc1cnsc1C(c1ccc(C(C)C)cc1)N1CCN(CCO)CC1,359.53900000000027,3.2742200000000015,1,5,6,39.60000000000001,25,0,0.18421052631578946
DEC_2329,ACT_050,CHEMBL418019,CCN(CC)CCCNc1nc(C)cc2nc3ccccc3c(O)c12,338.4550000000001,3.9408200000000027,2,5,7,61.28,25,0,0.18421052631578946
DEC_2330,ACT_050,CHEMBL14530,O=C(O)CCCCCCN1C(=O)CC[C@@H]1/C=C/C(O)C1CCCCC1,351.4870000000002,3.5099000000000027,2,3,10,77.84,25,0,0.18461538461538463
DEC_2331,ACT_050,CHEMBL273603,COc1cc(CC(C)NCC2CC2)c(OC)cc1I,375.24999999999994,3.2390000000000017,1,3,7,30.49,19,0,0.18518518518518517
DEC_2332,ACT_050,CHEMBL21395,CCOc1cc(Cc2cnc(N)nc2N)ccc1OCc1ccccc1,350.4220000000001,3.209500000000002,2,6,7,96.28,26,0,0.18518518518518517
DEC_2333,ACT_050,CHEMBL15454,C=C(c1cc(C)cc(C)c1OCC(O)CNC(C)(C)C)n1ccnc1,343.471,3.146740000000001,2,4,7,59.31,25,0,0.18604651162790697
DEC_2334,ACT_050,CHEMBL25686,CCCCc1nc(Cl)c(CC(=O)O)n1Cc1ccc(C(=O)O)cc1,350.8020000000001,3.252700000000001,2,3,8,92.42,24,0,0.18604651162790697
DEC_2335,ACT_050,CHEMBL282931,O=C(O)CCC/C=C\C[C@H]1[C@H](F)CC[C@@H]1NS(=O)(=O)c1ccccc1,369.4580000000001,3.2828000000000017,2,3,9,83.47,25,0,0.18666666666666668
DEC_2336,ACT_050,CHEMBL275088,O=C(O)CCCCCCC(=O)N1CCC2(CCN(c3ccncc3)CC2)C1,373.4970000000001,3.325700000000002,1,4,8,73.74000000000001,27,0,0.1875
DEC_2337,ACT_050,CHEMBL21537,CCCCCCc1ccc(O)c(C(=O)NCc2ccc(C)c([N+](=O)[O-])c2)c1,370.4490000000001,4.6616200000000045,2,4,9,92.47,27,0,0.1875
DEC_2338,ACT_050,CHEMBL279660,CC/N=C(\N)c1ccc(-c2ccc(-c3ccc(/C(N)=N/CC)cc3)o2)cc1,360.46100000000007,4.064000000000003,2,3,6,89.89999999999999,27,0,0.1875
DEC_2339,ACT_050,CHEMBL417243,c1ccc(COc2ccc(Cc3ccc(NC4=NCCN4)cc3)cc2)cc1,357.457,4.227500000000003,2,4,6,45.65,27,0,0.18823529411764706
DEC_2340,ACT_050,CHEMBL279820,CS(=O)(=O)Nc1ccc([N+](=O)[O-])cc1OCc1ccc2ccccc2n1,373.3900000000001,3.0935000000000015,1,6,6,111.43,26,0,0.18823529411764706
DEC_2341,ACT_050,CHEMBL416011,CN(C)CCCCNc1c2ccccc2nc2cccc([N+](=O)[O-])c12,338.4110000000001,4.049900000000003,1,5,7,71.3,25,0,0.18840579710144928
DEC_2342,ACT_050,CHEMBL9869,COc1cccc2c1CCC[C@H]2CN(C)CCc1ccc2c(c1)CC(=O)N2,364.48900000000003,3.784200000000002,1,3,6,41.57,27,0,0.18888888888888888
DEC_2343,ACT_050,CHEMBL23367,CC(C)N(CCC1(c2ccccc2)C(=O)NCN2CCCCC21)C(C)C,357.54200000000026,3.3751000000000024,1,3,6,35.580000000000005,26,0,0.18888888888888888
DEC_2344,ACT_050,CHEMBL9991,CC(C)(C)C(=O)Oc1ccc(C(=O)c2ccccc2)cc1CCC(=O)O,354.40200000000016,3.886300000000002,1,4,6,80.67,26,0,0.1891891891891892
DEC_2345,ACT_050,CHEMBL18079,CC1CCC(C)N1CC(O)COC(c1ccccc1)c1ccccc1,339.47900000000004,4.0263000000000035,1,3,7,32.7,25,0,0.189873417721519
DEC_2346,ACT_050,CHEMBL279082,CCCc1ccc(C(=O)c2c(SC)cc(CC(=O)O)n2C)cc1,331.437,3.5576000000000016,1,3,7,59.300000000000004,23,0,0.189873417721519
DEC_2347,ACT_050,CHEMBL282287,CCS(=O)(=O)c1ccc(OC)c(-c2ccc(C(C)N3CCCC3)[nH]2)c1,362.4950000000002,3.6407000000000025,1,4,6,62.400000000000006,25,0,0.189873417721519
DEC_2348,ACT_050,CHEMBL10305,CC(C)(C)C(=O)Oc1ccc(C(=O)c2ccccc2)cc1CCCO,340.41900000000015,3.7940000000000027,1,4,6,63.60000000000001,25,0,0.19047619047619047
DEC_2349,ACT_050,CHEMBL15516,C=C(c1c(C)ccc(C)c1OCC(O)CNC(C)(C)C)n1ccnc1,343.471,3.146740000000001,2,4,7,59.31,25,0,0.19047619047619047
DEC_2350,ACT_051,CHEMBL263974,CC[C@@]1(O)C(=O)OCc2c1cc1n(c2=O)Cc2cc3c(CNCCN(C)C)c(O)ccc3nc2-1,464.5220000000003,1.4364000000000001,3,8,6,116.92,34,0,0.1595744680851064
DEC_2351,ACT_051,CHEMBL31265,CC(=O)OCC1=C(C(=O)O)N2C(=O)C(NC(=O)CCON=C3CCCCC3)C2SC1,439.49000000000035,1.0149000000000006,2,8,8,134.6,30,0,0.1595744680851064
DEC_2352,ACT_051,CHEMBL417601,Cn1c(=O)[nH]c2[nH]c(-c3ccc(S(=O)(=O)Oc4ccc([N+](=O)[O-])cc4)cc3)nc2c1=O,443.39700000000016,1.2927999999999997,2,8,5,170.05,31,0,0.16326530612244897
DEC_2353,ACT_051,CHEMBL267474,Cn1c(=O)[nH]c2[nH]c(-c3ccc(S(=O)(=O)Oc4cccc([N+](=O)[O-])c4)cc3)nc2c1=O,443.39700000000016,1.2927999999999997,2,8,5,170.05,31,0,0.1650485436893204
DEC_2354,ACT_051,CHEMBL17606,C=CCC(N)c1ccc([C@H]2C[C@H](SC3=C(C(=O)O)N4C(=O)[C@H]([C@@H](C)O)[C@H]4[C@H]3C)CN2)cc1,457.5960000000001,2.5523999999999996,4,6,8,115.89,32,0,0.16666666666666666
DEC_2355,ACT_051,CHEMBL26883,CC(=O)/C=C/C(=O)N[C@@H]1CCC2(O)C3Cc4ccc(O)c5c4C2(CCN3CC2CC2)C1O5,438.5240000000003,1.5862999999999992,3,6,5,99.10000000000001,32,0,0.16831683168316833
DEC_2356,ACT_051,CHEMBL417074,O=C(O)Cn1c(=O)c(=O)[nH]c2cc([N+](=O)[O-])c(-n3ccc(CC(=O)N4CCCCC4)c3)cc21,455.42700000000036,1.0283000000000004,2,6,6,160.54000000000002,33,0,0.16853932584269662
DEC_2357,ACT_051,CHEMBL17658,C/C(N)=N/Cc1ccc([C@H]2C[C@H](SC3=C(C(=O)O)N4C(=O)[C@H]([C@@H](C)O)[C@H]4[C@H]3C)CN2)cc1,458.5840000000001,1.8535999999999997,4,6,7,128.24999999999997,32,0,0.16853932584269662
DEC_2358,ACT_051,CHEMBL10571,CC[C@@]1(O)C(=O)OCc2c1cc1n(c2=O)Cc2cc3c(COCCN(C)C)c(O)ccc3nc2-1,465.5060000000003,1.8633999999999997,2,8,6,114.12,34,0,0.16964285714285715
DEC_2359,ACT_051,CHEMBL14057,C[C@@H](O)[C@H]1C(=O)N2C(C(=O)O)=C(S[C@@H]3CN[C@H](COc4ccc(CN)cc4)C3)[C@H](C)[C@H]12,447.5570000000003,1.1415000000000008,4,7,8,125.12,31,0,0.17204301075268819
DEC_2360,ACT_051,CHEMBL10779,c1cc(CN2CCN(Cc3ccc(CN4CCNCC4)cc3)CC2)ccc1CN1CCNCC1,462.6860000000004,1.8148000000000026,2,6,8,37.02,34,0,0.1724137931034483
DEC_2361,ACT_051,CHEMBL417267,CCC(N)c1ccc([C@H]2C[C@H](SC3=C(C(=O)O)N4C(=O)[C@H]([C@@H](C)O)[C@H]4[C@H]3C)CN2)cc1,445.5850000000001,2.3863000000000003,4,6,7,115.89,31,0,0.1744186046511628
DEC_2362,ACT_051,CHEMBL37889,Cc1cc(OCCCON=C(N)N)cc(OS(=O)(=O)c2cccc3cccnc23)c1,430.48600000000016,2.2848200000000007,2,7,9,139.12,30,0,0.1744186046511628
DEC_2363,ACT_051,CHEMBL18605,CN(c1ccccc1)c1cc(NCc2ccco2)c(S(=O)(=O)O)cc1S(N)(=O)=O.N,454.53000000000014,2.7156999999999996,4,8,7,177.94,30,0,0.17567567567567569
DEC_2364,ACT_051,CHEMBL14617,C[C@@H](O)[C@H]1C(=O)N2C(C(=O)O)=C(S[C@@H]3CN[C@H](CSc4ccc(CN)cc4)C3)[C@H](C)[C@H]12,463.6250000000003,1.8547999999999993,4,7,8,115.89,31,0,0.17582417582417584
DEC_2365,ACT_051,CHEMBL14312,C[C@@H](O)[C@H]1C(=O)N2C(C(=O)O)=C(S[C@@H]3CN[C@@H](CSc4ccc(CN)cc4)C3)[C@H](C)[C@H]12,463.6250000000003,1.8547999999999993,4,7,8,115.89,31,0,0.17582417582417584
DEC_2366,ACT_051,CHEMBL277818,C[C@@H](O)[C@H]1C(=O)N2C(C(=O)O)=C(S[C@@H]3CN[C@H](CSc4ccccc4)C3)[C@H](C)[C@H]12,434.5830000000002,2.3961000000000006,3,6,7,89.87,29,0,0.17582417582417584
DEC_2367,ACT_051,CHEMBL16628,Cc1c(Sc2cccc(I)c2)n(COCCO)c(=O)[nH]c1=O,434.2550000000002,1.5672199999999996,2,5,6,84.32,22,0,0.17582417582417584
DEC_2368,ACT_051,CHEMBL266329,CN(C)CCNCc1nn2c3cccc(O)c3c(=O)c3c(NCCN(C)C)ccc1c32,422.53300000000024,1.7690000000000001,3,7,9,85.14,31,0,0.17708333333333334
DEC_2369,ACT_051,CHEMBL417144,CC#CCOc1ccc(S(=O)(=O)N(C)c2c(C(=O)NO)cnc3snc(C)c23)cc1,446.5100000000001,2.3459200000000004,2,8,6,121.72000000000001,30,0,0.17708333333333334
DEC_2370,ACT_051,CHEMBL423658,C=CCN1CCC23c4c5ccc(O)c4OC2[C@H](NC(=O)/C=C/C(=O)OC)CCC3(O)C1C5,440.4960000000003,0.9462999999999995,3,7,5,108.33000000000001,32,0,0.17757009345794392
DEC_2371,ACT_051,CHEMBL280023,C[C@@H](O)[C@H]1C(=O)N2C(C(=O)O)=C(S[C@@H]3CN[C@H](CCc4ccc(CN)cc4)C3)[C@H](C)[C@H]12,445.5850000000003,1.6952999999999998,4,6,8,115.89,31,0,0.17777777777777778
DEC_2372,ACT_051,CHEMBL266984,O=C1[C@@H](NS(=O)(=O)c2ccc(-c3ccon3)s2)CCN1Cc1cc2cc[nH]cc-2n1,443.5100000000002,2.3103999999999996,2,7,6,121.18999999999998,30,0,0.17857142857142858
DEC_2373,ACT_051,CHEMBL8368,O=C1[C@@H](NS(=O)(=O)c2ccc(-c3ccon3)s2)CCN1Cc1cc2[nH]cccc-2n1,443.5100000000002,2.3103999999999996,2,7,6,121.18999999999998,30,0,0.17857142857142858
DEC_2374,ACT_051,CHEMBL17917,C[C@@H](O)[C@H]1C(=O)N2C(C(=O)O)=C(S[C@@H]3CN[C@@H](c4ccc(C(C)(C)N)cc4)C3)[C@H](C)[C@H]12,445.58500000000026,2.1702999999999992,4,6,6,115.89,31,0,0.17857142857142858
DEC_2375,ACT_051,CHEMBL267430,O=C1[C@@H](NS(=O)(=O)c2ccc(-c3ccon3)s2)CCN1CCNc1ccncc1,433.5150000000002,1.7893999999999994,2,8,8,117.42999999999999,29,0,0.17894736842105263
DEC_2376,ACT_051,CHEMBL20552,COC(=O)/C=C\C(=O)N[C@H]1CCC2(O)C3Cc4ccc(O)c5c4C2(CCN3CC2CC2)[C@H]1O5,454.5230000000003,1.170299999999999,3,7,5,108.33000000000001,33,0,0.1792452830188679
DEC_2377,ACT_051,CHEMBL22163,COC(=O)/C=C\C(=O)N[C@@H]1CCC2(O)C3Cc4ccc(O)c5c4C2(CCN3CC2CC2)[C@H]1O5,454.5230000000003,1.170299999999999,3,7,5,108.33000000000001,33,0,0.1792452830188679
DEC_2378,ACT_051,CHEMBL440282,COC(=O)/C=C\C(=O)N[C@@H]1CCC2(O)C3Cc4ccc(O)c5c4C2(CCN3CC2CC2)C1O5,454.5230000000003,1.170299999999999,3,7,5,108.33000000000001,33,0,0.1792452830188679
DEC_2379,ACT_051,CHEMBL289550,Cc1cc(OCCCON=C(N)N)cc(OS(=O)(=O)c2cccc3cnccc23)c1,430.48600000000016,2.28482,2,7,9,139.12,30,0,0.1794871794871795
DEC_2380,ACT_051,CHEMBL22253,CCOC(=O)c1cnc2ccc(C3(CCC(=O)NC(C)CC)CCC(=O)NC3=O)cc2c1O,455.5110000000003,2.4864,3,7,8,134.68999999999997,33,0,0.18
DEC_2381,ACT_051,CHEMBL279650,N.NS(=O)(=O)c1cc(S(=O)(=O)O)c(NCc2ccco2)cc1Oc1ccccc1,441.48700000000014,2.7401000000000018,4,8,7,183.92999999999998,29,0,0.18055555555555555
DEC_2382,ACT_051,CHEMBL27090,COC(=O)CCC(=O)N[C@@H]1CCC2(O)C3Cc4ccc(O)c5c4C2(CCN3CC2CC2)C1O5,456.5390000000003,1.3942999999999988,3,7,6,108.33000000000001,33,0,0.18095238095238095
DEC_2383,ACT_051,CHEMBL9262,COC(=O)/C=C/C(=O)N[C@@H]1CCC2C3Cc4ccc(O)c5c4C2(CCN3CC2CC2)[C@H]1O5,438.52400000000034,2.0553999999999992,2,6,5,88.10000000000001,32,0,0.18181818181818182
DEC_2384,ACT_051,CHEMBL25788,CC(C)(C)NC(=O)C(C1CC1)N1C(=O)[C@H](CS)NC(=O)[C@@H]1Cc1ccc([N+](=O)[O-])cc1,448.54500000000013,1.4560000000000002,3,6,7,121.65,31,0,0.18181818181818182
DEC_2385,ACT_051,CHEMBL416033,Cc1nc(N)ccc1CNC(=O)Cn1c(C)cc2c(c1=O)NCN(CC1CCC1)S2(=O)=O,460.5600000000003,0.9325399999999993,3,7,6,139.42,32,0,0.18269230769230768
DEC_2386,ACT_051,CHEMBL33858,O=C(NCCNCC(O)COc1ccccc1I)c1ccco1,430.2420000000001,1.6435000000000004,3,5,9,83.73,23,0,0.18309859154929578
DEC_2387,ACT_051,CHEMBL34043,CN(C)C(=O)c1ccc(COc2ccc(N3C(N)=NC(N)=NC3(C)C)cc2Cl)cc1,428.9240000000001,2.806300000000001,2,7,5,109.53999999999999,30,0,0.1836734693877551
DEC_2388,ACT_051,CHEMBL17552,CNCc1ccc([C@H]2C[C@H](SC3=C(C(=O)O)N4C(=O)[C@H]([C@@H](C)O)[C@H]4[C@H]3C)CN2)s1,437.5870000000001,1.7573999999999999,4,7,7,101.9,29,0,0.1839080459770115
DEC_2389,ACT_051,CHEMBL24507,O=C(Cc1cccc2c1Cc1c-2nc(O)c2nc(C(=O)O)cn12)NS(=O)(=O)c1ccccc1,464.45900000000006,1.7518999999999998,3,7,5,150.96,33,0,0.1839080459770115
DEC_2390,ACT_051,CHEMBL38913,COc1cc(/C=C(\C#N)C(N)=O)cc(-c2cc(/C=C(\C#N)C(N)=O)cc(OC)c2O)c1O,434.4080000000002,1.56656,4,8,7,192.67999999999995,32,0,0.18421052631578946
DEC_2391,ACT_051,CHEMBL14099,CCN(CC)c1nc(NCCNC(=O)c2ccccc2)c2ccccc2n1.O=C(O)C(=O)O,453.4990000000002,2.473499999999999,4,7,8,144.75,33,0,0.18518518518518517
DEC_2392,ACT_051,CHEMBL12747,O=C(O)Cn1c(=O)c(=O)[nH]c2cc([N+](=O)[O-])c(-n3ccc(/C=N/OCc4ccccc4)c3)cc21,463.4060000000002,2.024,2,7,8,161.82000000000002,34,0,0.18681318681318682
DEC_2393,ACT_051,CHEMBL266098,O=C1[C@@H](NS(=O)(=O)c2ccc(-c3ccccn3)s2)CCN1Cc1cc2[nH]cccc-2n1,453.54900000000026,2.7174000000000005,2,6,6,108.05,31,0,0.18691588785046728
DEC_2394,ACT_051,CHEMBL276381,CCCCc1nc(C(N)=O)c(C(N)=O)n1Cc1ccc(-n2cccc2-c2nn[nH]n2)cc1,433.47600000000006,1.4425999999999997,3,6,9,163.39,32,0,0.1875
DEC_2395,ACT_051,CHEMBL274219,CCN(CC)Cc1ccn(-c2cc3c(cc2C(F)(F)F)[nH]c(=O)c(=O)n3CC(=O)O)c1,438.4060000000001,2.4257,2,4,7,100.33,31,0,0.18811881188118812
DEC_2396,ACT_051,CHEMBL6666,CN(C)C(=O)c1cccc(COc2ccc(N3C(N)=NC(N)=NC3(C)C)cc2Cl)c1,428.9240000000001,2.8063000000000002,2,7,5,109.53999999999999,30,0,0.19101123595505617
DEC_2397,ACT_051,CHEMBL278723,C[C@@H](O)[C@H]1C(=O)N2C(C(=O)O)=C(S[C@@H]3CN[C@@H](c4ccc(CCN)cc4)C3)[C@H](C)[C@H]12,431.5580000000003,1.4777000000000002,4,6,7,115.89,30,0,0.19101123595505617
DEC_2398,ACT_051,CHEMBL14454,C[C@@H](O)[C@H]1C(=O)N2C(C(=O)O)=C(S[C@@H]3CN[C@H](COc4ccccc4)C3)[C@H](C)[C@H]12,418.5150000000002,1.6827999999999994,3,6,7,99.10000000000001,29,0,0.19148936170212766
DEC_2399,ACT_051,CHEMBL22294,N[C@H](C(=O)N1CCC(F)(F)C1)[C@H]1CC[C@H](NS(=O)(=O)c2ccc(F)cc2F)CC1,437.4590000000002,1.9967999999999995,2,4,5,92.5,29,0,0.19148936170212766
DEC_2400,ACT_052,CHEMBL6291,Cn1cc(C2=C(c3cn(CCCSC(=N)N)c4ccccc34)C(=O)NC2=O)c2ccccc21,457.55900000000014,3.7169700000000017,3,4,6,105.9,33,0,0.16455696202531644
DEC_2401,ACT_052,CHEMBL26294,O=C(O)CCCC(=O)N1CCC2(CCC(C(=O)N3CCC(C4CCNCC4)CC3)CC2)CC1,461.64700000000045,3.278500000000002,2,4,6,89.95,33,0,0.16666666666666666
DEC_2402,ACT_052,CHEMBL267386,Cn1cc(C2=C(c3cn(CCCN=C(N)N)c4ccccc34)C(=O)NC2=O)c2ccccc21,440.5070000000001,2.3636999999999997,3,3,6,120.42999999999998,33,0,0.16883116883116883
DEC_2403,ACT_052,CHEMBL28051,O=C(CBr)N[C@@H]1CCC2(O)C3Cc4ccc(O)c5c4C2(CCN3CC2CC2)C1O5,463.37200000000036,1.8359999999999999,3,5,4,82.03,29,0,0.17
DEC_2404,ACT_052,CHEMBL268208,Cc1c(N2C[C@H](F)[C@@H](C3(N)CC3)C2)c(F)c(N)c2c(=O)c(C(=O)O)cn([C@@H]3C[C@@H]3F)c12,436.4340000000001,2.277920000000001,3,5,4,114.57999999999998,31,0,0.17272727272727273
DEC_2405,ACT_052,CHEMBL7265,Cc1c(N2C[C@@H](F)[C@@H](C3(N)CC3)C2)c(F)c(N)c2c(=O)c(C(=O)O)cn([C@@H]3C[C@@H]3F)c12,436.4340000000001,2.277920000000001,3,5,4,114.57999999999998,31,0,0.17272727272727273
DEC_2406,ACT_052,CHEMBL29297,NCC1CN(c2c(F)cc3c(=O)c(C(=O)O)cn(-c4cc(F)cc(F)c4)c3c2F)CCO1,451.3760000000002,2.4092000000000002,2,5,4,97.79,32,0,0.1794871794871795
DEC_2407,ACT_052,CHEMBL23375,CCN1C(=O)c2c(nc(C(=O)NC)n2Cc2ccc(O)c(Cl)c2)N2C1=N[C@@H]1CCC[C@@H]12,442.9070000000002,2.2227999999999994,2,6,4,103.06,31,0,0.18018018018018017
DEC_2408,ACT_052,CHEMBL273670,OC[C@@]1(CCc2ccccc2)CC2C3Cc4ccc(O)c5c4C2(CCN3CC2CC2)C(O5)[C@@H]1O,461.6020000000003,3.4237000000000024,3,5,6,73.16000000000001,34,0,0.1827956989247312
DEC_2409,ACT_052,CHEMBL20628,CC1(C)N=C(N)N=C(N)N1c1cccc(OCCOc2cccc(C(F)(F)F)c2)c1,421.42300000000006,3.348700000000002,2,7,6,98.46,30,0,0.18421052631578946
DEC_2410,ACT_052,CHEMBL7201,CN(C(=O)[C@H](CC#Cc1c[nH]cn1)NS(=O)(=O)c1ccc2ccccc2c1)C1CCCC1,450.5640000000003,3.0526000000000018,2,4,6,95.16,32,0,0.1875
DEC_2411,ACT_052,CHEMBL9341,CC(C)/N=C(\N)c1ccc(N2CCCN(c3ccc(/C(N)=N/C(C)C)cc3)CC2)cc1,420.6050000000002,3.6307000000000027,2,4,6,83.24,31,0,0.18840579710144928
DEC_2412,ACT_052,CHEMBL38093,NC(=O)c1cccc(CN2C(=O)N3C(Cc4ccccc4)[C@@H]3[C@@H](O)[C@H]2Cc2ccccc2)c1,441.53100000000006,2.9888000000000012,2,3,7,86.64000000000001,33,0,0.19117647058823528
DEC_2413,ACT_052,CHEMBL16703,C1=C(c2ccccc2)C(N2CCNCC2)=Nc2ccccc2C1.O=C(O)/C=C/C(=O)O,419.4810000000001,2.9733,3,5,3,102.23,31,0,0.1917808219178082
DEC_2414,ACT_052,CHEMBL275884,NCCO.O=C(O)C(=O)Nc1nc(-c2ccc(Sc3ccccc3)cc2)cs1,417.51200000000006,2.921800000000001,4,7,5,125.54,28,0,0.1917808219178082
DEC_2415,ACT_052,CHEMBL11181,Cc1nc(N)ccc1CNC(=O)Cn1c(C)cc2c(c1=O)NC(=O)[C@](C)(CC(C)C)C2,425.53300000000024,2.3057399999999992,3,5,6,119.10999999999999,31,0,0.1927710843373494
DEC_2416,ACT_052,CHEMBL19279,C#CC(C)Oc1ccc(S(=O)(=O)N(C)c2c(C)cc(Br)cc2C(=O)NO)cc1,467.34100000000007,3.10212,2,5,6,95.94000000000001,28,0,0.1927710843373494
DEC_2417,ACT_052,CHEMBL285610,CCN1C(=O)c2c(nc(C(N)=O)n2Cc2ccc(O)c(Cl)c2)N2C1=N[C@@H]1CCC[C@@H]12,428.88000000000017,1.9620999999999997,2,6,4,117.05,30,0,0.1927710843373494
DEC_2418,ACT_052,CHEMBL19005,CC#CCOc1ccc(S(=O)(=O)N(C)c2c(C)cc(Br)cc2C(=O)NO)cc1,467.34100000000007,3.103720000000001,2,5,6,95.94000000000001,28,0,0.19318181818181818
DEC_2419,ACT_052,CHEMBL11113,CC(C)C(NC(=O)Cn1c(-c2cccs2)ncc(N)c1=O)B1OC(C)(C)C(C)(C)O1,432.3550000000003,2.3262,2,7,6,108.47,30,0,0.19387755102040816
DEC_2420,ACT_052,CHEMBL286963,NC(=O)c1ccc2[nH]c3c(N4CCN(CCc5ccc(F)c(F)c5)CC4)ncnc3c2c1,436.4660000000001,2.852900000000001,2,5,5,91.14,32,0,0.19387755102040816
DEC_2421,ACT_052,CHEMBL266690,O=C1[C@@H](NS(=O)(=O)c2ccc(-c3ccccn3)s2)CCN1Cc1cc2c[nH]ccc-2n1,453.54900000000026,2.7174000000000005,2,6,6,108.05,31,0,0.19444444444444445
DEC_2422,ACT_052,CHEMBL269102,O=C1[C@@H](NS(=O)(=O)c2ccc(-c3ccccn3)s2)CCN1Cc1cc2cc[nH]cc-2n1,453.54900000000026,2.7174000000000005,2,6,6,108.05,31,0,0.19444444444444445
DEC_2423,ACT_052,CHEMBL278060,C#CCOc1ccc(S(=O)(=O)N(C)c2c(C)cc(Br)cc2C(=O)NO)cc1,453.314,2.7136200000000006,2,5,6,95.94000000000001,27,0,0.19540229885057472
DEC_2424,ACT_052,CHEMBL280509,C[C@]12CCC(=O)C=C1CCC1C2=CC[C@@]2(C)C1CC[C@]2(O)C(=O)CN1CCN(CCO)CC1,456.62700000000035,2.3485000000000005,2,6,5,81.08,33,0,0.1956521739130435
DEC_2425,ACT_052,CHEMBL416710,CC1=C(C(=O)OC(c2ccccc2)c2ccccc2)N2C(=O)[C@@H](NC3=NC4CC4N3)C2SC1,460.5590000000002,2.5665999999999993,2,7,5,83.03,33,0,0.1958762886597938
DEC_2426,ACT_052,CHEMBL14022,CCNC(=O)N(CCCN(C)C)C(=O)[C@@H]1C[C@@H]2c3cccc4[nH]cc(c34)C[C@H]2N(C)C1,425.57700000000017,2.6377000000000006,2,4,6,71.67999999999999,31,0,0.19607843137254902
DEC_2427,ACT_052,CHEMBL412435,CNC(=O)c1cccc2c(Nc3ccc(NS(C)(=O)=O)cc3OC)c3ccc(N)cc3nc12,465.5350000000003,3.453500000000002,4,7,6,135.44,33,0,0.19607843137254902
DEC_2428,ACT_052,CHEMBL268835,O=C1[C@@H](NS(=O)(=O)c2cc3nc(Cl)ccc3s2)CCN1Cc1cc2c[nH]ccc-2n1,461.95600000000024,2.857000000000001,2,6,5,108.05,30,0,0.19626168224299065
DEC_2429,ACT_052,CHEMBL268226,O=C1[C@@H](NS(=O)(=O)c2cc3ccc(Cl)nc3s2)CCN1Cc1cc2[nH]cccc-2n1,461.95600000000024,2.857,2,6,5,108.05,30,0,0.19626168224299065
DEC_2430,ACT_052,CHEMBL8506,O=C1[C@@H](NS(=O)(=O)c2cc3c(Cl)nccc3s2)CCN1Cc1cc2cc[nH]cc-2n1,461.95600000000024,2.857000000000001,2,6,5,108.05,30,0,0.19642857142857142
DEC_2431,ACT_052,CHEMBL13277,Cc1ccc(S(=O)(=O)O)cc1.N/C(=N\O)N/N=C/c1ccc(Cl)c([N+](=O)[O-])c1,429.8420000000002,2.11732,4,7,4,180.51,28,0,0.19753086419753085
DEC_2432,ACT_052,CHEMBL9667,COc1ccc2c3c1OC1[C@H](O)[C@](CO)(CCc4ccccc4)CC4C(C2)N(C)CCC341,435.5640000000002,2.9465000000000012,2,5,5,62.160000000000004,32,0,0.1978021978021978
DEC_2433,ACT_052,CHEMBL31936,O=C(O)c1cn(-c2ccc(F)cc2F)c2cc(N3CCC(=NO)CC3)c(F)cc2c1=O,431.37000000000023,3.5366000000000017,2,5,3,95.13,31,0,0.1978021978021978
DEC_2434,ACT_052,CHEMBL26232,CCC1C2Cc3ccc(O)cc3C1(CC)CCN2C(=O)C(N)CCCN=C(N)N.Cl,438.01600000000025,2.0258999999999996,4,4,7,130.96,30,0,0.19791666666666666
DEC_2435,ACT_052,CHEMBL415247,CC(C)[C@@H](CN1CC[C@@](C)(c2cccc(O)c2)[C@@H](C)C1)NC(=O)[C@H]1Cc2ccc(O)cc2CN1,465.6380000000003,3.5526000000000018,4,5,6,84.83,34,0,0.19791666666666666
DEC_2436,ACT_052,CHEMBL269316,CC1=C(C(=O)OC(c2ccccc2)c2ccccc2)N2C(=O)[C@@H](NC3=NCC(C)N3)C2SC1,462.5750000000002,2.8142000000000005,2,7,5,83.03,33,0,0.19791666666666666
DEC_2437,ACT_052,CHEMBL274152,Cc1nc(N)ccc1CNC(=O)Cn1c(C)cc2c(c1=O)NC(=O)[C@H](CC1CCC1)C2,423.5170000000003,2.059739999999999,3,5,6,119.10999999999999,31,0,0.19801980198019803
DEC_2438,ACT_052,CHEMBL12294,C[C@@H](N)Cc1c[nH]cn1.S=C(NC1CCCCC1)N1CCC(c2c[nH]cn2)CC1,417.6270000000002,3.095700000000001,4,4,4,98.64999999999999,29,0,0.19801980198019803
DEC_2439,ACT_052,CHEMBL281525,CCC(C)(O)C#Cc1nc(NCc2ccc(OC)c(OC)c2)c2ncn(C(C)C)c2n1,423.51700000000017,3.549000000000002,2,7,7,94.32000000000001,31,0,0.19801980198019803
DEC_2440,ACT_052,CHEMBL266806,O=C1[C@@H](NS(=O)(=O)c2cc3ccnc(Cl)c3s2)CCN1Cc1cc2cc[nH]cc-2n1,461.95600000000024,2.857,2,6,5,108.05,30,0,0.1981981981981982
DEC_2441,ACT_052,CHEMBL277304,O=C(Nc1ccc(Cn2cnc3ncnc-3c2O)cc1)c1cccc(S(=O)(=O)F)c1,427.41700000000014,2.4423000000000004,2,7,5,127.07,30,0,0.2
DEC_2442,ACT_052,CHEMBL27271,O=C1NC(Cc2ccccc2)C2(CCN(CC(O)C3COc4ccccc4O3)CC2)O1,424.49700000000024,2.373,2,6,5,80.26000000000002,31,0,0.2
DEC_2443,ACT_052,CHEMBL287871,CN(c1c(C(=O)NO)cnc2ccccc12)S(=O)(=O)c1ccc(Oc2ccncc2)cc1,450.47600000000017,3.366200000000002,2,7,6,121.72,32,0,0.2
DEC_2444,ACT_052,CHEMBL288671,CC#CCOc1ccc(S(=O)(=O)N(C)c2c(C(=O)NO)cnc3c(OC)cccc23)cc1,455.49200000000013,2.589600000000001,2,7,7,118.06000000000002,32,0,0.2
DEC_2445,ACT_052,CHEMBL296720,O=C(O)c1ccc2c(c1)C(SCCNS(=O)(=O)c1cccnc1)c1ccccc1CO2,456.5450000000002,3.473300000000002,2,6,7,105.59,31,0,0.2
DEC_2446,ACT_052,CHEMBL8645,O=C1[C@@H](NS(=O)(=O)c2cc3nc(Cl)ccc3s2)CCN1Cc1cc2cc[nH]cc-2n1,461.95600000000024,2.857000000000001,2,6,5,108.05,30,0,0.2018348623853211
DEC_2447,ACT_052,CHEMBL268655,O=C1[C@@H](NS(=O)(=O)c2cc3ccc(Cl)nc3s2)CCN1Cc1cc2cc[nH]cc-2n1,461.95600000000024,2.857,2,6,5,108.05,30,0,0.2018348623853211
DEC_2448,ACT_052,CHEMBL11988,CC1(C)C=C(n2ccccc2=O)c2cc(S(=O)(=O)NC(=O)NC3CCCCC3)ccc2O1,457.5520000000003,3.2291000000000016,2,5,4,106.50000000000001,32,0,0.20202020202020202
DEC_2449,ACT_052,CHEMBL12599,COc1cc2cc(CO)c(CO)c(-c3ccnc(-n4ccccc4=O)c3)c2cc1OC,418.4490000000001,3.0545000000000018,2,6,6,93.80999999999999,31,0,0.20212765957446807
DEC_2450,ACT_053,CHEMBL315267,CC(C)C[C@@H]1OC(=O)C(C)(C)CNC(=O)[C@@H](Cc2cccnc2)NC(=O)/C=C/C[C@@H]([C@H](C)/C=C/c2ccccc2)OC1=O,589.7330000000002,4.430400000000003,2,7,7,123.69,43,0,0.1509433962264151
DEC_2451,ACT_053,CHEMBL314522,CC(C)C[C@@H]1OC(=O)C(C)(C)CNC(=O)[C@@H](Cc2ccccc2)NC(=O)/C=C/C[C@@H]([C@H](C)[C@H]2O[C@@H]2c2ccccc2)OC1=O,604.7440000000003,4.462100000000003,2,7,7,123.33000000000001,44,0,0.1523809523809524
DEC_2452,ACT_053,CHEMBL334021,Nc1ncc(Cc2cc(I)c(OCCCOc3ccccc3)c(I)c2)c(N)n1,602.214,4.288900000000003,2,6,8,96.28,28,0,0.1590909090909091
DEC_2453,ACT_053,CHEMBL441077,CC[C@@]1(O)C(=O)OCc2c1cc1n(c2=O)Cc2c-1nc1ccccc1c2[Si](c1ccccc1)(c1ccccc1)C(C)(C)C,586.764,4.349900000000004,1,5,4,81.42,43,0,0.1650485436893204
DEC_2454,ACT_053,CHEMBL417458,CN(C)CCNC1CC(=O)N([C@H]2CC3CC[C@]2(CS(=O)(=O)N2CCC4(CCc5ccccc54)CC2)C3(C)C)C1=O,570.8000000000003,2.769800000000002,1,6,8,90.03,40,0,0.168141592920354
DEC_2455,ACT_053,CHEMBL282761,CCN(CC)CCN1C(=O)c2c(c3c4ccccc4n4c3c3c2c2ccccc2n3[C@H]2[C@@H](O)[C@H](OC)[C@@H](CO)O[C@H]24)C1=O,582.6570000000003,3.6605000000000016,2,7,7,109.4,43,0,0.17272727272727273
DEC_2456,ACT_053,CHEMBL281361,CC1(C)C2CC[C@@]1(CS(=O)(=O)N1CCC3(CCc4ccccc43)CC1)[C@@H](N1C(=O)C[C@H](NCc3ccccc3)C1=O)C2,589.8020000000002,4.408400000000003,1,5,7,86.78999999999999,42,0,0.17346938775510204
DEC_2457,ACT_053,CHEMBL279022,CC1(C)C2CC[C@@]1(CS(=O)(=O)N1CCC3(CCc4ccccc43)CC1)[C@@H](N1C(=O)C[C@@H](NCc3ccccc3)C1=O)C2,589.8020000000002,4.408400000000003,1,5,7,86.78999999999999,42,0,0.17346938775510204
DEC_2458,ACT_053,CHEMBL298830,CC(=O)N1[C@H]2N(C(=O)[C@@H]1CC(C)C)c1ccccc1[C@@]2(O)C[C@@H]1NC(=O)c2ccccc2-n2c1nc1ccccc1c2=O,577.6410000000003,3.3976000000000015,2,6,4,124.84000000000003,43,0,0.17391304347826086
DEC_2459,ACT_053,CHEMBL83460,Cc1cn(C2CC(F)C(COP(=O)(OCC(Cl)(Cl)Cl)OCC(Cl)(Cl)Cl)O2)c(=O)[nH]c1=O,586.9789999999999,4.368920000000002,1,7,8,108.85,31,0,0.17647058823529413
DEC_2460,ACT_053,CHEMBL21233,O=S(=O)(NS(=O)(=O)N1CCc2c(Br)cccc2C1)N1CCc2c(Br)cccc2C1,565.3090000000001,2.707200000000001,1,4,4,86.78999999999999,29,0,0.1791044776119403
DEC_2461,ACT_053,CHEMBL24321,COC(=O)c1c(C(=O)N2CCN(CCO)CC2)cc2ccc(C)cc2c1-c1cc(Br)c(OC)c(OC)c1,571.4680000000001,4.131620000000003,1,7,7,88.54000000000002,37,0,0.18556701030927836
DEC_2462,ACT_053,CHEMBL273585,C=CC1C[C@@]1(NC(=O)C1C[C@@H](Oc2ccnc3ccccc23)CN1C(=O)[C@@H](NC(=O)OC(C)(C)C)C(C)(C)C)C(=O)O,580.6820000000004,3.668000000000002,3,7,8,147.16,42,0,0.1864406779661017
DEC_2463,ACT_053,CHEMBL330117,C=CC1C[C@]1(NC(=O)C1C[C@@H](Oc2ccnc3ccccc23)CN1C(=O)[C@@H](NC(=O)OC(C)(C)C)C(C)(C)C)C(=O)O,580.6820000000004,3.668000000000002,3,7,8,147.16,42,0,0.1864406779661017
DEC_2464,ACT_053,CHEMBL293744,CCN1[C@H]2N(C(=O)[C@@H]1CC(C)C)c1ccccc1[C@@]2(O)C[C@@H]1NC(=O)c2ccccc2N2C(=O)c3ccccc3NC12,565.6740000000002,3.897800000000002,3,6,5,105.22,42,0,0.18947368421052632
DEC_2465,ACT_053,CHEMBL332489,O=C(O)CN1CC(=O)N2[C@H](CC34CC5CC(CC(C5)C3)C4)C(=O)N(Cc3ccccc3)c3ccccc3C(=O)C[C@H]2C1=O,583.6850000000003,3.905300000000002,1,5,6,115.29999999999998,43,0,0.19047619047619047
DEC_2466,ACT_053,CHEMBL334320,CC(=O)N1[C@H](CC23CC4CC(CC(C4)C2)C3)C(=O)N(Cc2ccccc2)c2ccccc2C(=O)C[C@H]1C(=O)NCCC(=O)O,599.7280000000002,4.589300000000003,2,5,8,124.09000000000002,44,0,0.1926605504587156
DEC_2467,ACT_053,CHEMBL26967,C=C[C@H]1C[N@+]2(Cc3cc(C(C)(C)C)c(OC)c(C(C)(C)C)c3)CC[C@H]1C[C@H]2[C@H](O)c1ccnc2ccccc12.[Br-],607.6770000000002,4.487200000000003,1,3,6,42.35,40,0,0.19298245614035087
DEC_2468,ACT_053,CHEMBL27076,C=C[C@H]1C[N@+]2(Cc3cc(C(C)(C)C)c(OC)c(C(C)(C)C)c3)CC[C@H]1C[C@@H]2[C@@H](O)c1ccnc2ccccc12.[Br-],607.6770000000002,4.487200000000003,1,3,6,42.35,40,0,0.19298245614035087
DEC_2469,ACT_053,CHEMBL301727,CN(C)Cc1ccc(NC2C(=O)C(Br)C(Nc3ccc(CN(C)C)cc3)C(=O)C2Br)cc1,566.3380000000002,3.749800000000003,2,6,8,64.68,32,0,0.19298245614035087
DEC_2470,ACT_053,CHEMBL334247,CC(=O)N1[C@H](CC23CC4CC(CC(C4)C2)C3)C(=O)N(Cc2ccc(F)cc2)c2ccccc2C(=O)C[C@H]1C(=O)NCC(=O)O,603.6910000000001,4.338300000000003,2,5,7,124.09000000000002,44,0,0.19318181818181818
DEC_2471,ACT_053,CHEMBL433482,COc1ccc(C[C@H]2NC(=O)/C=C/C[C@@H]([C@H](C)C3OC3c3ccccc3)OC(=O)[C@H](CC(C)C)CC(=O)CCNC2=O)cc1,604.7440000000003,4.498200000000003,2,7,8,123.32999999999998,44,0,0.1941747572815534
DEC_2472,ACT_053,CHEMBL26441,COC(=O)c1c(C(=O)N2CCN(CCO)CC2)cc2ccc(Cl)cc2c1-c1cc(Br)c(OC)c(OC)c1,591.886,4.476600000000004,1,7,7,88.54000000000002,37,0,0.19469026548672566
DEC_2473,ACT_053,CHEMBL117868,CC(=O)N1[C@H](CC23CC4CC(CC(C4)C2)C3)C(=O)N(Cc2cccc(F)c2)c2ccccc2C(=O)C[C@H]1C(=O)NCC(=O)O,603.6910000000001,4.338300000000003,2,5,7,124.09000000000002,44,0,0.19469026548672566
DEC_2474,ACT_053,CHEMBL72935,COc1c(I)cc(CC2NCCc3nc(NC(C)=O)sc32)cc1I,569.2060000000002,3.748800000000002,2,5,4,63.25,24,0,0.1951219512195122
DEC_2475,ACT_053,CHEMBL315389,O=C1NC(=O)C2=C1c1cn(c3ccccc13)CCO[C@H](CNS(=O)(=O)c1ccccc1)CCn1cc2c2ccccc21,580.6660000000002,3.9306000000000028,2,5,4,111.43,42,0,0.1951219512195122
DEC_2476,ACT_053,CHEMBL319667,COc1cc2cc(C(=O)N3C[C@@H](CCl)c4c3cc(O)c3[nH]c(C)c(C(=O)N5CCN(C)CC5)c43)[nH]c2c(OC)c1OC,596.0840000000003,4.059420000000003,3,7,6,123.35999999999999,42,0,0.19626168224299065
DEC_2477,ACT_053,CHEMBL324367,CC(=O)N1[C@@H](C(=O)NCC(=O)O)CC(=O)c2ccccc2N(Cc2ccccc2)C(=O)[C@@H]1CC12CC3CC(CC(C3)C1)C2,585.701,4.199200000000003,2,5,7,124.09,43,0,0.19626168224299065
DEC_2478,ACT_053,CHEMBL118930,CC(=O)N1[C@H](CC23CC4CC(CC(C4)C2)C3)C(=O)N(Cc2ccccc2)c2ccccc2C(=O)C[C@H]1C(=O)NCC(=O)O,585.7010000000002,4.199200000000002,2,5,7,124.09000000000002,43,0,0.19626168224299065
DEC_2479,ACT_053,CHEMBL118584,CC(=O)N1C(C(=O)NCC(=O)O)CC(=O)c2cc(F)ccc2N(Cc2ccccc2)C(=O)C1CC12CC3CC(CC(C3)C1)C2,603.6909999999999,4.338300000000003,2,5,7,124.09,44,0,0.19642857142857142
DEC_2480,ACT_053,CHEMBL333623,COC(=O)CNC(=O)[C@@H]1CC(=O)c2ccccc2N(Cc2ccccc2)C(=O)[C@@H](CC23CC4CC(CC(C4)C2)C3)N1C(C)=O,599.7280000000001,4.287600000000003,1,6,7,113.09,44,0,0.19642857142857142
DEC_2481,ACT_053,CHEMBL299311,COc1ccc(C[C@H]2NC(=O)/C=C/C[C@@H]([C@H](C)C3OC3c3ccccc3)OC(=O)[C@H](CC(C)C)OCCNC2=O)cc1,578.7060000000004,3.917900000000002,2,7,8,115.49000000000001,42,0,0.19801980198019803
DEC_2482,ACT_053,CHEMBL279782,CN1CCC(=O)N(CC(=O)NCc2cc3cc(C(=O)N4CCC(N5C(=O)OCc6ccccc65)CC4)ccc3o2)C1=O,573.6060000000004,3.094500000000002,1,7,6,132.70999999999998,42,0,0.1981981981981982
DEC_2483,ACT_053,CHEMBL21949,O=S(=O)(NS(=O)(=O)N1CCc2ccc(Br)cc2C1)N1CCc2ccc(Br)cc2C1,565.3090000000001,2.707200000000001,1,4,4,86.78999999999999,29,0,0.2
DEC_2484,ACT_053,CHEMBL293327,Cc1ccc(C(=O)OCC2=C(C(=O)O)N3C(=O)[C@@H](NC(=O)CSc4cc(Cl)ccc4Cl)C3SC2)cc1,567.4720000000001,3.9895200000000024,2,7,8,113.00999999999999,36,0,0.2
DEC_2485,ACT_053,CHEMBL24752,COC(=O)c1c(C(=O)N2CCN(CCO)CC2)cc2c(Cl)cccc2c1-c1cc(Br)c(OC)c(OC)c1,591.886,4.476600000000005,1,7,7,88.54000000000002,37,0,0.2
DEC_2486,ACT_053,CHEMBL446414,CC(=O)N1[C@H](CC23CC4CC(CC(C4)C2)C3)C(=O)N(Cc2ccccc2)c2ccccc2C(=O)C[C@H]1C(=O)N[C@@H](C)C(=O)O,599.7280000000003,4.587700000000003,2,5,7,124.09000000000002,44,0,0.2
DEC_2487,ACT_053,CHEMBL118096,CC(=O)N1[C@H](CC23CC4CC(CC(C4)C2)C3)C(=O)N(Cc2ccccc2)c2ccccc2C(=O)C[C@H]1C(=O)N[C@H](C)C(=O)O,599.7280000000003,4.587700000000003,2,5,7,124.09000000000002,44,0,0.2
DEC_2488,ACT_053,CHEMBL292799,CN(Cc1ccccc1)C(=O)[C@@H](Cc1csc2ccccc12)NC(=O)C1C[C@@H](O)CN1C(=O)c1cn(C)c2ccccc12,594.7370000000002,4.354500000000003,2,5,8,94.88,43,0,0.20202020202020202
DEC_2489,ACT_053,CHEMBL290336,N#CN=C1N(Cc2ccc(C#N)cc2)[C@H](Cc2ccccc2)[C@H](O)[C@@H](O)[C@@H](Cc2ccccc2)N1Cc1ccc(C#N)cc1,580.6920000000001,4.529240000000004,2,6,8,130.67,44,0,0.20238095238095238
DEC_2490,ACT_053,CHEMBL20516,CSc1ccc2c(c1Cl)CN(S(=O)(=O)NS(=O)(=O)N1CCc3ccc(SC)c(Cl)c3C1)CC2,568.5949999999999,3.932800000000003,1,6,6,86.79,33,0,0.2028985507246377
DEC_2491,ACT_053,CHEMBL32404,O=C(Cn1cnc(C(F)(F)F)cc1=O)NCc1cc2cc(C(=O)N3CCC(N4C(=O)OCc5ccccc54)CC3)ccc2o1,609.5610000000001,4.086100000000004,1,7,6,126.97999999999999,44,0,0.20353982300884957
DEC_2492,ACT_053,CHEMBL280678,C[C@@H](O)CN1CCC[C@@H](C(=O)NC2CC3CCC2(CS(=O)(=O)N2CCC4(CCc5ccccc54)CC2)C3(C)C)C1,571.8280000000002,3.7001000000000026,2,5,7,89.95,40,0,0.20388349514563106
DEC_2493,ACT_053,CHEMBL432271,CC1CC(=O)N(CC(=O)N(C)C)N=C1c1ccc2nc(C3CC3)n(Cc3ccc(-c4ccccc4-c4nn[nH]n4)cc3)c2c1,587.6880000000002,4.469800000000003,1,7,8,125.26,44,0,0.20512820512820512
DEC_2494,ACT_053,CHEMBL432007,O=C1C2CN(C(=O)COCc3ccccc3)C3(CCNCC3)C2C(=O)N1Cc1cc(C(F)(F)F)cc(C(F)(F)F)c1,583.5290000000005,4.006600000000002,1,5,6,78.95,41,0,0.205607476635514
DEC_2495,ACT_053,CHEMBL18055,N=C(N)c1ccc2c(c1)CCC2NC(=O)[C@@H]1CC[C@H]2CN(S(=O)(=O)C(c3ccccc3)c3ccccc3)CC(=O)N21,571.7030000000001,2.8687700000000014,3,5,7,136.66,41,0,0.20833333333333334
DEC_2496,ACT_053,CHEMBL24319,CN(C)C(=O)CN1N=C(c2ccc3nc(C4CC4)n(Cc4ccc(-c5ccccc5-c5nn[nH]n5)cc4)c3c2)CCC1=O,573.6610000000001,4.223800000000002,1,7,8,125.26000000000002,43,0,0.20869565217391303
DEC_2497,ACT_053,CHEMBL10936,OC1(c2ccc(-c3ccc(C4(O)CN(CCBr)CCO4)cc3)cc2)CN(CCBr)CCO1,570.3220000000001,3.0980000000000016,2,6,7,65.4,32,0,0.208955223880597
DEC_2498,ACT_053,CHEMBL434988,CC(=O)N1C(C(=O)NCC(=O)O)CC(=O)c2cc(C)ccc2N(Cc2ccccc2)C(=O)C1CC12CC3CC(CC(C3)C1)C2,599.728,4.507620000000004,2,5,7,124.09,44,0,0.20952380952380953
DEC_2499,ACT_053,CHEMBL42065,CN1CCN(C(=O)CN2C(=O)[C@@H](CC(=O)NCc3cccc4ccccc34)S[C@@H]2c2ccc(Cl)cc2Cl)CC1,585.5569999999999,4.5697000000000045,1,5,7,72.96,39,0,0.21052631578947367
DEC_2500,ACT_054,CHEMBL19492,CCCc1cc(C#N)ccc1/N=c1\c(O)c(O)\c1=N/[C@H](C)C(C)(C)C,339.4390000000001,3.365280000000002,2,5,4,88.97,25,0,0.17
DEC_2501,ACT_054,CHEMBL282401,Cc1noc(NS(=O)(=O)c2ccc3ccc(N(C)C)cc3c2)c1C,345.42400000000015,3.311440000000002,1,5,4,75.44,24,0,0.17045454545454544
DEC_2502,ACT_054,CHEMBL417651,Cc1noc(NS(=O)(=O)c2cccc(-c3ccccc3)c2)c1C,328.3930000000001,3.759240000000002,1,4,4,72.2,23,0,0.17073170731707318
DEC_2503,ACT_054,CHEMBL428840,C#CCOCN1c2ccccc2C(=O)N(Cc2ccccc2)S1(=O)=O,356.403,2.0011,0,4,5,66.92,25,0,0.17105263157894737
DEC_2504,ACT_054,CHEMBL273684,O=C(c1ccc(F)cc1)C(O)(Cn1cncn1)c1ccccc1Cl,345.7610000000001,2.8413000000000013,1,4,5,68.00999999999999,24,0,0.17142857142857143
DEC_2505,ACT_054,CHEMBL19516,CCc1cc(C#N)ccc1C/N=c1\c(O)c(O)\c1=N/[C@H](C)C(C)(C)C,339.4390000000001,2.843680000000001,2,5,4,88.97,25,0,0.1717171717171717
DEC_2506,ACT_054,CHEMBL266858,CC(C)(C)c1cc(C(=O)CS(=O)(=O)CC2CC2)cc2c1OCC2(C)C,364.5070000000001,3.6616000000000026,0,4,5,60.44,25,0,0.17204301075268819
DEC_2507,ACT_054,CHEMBL7938,CN(C)CCN(C)c1ccc2ncn3c4ccccc4c(=O)c1c23,320.39600000000013,2.4365000000000006,0,4,4,40.85,24,0,0.1724137931034483
DEC_2508,ACT_054,CHEMBL282754,CC1(C)N=C(N)N=C(N)N1c1cccc(COc2ccccc2)c1,323.40000000000003,2.4511000000000003,2,6,4,89.22999999999999,24,0,0.1724137931034483
DEC_2509,ACT_054,CHEMBL7063,COc1cc(CC2CCc3nc(N)nc(N)c3C2)cc(OC)c1OC,344.41500000000013,2.0144,2,7,5,105.51,25,0,0.1728395061728395
DEC_2510,ACT_054,CHEMBL280088,C[C@@H]1CN(CCCCc2ccc3c(c2)sc(=O)n3C)C[C@H](C)N1,333.5010000000001,2.6049000000000007,1,4,5,37.27,23,0,0.1728395061728395
DEC_2511,ACT_054,CHEMBL279252,CC(C)c1ccc(C(c2ccns2)N2CCN(CCO)CC2)cc1,345.51200000000017,2.9658000000000015,1,5,6,39.60000000000001,24,0,0.17333333333333334
DEC_2512,ACT_054,CHEMBL28143,c1cc2c(c(N3CCN(CCC4CCCCC4)CC3)c1)OCCO2,330.47200000000004,3.550200000000002,0,4,4,24.94,24,0,0.17333333333333334
DEC_2513,ACT_054,CHEMBL7357,CC1(C)N=C(N)N=C(N)N1c1cccc(OCc2ccccc2)c1,323.40000000000003,2.4511000000000003,2,6,4,89.22999999999999,24,0,0.1744186046511628
DEC_2514,ACT_054,CHEMBL19136,c1ccc2nc(COc3ccc(Cc4nnn[nH]4)cc3)ccc2c1,317.35200000000003,2.917700000000001,1,5,5,76.58000000000001,24,0,0.175
DEC_2515,ACT_054,CHEMBL266025,CC1(C)N=C(N)N=C(N)N1c1cccc(OCCOc2ccccc2)c1,353.42600000000004,2.3298999999999994,2,7,6,98.46,26,0,0.175
DEC_2516,ACT_054,CHEMBL280307,CCCC(CCC)c1nc2c([nH]1)N1C(=N[C@@H]3CCC[C@@H]31)N(C)C2=O,329.4480000000001,3.276200000000002,1,4,5,64.59,24,0,0.175
DEC_2517,ACT_054,CHEMBL31368,CC1(C)CN1P(=O)(OCCn1ccnc1[N+](=O)[O-])N1CC1(C)C,343.3240000000001,2.1044,0,5,7,93.28,23,0,0.175
DEC_2518,ACT_054,CHEMBL19999,CCc1cc(C#N)ccc1C/N=c1\c(O)c(O)\c1=N/C(C)(C)CC,325.4120000000001,2.5976800000000004,2,5,5,88.97,24,0,0.17525773195876287
DEC_2519,ACT_054,CHEMBL17732,O=S(=O)(Nc1cccc(Oc2ccccn2)c1)C(F)(F)F,318.276,3.1354000000000015,1,4,4,68.29,21,0,0.17567567567567569
DEC_2520,ACT_054,CHEMBL273435,Fc1ccc([C@H]2OCO[C@]2(Cn2cncn2)c2ccc(Cl)cc2)cc1,359.788,3.711700000000002,0,4,4,49.17,25,0,0.17582417582417584
DEC_2521,ACT_054,CHEMBL16825,N#CCCN1N=C(c2ccc(OCc3ccccc3)cc2)OCC1=O,335.3630000000001,2.6996800000000007,0,5,6,74.92000000000002,25,0,0.17582417582417584
DEC_2522,ACT_054,CHEMBL284960,COc1cc(CN2CCc3c(oc4nc(N)nc(N)c34)C2)cc(OC)c1,355.39800000000014,1.9627,2,8,4,112.66,26,0,0.17582417582417584
DEC_2523,ACT_054,CHEMBL23911,COc1ccc(SCc2cnc3nc(N)nc(N)c3c2C)cc1,327.4130000000001,2.79852,2,7,4,99.94,23,0,0.17647058823529413
DEC_2524,ACT_054,CHEMBL29189,C=CCN1CCN(c2cc3c(cc2F)c(=O)c(C(=O)O)cn3CC)CC1,359.4010000000001,2.1667000000000005,1,4,5,65.78,26,0,0.17708333333333334
DEC_2525,ACT_054,CHEMBL277361,FC(F)(F)Cn1nccc1-c1ccccc1NCC1=NCCN1,323.3220000000001,2.525999999999999,2,4,5,54.24,23,0,0.17721518987341772
DEC_2526,ACT_054,CHEMBL274787,CC(O)(c1ccc(F)cc1)C(O)(Cn1cncn1)c1ccc(F)cc1,345.34900000000005,2.3518,2,4,5,71.17,25,0,0.1774193548387097
DEC_2527,ACT_054,CHEMBL10712,O=C(OCN1C(=O)CC1Sc1nc2ccccc2o1)c1ccccc1,354.38700000000006,3.2928000000000015,0,6,5,72.64,25,0,0.17777777777777778
DEC_2528,ACT_054,CHEMBL25676,COC(=O)C1=C(C)N=C(C)/C(=C(\O)OC)C1c1cccc([N+](=O)[O-])c1,346.33900000000006,3.015900000000001,1,7,4,111.26000000000002,25,0,0.17777777777777778
DEC_2529,ACT_054,CHEMBL414016,CC(C)CC(=O)C(=O)N1CCCCC1C(=O)OC(C)CN1CCCCC1,366.50200000000024,2.4003000000000005,0,5,7,66.92,26,0,0.17857142857142858
DEC_2530,ACT_054,CHEMBL279692,CN(C)CCNc1ccc(CO)c2sc3ccccc3c(=O)c12,328.43700000000007,2.8805000000000014,2,5,5,52.57,23,0,0.17894736842105263
DEC_2531,ACT_054,CHEMBL28363,O[C@@H]1c2cc(OCc3ccccn3)ccc2OC[C@@H]1Cc1cccnc1,348.4020000000001,3.340300000000002,1,5,5,64.47,26,0,0.17894736842105263
DEC_2532,ACT_054,CHEMBL276491,Cc1ccc(C(=O)C(O)(Cn2cncn2)c2ccc(C)cc2)cc1,321.38000000000005,2.6656400000000007,1,4,5,68.00999999999999,24,0,0.1791044776119403
DEC_2533,ACT_054,CHEMBL275568,Cc1ccc(C(=O)C(O)(Cn2cncn2)c2ccccc2Cl)cc1,341.798,3.010620000000001,1,4,5,68.00999999999999,24,0,0.1794871794871795
DEC_2534,ACT_054,CHEMBL282932,CCc1cccc(OCc2cccc(N3C(N)=NC(N)=NC3(C)C)c2)c1,351.45400000000006,3.0135000000000014,2,6,5,89.23,26,0,0.1797752808988764
DEC_2535,ACT_054,CHEMBL20480,Cc1cccc(OCc2cccc(N3C(N)=NC(N)=NC3(C)C)c2)c1,337.4270000000001,2.759520000000001,2,6,4,89.23,25,0,0.1797752808988764
DEC_2536,ACT_054,CHEMBL22883,COc1cc2c(cc1OC)C(c1ccc([N+](=O)[O-])cc1)=NNC(=O)C2,341.32300000000004,2.0366999999999997,1,6,4,103.06,25,0,0.1797752808988764
DEC_2537,ACT_054,CHEMBL11104,CCCn1c(=O)c2nc(-c3ccccc3N)[nH]c2n(CCC)c1=O,327.38800000000015,1.9554999999999998,2,4,5,98.69999999999999,24,0,0.18055555555555555
DEC_2538,ACT_054,CHEMBL26684,O=C(O)Cc1ccccc1Oc1ccc([N+](=O)[O-])cc1[N+](=O)[O-],318.24100000000004,2.9224000000000014,1,6,6,132.81,23,0,0.18072289156626506
DEC_2539,ACT_054,CHEMBL14112,Fc1ccc(-c2ncn(CCCN3CCOCC3)c2-c2ccncc2)cc1,366.44,3.4735000000000023,0,4,6,43.18000000000001,27,0,0.18072289156626506
DEC_2540,ACT_054,CHEMBL24185,O=C(O)COc1ccc2c(-c3ccccc3F)noc2c1Cl,321.69100000000003,3.750700000000002,1,4,4,72.56,22,0,0.18181818181818182
DEC_2541,ACT_054,CHEMBL33118,COP(=O)(OC)OC(c1ccccc1)P(=O)(OC)OC,324.20600000000013,3.5886000000000022,0,7,8,80.29,20,0,0.18181818181818182
DEC_2542,ACT_054,CHEMBL9862,CCOC(C)n1c([S+]([O-])Cc2ccccn2)nc2ccccc21,329.42500000000007,3.294100000000002,0,4,6,63.0,23,0,0.18181818181818182
DEC_2543,ACT_054,CHEMBL417448,CCCc1c(Sc2ccccc2)n(COCCO)c(=S)[nH]c1=O,352.48100000000005,2.9759900000000017,2,5,8,67.25,23,0,0.18181818181818182
DEC_2544,ACT_054,CHEMBL23577,O=c1oc2ncccc2n1CCCCN1CCN(c2ccccc2)CC1,352.43800000000005,2.5919000000000008,0,5,6,54.510000000000005,26,0,0.18181818181818182
DEC_2545,ACT_054,CHEMBL276967,O=c1oc2ncccc2n1CCCN1CCN(c2ccccc2)CC1,338.411,2.2017999999999995,0,5,5,54.510000000000005,25,0,0.18181818181818182
DEC_2546,ACT_054,CHEMBL25623,Nc1nc(C2CCN(CCc3ccccc3)CC2)c2ccccc2n1,332.451,3.6341000000000028,1,4,4,55.04,25,0,0.18181818181818182
DEC_2547,ACT_054,CHEMBL28313,CCCNC1CCc2cccc(OS(=O)(=O)C(F)(F)F)c2C1,337.36300000000006,2.7719000000000014,1,4,5,55.4,22,0,0.18181818181818182
DEC_2548,ACT_054,CHEMBL23705,COc1ccc(N(C)Cc2cnc3nc(N)nc(N)c3c2C)c(OC)c1,354.41400000000016,2.1512200000000004,2,8,5,112.41,26,0,0.1827956989247312
DEC_2549,ACT_054,CHEMBL16530,N#CCCn1nc(-c2ccc(OCc3ccccc3)cc2)sc1=O,337.40400000000005,3.464480000000002,0,5,6,67.91,24,0,0.18292682926829268
DEC_2550,ACT_055,CHEMBL15076,CCCCCCCCCCCC(=O)O[C@@H]1[C@@H](C)[C@@]2(O)[C@@H](C=C(CO)C[C@]3(O)C(=O)C(C)=C[C@@H]23)[C@@H]2C(C)(C)[C@]12OC(C)=O,588.7820000000003,4.972700000000004,3,8,13,130.36,42,0,0.14814814814814814
DEC_2551,ACT_055,CHEMBL96040,CCC(C(=O)C(C)C(O)C(C)CCc1ccc(C)c(O)c1C(=O)O)C1OC(CC)(C2CCC(O)(CC)C(C)O2)CC1C,590.7980000000002,5.842220000000006,4,7,13,133.52,42,0,0.15
DEC_2552,ACT_055,CHEMBL70444,CCCNS(=O)(=O)Oc1cc(C(C)(C)C)c(SC2=C(O)OC(CCc3ccc(O)cc3)(C(C)C)CC2=O)cc1C,591.7920000000001,6.457520000000007,3,8,11,122.16000000000003,40,0,0.1559633027522936
DEC_2553,ACT_055,CHEMBL56184,CCN(CC)CCCCNc1ncc2cc(-c3c(Cl)cccc3Cl)c(/N=C(\S)NCCCN3CCOCC3)nc2n1,619.6669999999999,5.7617000000000065,3,8,14,90.8,41,0,0.1574074074074074
DEC_2554,ACT_055,CHEMBL312382,O=C1N(Cc2cccc(Cn3cncn3)c2)[C@H](Cc2ccccc2)[C@H](O)[C@@H](O)[C@@H](Cc2ccccc2)N1Cc1ccc2[nH]ncc2c1,627.749,4.584900000000004,3,6,10,123.39999999999999,47,0,0.1717171717171717
DEC_2555,ACT_055,CHEMBL78949,O=C1N(Cc2cccc(Cn3ccnn3)c2)[C@H](Cc2ccccc2)[C@H](O)[C@@H](O)[C@@H](Cc2ccccc2)N1Cc1ccc2[nH]ncc2c1,627.749,4.584900000000004,3,6,10,123.39999999999999,47,0,0.17346938775510204
DEC_2556,ACT_055,CHEMBL33755,O=S(=O)(Nc1ccc(CCNC[C@H](O)c2cccnc2)cc1)c1ccc(-c2noc(CCCC3CCCCC3)n2)cc1,589.7620000000002,5.701100000000006,3,8,14,130.24,42,0,0.17894736842105263
DEC_2557,ACT_055,CHEMBL324107,NC(C(=O)[C@H](Cc1ccccc1)C[C@H](O)CN1C(=O)[C@@H](Cc2ccccc2)C[C@@H]1Cc1ccccc1)[C@H]1c2ccccc2C[C@H]1O,616.8020000000002,4.896000000000005,3,5,13,103.86,46,0,0.18072289156626506
DEC_2558,ACT_055,CHEMBL291516,O=S(=O)(Nc1ccc(CCNC[C@H](O)c2cccnc2)cc1)c1ccc(-c2nc(-c3c[nH]c4ccccc34)cs2)cc1,595.7500000000002,6.019900000000004,4,7,11,120.0,42,0,0.1810344827586207
DEC_2559,ACT_055,CHEMBL309238,O=C1N(Cc2cccc(Cn3nccn3)c2)[C@H](Cc2ccccc2)[C@H](O)[C@@H](O)[C@@H](Cc2ccccc2)N1Cc1ccc2[nH]ncc2c1,627.749,4.584900000000004,3,6,10,123.39999999999999,47,0,0.1836734693877551
DEC_2560,ACT_055,CHEMBL55070,NC(=O)O[C@@H]1Cc2ccccc2C1C1=C(O)[C@](Cc2ccccc2)(C[C@H](O)[C@H](Cc2ccccc2)NC(=O)O[C@H]2CCOC2)N=C1,625.722,4.545600000000005,4,8,11,152.7,46,0,0.18421052631578946
DEC_2561,ACT_055,CHEMBL431174,C/C(=N/O)c1cccc(CN2C(=O)N(Cc3cccc(/C(C)=N/O)c3)[C@H](Cc3ccccc3)[C@H](O)[C@@H](O)[C@H]2Cc2ccccc2)c1,620.7500000000001,5.465200000000007,4,7,10,129.19,46,0,0.18421052631578946
DEC_2562,ACT_055,CHEMBL57908,O=S(=O)(Nc1ccc(CCNC[C@H](O)c2cccnc2)cc1)c1ccc(-c2nc(-c3cc4ccccc4o3)cs2)cc1,596.7340000000003,6.284800000000005,3,8,11,117.35000000000001,42,0,0.18478260869565216
DEC_2563,ACT_055,CHEMBL293577,O=S(=O)(Nc1ccc(CCNC[C@H](O)c2cccnc2)cc1)c1ccc(-c2nc(-c3cnc4ccccc4c3)cs2)cc1,607.7610000000002,6.086800000000004,3,8,11,117.10000000000001,43,0,0.18478260869565216
DEC_2564,ACT_055,CHEMBL60386,CC(Cc1ccc(Oc2ccccc2)cc1)(NC(=O)OC1C2CC3CC(C2)CC1C3)C(=O)N[C@H](CO)[C@H](O)c1ccccc1,598.7400000000004,5.541700000000006,4,6,11,117.12,44,0,0.18478260869565216
DEC_2565,ACT_055,CHEMBL313005,CCCCc1nc(SC)c(C(C)(O)C(=O)OCC)n1Cc1ccc(-c2ccccc2S(=O)(=O)NC(=O)NCCC)cc1,616.806,4.831400000000004,3,8,14,139.61999999999998,42,0,0.18478260869565216
DEC_2566,ACT_055,CHEMBL312562,O=C1N(Cc2cccc(Cn3cccn3)c2)[C@H](Cc2ccccc2)[C@H](O)[C@@H](O)[C@@H](Cc2ccccc2)N1Cc1ccc2[nH]ncc2c1,626.7610000000001,5.189900000000005,3,5,10,110.51,47,0,0.18556701030927836
DEC_2567,ACT_055,CHEMBL328436,Cc1ccc(CC(O)CCc2ccccc2C(=O)N(CCO)C(C)(C)C)c(C(=O)N(CCO)C(C)(C)c2ccccc2)c1,588.7890000000006,5.134020000000006,3,5,13,101.31,43,0,0.18556701030927836
DEC_2568,ACT_055,CHEMBL451180,Cc1ccc(CCC(O)Cc2ccccc2C(=O)N(CCO)C(C)(C)c2ccccc2)c(C(=O)N(CCO)C(C)(C)C)c1,588.7890000000003,5.134020000000006,3,5,13,101.31,43,0,0.18556701030927836
DEC_2569,ACT_055,CHEMBL286437,O=S(=O)(Nc1ccc(CCNC[C@H](O)c2cccnc2)cc1)c1ccc(-c2noc(Cc3ccc4ccccc4c3)n2)cc1,605.7200000000003,5.542100000000004,3,8,12,130.24,44,0,0.18681318681318682
DEC_2570,ACT_055,CHEMBL285001,O=S(=O)(Nc1ccc(CCNC[C@H](O)c2cccnc2)cc1)c1ccc(-c2noc(Cc3ccc(F)c(F)c3)n2)cc1,591.6400000000002,4.667100000000003,3,8,12,130.24,42,0,0.18681318681318682
DEC_2571,ACT_055,CHEMBL285499,O=S(=O)(Nc1ccc(CCNC[C@H](O)c2cccnc2)cc1)c1ccc(-c2noc(Cc3cc(F)c(F)c(F)c3)n2)cc1,609.6300000000002,4.806200000000003,3,8,12,130.24,43,0,0.18681318681318682
DEC_2572,ACT_055,CHEMBL289689,O=S(=O)(Nc1ccc(CCNC[C@H](O)c2cccnc2)cc1)c1ccc(-c2coc(Cc3ccc(F)c(F)c3)n2)cc1,590.6520000000003,5.272100000000004,3,7,12,117.35000000000001,42,0,0.18681318681318682
DEC_2573,ACT_055,CHEMBL292598,O=S(=O)(Nc1ccc(CCNC[C@H](O)c2cccnc2)cc1)c1ccc(-c2nc(-c3ccc4ncccc4c3)cs2)cc1,607.7610000000002,6.086800000000004,3,8,11,117.10000000000001,43,0,0.18681318681318682
DEC_2574,ACT_055,CHEMBL431831,CC(C)(O)c1cccc(CN2C(=O)N(Cc3cccc(C(C)(C)O)c3)[C@H](Cc3ccccc3)[C@H](O)[C@@H](O)[C@H]2Cc2ccccc2)c1,622.8060000000002,5.523600000000007,4,5,10,104.47000000000001,46,0,0.1891891891891892
DEC_2575,ACT_055,CHEMBL75043,CC(C)(C)C(=O)OCC(Cc1ccc(C(C)(C)C)cc1)CN(O)/C(S)=N/Cc1ccc(NS(C)(=O)=O)c(F)c1,581.7760000000002,5.419900000000006,3,6,10,108.29999999999998,39,0,0.19047619047619047
DEC_2576,ACT_055,CHEMBL289316,O=S(=O)(Nc1ccc(CCNC[C@H](O)c2cccnc2)cc1)c1ccc(-c2cnc(Cc3cc(F)c(F)c(F)c3)o2)cc1,608.6420000000003,5.4112000000000045,3,7,12,117.35000000000001,43,0,0.19101123595505617
DEC_2577,ACT_055,CHEMBL287880,O=S(=O)(Nc1ccc(CCNC[C@H](O)c2cccnc2)cc1)c1ccc(-c2cnc(Cc3ccc(F)c(F)c3)o2)cc1,590.6520000000003,5.272100000000004,3,7,12,117.35000000000001,42,0,0.19101123595505617
DEC_2578,ACT_055,CHEMBL300045,Cc1cc(C)cc(-c2[nH]c3ccc(C(=O)N4CCOCC4)cc3c2CCNCCCCc2ccc(NS(C)(=O)=O)cc2)c1,602.8010000000004,5.450640000000005,3,5,12,103.53,43,0,0.19101123595505617
DEC_2579,ACT_055,CHEMBL62327,CCCCc1nc(Cl)c(C(=O)N[C@H](C)C(=O)O)n1Cc1ccc2oc(-c3ccccc3-c3nn[nH]n3)c(Br)c2c1,626.8990000000002,5.486100000000005,3,7,10,151.82,40,0,0.19130434782608696
DEC_2580,ACT_055,CHEMBL64158,CCCCc1nc(Cl)c(C(=O)N[C@@H](C)C(=O)O)n1Cc1ccc2oc(-c3ccccc3-c3nn[nH]n3)c(Br)c2c1,626.8990000000002,5.486100000000005,3,7,10,151.82,40,0,0.19130434782608696
DEC_2581,ACT_055,CHEMBL323398,CCCCCCNC(=O)NCCc1ccc2[nH]c3c(c2c1)C[C@@]1(O)C2Cc4ccc(O)c5c4[C@@]1(CCN2CC1CC1)[C@H]3O5,584.7610000000002,4.994600000000005,5,5,10,109.85000000000001,43,0,0.19298245614035087
DEC_2582,ACT_055,CHEMBL86337,CCCc1nc(SC)c(C(=O)O)n1Cc1ccc(-c2ccccc2S(=O)(=O)NC(=O)NCc2cccs2)cc1,584.7450000000002,5.220600000000004,3,7,11,130.39,39,0,0.19387755102040816
DEC_2583,ACT_055,CHEMBL292955,CCCCc1nc(Cl)c(C(=O)NCC(=O)O)n1Cc1ccc2oc(-c3ccccc3-c3nn[nH]n3)c(Br)c2c1,612.8720000000003,5.0976000000000035,3,7,10,151.82,39,0,0.19444444444444445
DEC_2584,ACT_055,CHEMBL312386,CCCCc1nc(Sc2ccccc2)c(C(=O)O)n1Cc1ccc(-c2ccccc2S(=O)(=O)NC(=O)NCCC)cc1,606.7700000000001,6.188300000000006,3,6,13,130.39,42,0,0.19444444444444445
DEC_2585,ACT_055,CHEMBL103013,CC(C)(O)c1ccc(CN2C(=O)N(Cc3ccc(C(C)(C)O)cc3)[C@H](Cc3ccccc3)[C@H](O)[C@@H](O)[C@H]2Cc2ccccc2)cc1,622.8060000000002,5.523600000000007,4,5,10,104.47000000000001,46,0,0.19444444444444445
DEC_2586,ACT_055,CHEMBL311827,CCCCc1nc(Sc2cccs2)c(C(=O)O)n1Cc1ccc(-c2ccccc2S(=O)(=O)NC(=O)NCCC)cc1,612.7990000000001,6.249800000000006,3,7,13,130.39,41,0,0.19469026548672566
DEC_2587,ACT_055,CHEMBL47862,Cc1cc(C)cc(-c2[nH]c3ccc(C(=O)N4CCCC4)cc3c2CCNCCCCc2ccc(NS(C)(=O)=O)cc2)c1,586.8020000000004,6.214240000000006,3,4,12,94.30000000000001,42,0,0.19540229885057472
DEC_2588,ACT_055,CHEMBL329699,CC(C)(C)N(CCO)C(=O)c1ccccc1CCC(O)Cc1ccccc1C(=O)N(CCO)C(C)(C)c1ccc2ccccc2c1,624.8220000000003,5.978800000000008,3,5,13,101.31,46,0,0.1956521739130435
DEC_2589,ACT_055,CHEMBL133292,Nc1cccc(CN2C(=O)N(Cc3cccc(C(=O)Nc4ncc[nH]4)c3)[C@H](Cc3ccccc3)[C@H](O)[C@@H](O)[C@H]2Cc2ccccc2)c1,630.7490000000001,4.626400000000004,5,6,10,147.81,47,0,0.1956521739130435
DEC_2590,ACT_055,CHEMBL66783,Cc1ccc(CC(=O)Nc2ccc(NC(=O)/C=C/c3ccc(-c4ccc(S(N)(=O)=O)cc4)o3)cc2C(=O)c2ccccc2)cc1,619.6990000000003,5.9665200000000045,3,6,10,148.57,45,0,0.19626168224299065
DEC_2591,ACT_055,CHEMBL294172,O=S(=O)(Nc1ccc(CCNC[C@H](O)c2cccnc2)cc1)c1ccc(-c2nc(CCCC3CCCC3)cs2)cc1,590.8150000000004,6.384500000000006,3,7,14,104.21000000000001,41,0,0.1978021978021978
DEC_2592,ACT_055,CHEMBL330302,CCCCc1nc(SC)c(C(C)C(=O)O)n1Cc1ccc(-c2ccccc2S(=O)(=O)NC(=O)NCc2ccccc2)cc1,620.7970000000001,6.039100000000005,3,6,13,130.39,43,0,0.19791666666666666
DEC_2593,ACT_055,CHEMBL264748,CC(C)=CCCC(C)C(C(=O)NC1CCCCC1)N(Cc1ccc2c(c1)OCO2)C(=O)c1ccc(CP(=O)(O)O)cc1,598.6770000000005,5.935400000000008,3,5,12,125.4,42,0,0.19811320754716982
DEC_2594,ACT_055,CHEMBL263072,O=C(N[C@H]1c2ccccc2C[C@H]1O)[C@H](Cc1ccccc1)C[C@H](O)CN1C(=O)[C@@H](Cc2ccccc2)C[C@@H]1Cc1ccccc1,602.7750000000002,5.073300000000005,3,4,12,89.87,45,0,0.2
DEC_2595,ACT_055,CHEMBL278174,O=C(N[C@H]1c2ccccc2C[C@H]1O)[C@H](Cc1ccccc1)C[C@H](O)CN1C(=O)[C@H](Cc2ccccc2)C[C@@H]1Cc1ccccc1,602.7750000000002,5.073300000000005,3,4,12,89.87,45,0,0.2
DEC_2596,ACT_055,CHEMBL59270,O=S(=O)(Nc1ccc(CCNC[C@H](O)c2cccnc2)cc1)c1ccc(-c2nc(CCc3ccccc3)cs2)cc1,584.7670000000003,5.656800000000005,3,7,13,104.21000000000001,41,0,0.2
DEC_2597,ACT_055,CHEMBL275449,CCCc1nc(SC)c(C(C)(O)C(=O)O)n1Cc1ccc(-c2ccccc2S(=O)(=O)NC(=O)NCc2ccccc2)cc1,622.7690000000001,4.753000000000004,4,7,12,150.61999999999998,43,0,0.2
DEC_2598,ACT_055,CHEMBL329232,COc1cc(CCC[C@H]2C(=O)N[C@H](C(=O)c3ccccc3)Cc3ccc(cc3)OCCCC[C@@H]2C(=O)NO)cc(OC)c1OC,618.7270000000003,4.946000000000004,3,8,10,132.42,45,0,0.2
DEC_2599,ACT_055,CHEMBL22317,O=C1N(CCCC2CCCC2)CCN1c1ccc(S(=O)(=O)Nc2ccc(CCNC[C@H](O)c3cccnc3)cc2)cc1,591.7780000000002,4.960500000000004,3,6,14,114.87,42,0,0.20175438596491227
DEC_2600,ACT_056,CHEMBL36967,Brc1cccc(Nc2ncnc3cc4[nH]cc(CN5CCOCC5)c4cc23)c1,438.3290000000003,4.4494000000000025,2,5,4,66.07000000000001,28,0,0.17857142857142858
DEC_2601,ACT_056,CHEMBL16371,CCNCC1CCN(c2c(F)c(C)c3c(=O)c(C(=O)O)cn(C4CC4)c3c2F)C1,405.44500000000016,3.0570200000000014,2,4,6,74.57,29,0,0.1875
DEC_2602,ACT_056,CHEMBL31833,O=C(O)c1cn(-c2ccc(F)cc2F)c2cc(N3CC/C(=N/O)C3)c(F)cc2c1=O,417.3430000000002,3.1465000000000005,2,5,3,95.13,30,0,0.1875
DEC_2603,ACT_056,CHEMBL284645,CC(C)NC(=O)N(C(=O)[C@H]1CCC2C3CCC4NC(=O)C=C[C@]4(C)C3CC[C@@]21C)C(C)C,443.6320000000003,4.254800000000003,2,3,3,78.51,32,0,0.189873417721519
DEC_2604,ACT_056,CHEMBL288127,COc1cc(O)c2c(c1)C(=O)c1cc(C(Br)Br)cc(O)c1C2=O,442.0590000000001,3.6702000000000017,2,5,2,83.83000000000001,23,0,0.189873417721519
DEC_2605,ACT_056,CHEMBL27256,Cc1noc(NS(=O)(=O)c2ccc(N/C(S)=N/c3ccccc3)cc2)c1C,402.5010000000001,4.121640000000002,3,5,5,96.59,27,0,0.19101123595505617
DEC_2606,ACT_056,CHEMBL9025,N=C(NC1CC1)c1ccc(N2CCCN(c3ccc(C(=N)NC4CC4)cc3)CC2)cc1,416.57300000000015,3.5580400000000028,4,4,6,78.24000000000001,31,0,0.19230769230769232
DEC_2607,ACT_056,CHEMBL282347,CCC1C2Cc3ccc(O)cc3C1(CC)CCN2C(=O)C(N)CCSC.Cl,413.0270000000001,3.7254000000000027,2,4,6,66.56,27,0,0.1935483870967742
DEC_2608,ACT_056,CHEMBL25492,COc1ccc(C2(C(F)(F)F)N=N2)cc1CN[C@H]1CCCN[C@H]1c1ccccc1,404.43600000000015,4.459000000000003,2,5,6,58.010000000000005,29,0,0.19540229885057472
DEC_2609,ACT_056,CHEMBL441172,Cn1cc(C2=C(c3cn(CCCCO)c4ccccc34)C(=O)NC2=O)c2ccccc21,413.47700000000015,3.4727000000000015,2,3,6,76.25999999999999,31,0,0.19718309859154928
DEC_2610,ACT_056,CHEMBL7463,CN(C)CCCn1cc(C2=C(c3c[nH]c4ccccc34)C(=O)NC2=O)c2ccccc21,412.49300000000017,3.6415000000000015,2,3,6,70.13,31,0,0.19736842105263158
DEC_2611,ACT_056,CHEMBL22385,CCCc1cc(O)c(C)c(=O)n1Cc1ccc(-c2ccccc2-c2nn[nH]n2)cc1,401.47,3.7102200000000014,2,5,6,96.68999999999998,30,0,0.19753086419753085
DEC_2612,ACT_056,CHEMBL279602,CCC1Nc2ccccc2C(=O)N1Cc1ccc(-c2ccccc2-c2nn[nH]n2)cc1,410.481,4.3377000000000026,2,5,5,86.8,31,0,0.19767441860465115
DEC_2613,ACT_056,CHEMBL16383,C=CS(=O)(=O)Nc1cccc(C(c2c(O)oc3c(c2=O)CCCCC3)C2CC2)c1,415.51100000000037,4.041400000000003,2,5,6,96.61000000000001,29,0,0.19767441860465115
DEC_2614,ACT_056,CHEMBL16473,C=CS(=O)(=O)Nc1cccc(C(c2c(O)oc3c(c2=O)CCCCCC3)C2CC2)c1,429.5380000000004,4.431500000000004,2,5,6,96.61000000000001,30,0,0.19767441860465115
DEC_2615,ACT_056,CHEMBL17148,N#CNC(=N)Cc1ccc(-c2nc(-c3ccncc3)c(-c3ccc(F)cc3)[nH]2)cc1,396.4290000000001,4.535250000000003,3,4,5,101.24000000000001,30,0,0.1978021978021978
DEC_2616,ACT_056,CHEMBL15536,CC1CN(c2c(F)c(N)c3c(=O)c(C(=O)O)cn(C4CC4)c3c2Cl)CC(C)N1,408.86100000000016,2.5959000000000003,3,5,3,100.59,28,0,0.1981981981981982
DEC_2617,ACT_056,CHEMBL6282,CCNCC1CCN(c2c(F)cc3c(=O)c(C(=O)O)cn(C4CC4C)c3c2F)C1,405.4450000000001,2.994600000000002,2,4,6,74.57,29,0,0.2
DEC_2618,ACT_056,CHEMBL6276,CCNCC1CCN(c2c(F)cc3c(=O)c(C(=O)O)cn(C4(C)CC4)c3c2F)C1,405.44500000000016,2.9227000000000016,2,4,6,74.57,29,0,0.2
DEC_2619,ACT_056,CHEMBL273500,CC(O)(c1ccc(Cl)cc1Cl)C(O)(Cn1cncn1)c1ccc(Cl)cc1,412.70400000000006,4.033800000000002,2,4,5,71.17,26,0,0.2
DEC_2620,ACT_056,CHEMBL10626,CC(C)C(O)(Cn1cncn1)C(O)(c1ccc(Cl)cc1)c1ccc(Cl)cc1,406.3130000000001,3.908100000000003,2,4,6,71.17,27,0,0.2
DEC_2621,ACT_056,CHEMBL10324,CC(O)(c1ccc(Cl)cc1)C(O)(Cn1cncn1)c1ccc(Cl)cc1Cl,412.70400000000006,4.033800000000002,2,4,5,71.17,26,0,0.2
DEC_2622,ACT_056,CHEMBL276271,CN1C[C@H](C(=O)Nc2nccs2)C[C@@H]2c3ccc(C(C)(C)C)c4[nH]cc(c34)C[C@H]21,408.57100000000025,4.5206000000000035,2,4,2,61.02,29,0,0.2
DEC_2623,ACT_056,CHEMBL26807,Cc1ccsc1C(=O)Nc1cc(CN2CCCC2)c(O)c(CN2CCCC2)c1,399.5600000000003,4.206020000000003,2,5,6,55.81000000000001,28,0,0.2
DEC_2624,ACT_056,CHEMBL287170,NC(=O)c1nn(-c2ccc(S(N)(=O)=O)cc2)c(-c2ccc(Cl)cc2)c1Cl,411.2700000000001,2.5924000000000014,2,4,4,121.07,26,0,0.2
DEC_2625,ACT_056,CHEMBL31770,CNC(=O)/C=C(\c1ccccc1)c1ccc2nc(N)c(C(=O)c3ccccc3)n2c1,396.4500000000001,3.3252000000000015,2,4,5,89.49000000000001,30,0,0.2
DEC_2626,ACT_056,CHEMBL35866,Cc1cc(NC(=O)c2c(C(F)(F)F)nc3c(C(F)(F)F)cccc3c2O)no1,405.254,4.526720000000002,2,5,2,88.25,28,0,0.2
DEC_2627,ACT_056,CHEMBL14020,CC(=O)NC(=S)NC[C@@H]1C[C@@H]2c3ccc(C(C)(C)C)c4[nH]cc(c34)C[C@H]2N(C)C1,412.60300000000024,3.4360000000000017,3,3,2,60.160000000000004,29,0,0.20202020202020202
DEC_2628,ACT_056,CHEMBL19342,Oc1nc2ccc(C#CCN3CCC(O)(Cc4ccc(F)cc4)CC3)cc2s1,396.4870000000001,3.5621000000000027,2,5,3,56.59,28,0,0.20212765957446807
DEC_2629,ACT_056,CHEMBL15174,CC1Nc2ccccc2C(=O)N1Cc1ccc(-c2ccccc2-c2nn[nH]n2)cc1,396.454,3.947600000000002,2,5,4,86.8,30,0,0.20238095238095238
DEC_2630,ACT_056,CHEMBL269264,Cn1cc(C2=C(c3cn(CCCN)c4ccccc34)C(=O)NC2=O)c2ccccc21,398.4660000000001,3.0490000000000013,2,3,5,82.04999999999998,30,0,0.203125
DEC_2631,ACT_056,CHEMBL19649,O=C1NC(=O)C(c2cc(Cl)ccc2S(=O)(=O)Cc2ccc(Cl)cc2)N1,399.2550000000001,2.847800000000001,2,4,4,92.34,25,0,0.203125
DEC_2632,ACT_056,CHEMBL288809,COc1cccc2c1CCC1CN(CCn3c(=O)[nH]c4c([nH]c5ccccc54)c3=O)CC21,430.5080000000001,2.841500000000001,2,4,4,83.12,32,0,0.2037037037037037
DEC_2633,ACT_056,CHEMBL13933,N[C@@H]1CCc2ccccc2N(Cc2ccc(-c3ccccc3-c3nn[nH]n3)cc2)C1=O,410.48100000000005,3.3404000000000016,2,5,4,100.78999999999999,31,0,0.20408163265306123
DEC_2634,ACT_056,CHEMBL15829,Cc1c(F)c(N2CCNCC2)cc2c1c(=O)c(C(=O)O)cn2-c1ccc(F)cc1F,417.38700000000006,2.8242200000000004,2,4,3,74.57,30,0,0.20430107526881722
DEC_2635,ACT_056,CHEMBL9636,CN1CCC23c4c5ccc(O)c4OC2[C@H](O)[C@](CO)(CCc2ccccc2)CC3C1C5,421.5370000000002,2.6435000000000004,3,5,4,73.16000000000001,31,0,0.20454545454545456
DEC_2636,ACT_056,CHEMBL745,NS(=O)(=O)c1ccc(-n2nc(C(F)(F)F)cc2-c2ccc(CO)cc2)cc1,397.3780000000001,2.697800000000001,2,4,4,98.21000000000001,27,0,0.20454545454545456
DEC_2637,ACT_056,CHEMBL275992,COc1cc([C@@H]2c3[nH]c4c(ccc5ccccc54)c3C[C@H]3COC(=O)N32)cc(OC)c1O,430.46000000000026,4.510200000000004,2,5,3,84.02000000000001,32,0,0.20454545454545456
DEC_2638,ACT_056,CHEMBL24484,CCC(C)(O)C#Cc1nc(NCc2ccc(Cl)cc2)c2ncn(C(C)C)c2n1,397.9100000000001,4.185200000000003,2,5,5,75.86000000000001,28,0,0.20512820512820512
DEC_2639,ACT_056,CHEMBL15357,CCOc1c(N2CCCC(CN)C2)c(F)cc2c(=O)c(C(=O)O)cn(C3CC3)c12,403.4540000000002,2.7475000000000005,2,5,6,97.78999999999999,29,0,0.20588235294117646
DEC_2640,ACT_056,CHEMBL28009,N#Cc1ccc(NC(=O)Nc2ccccc2Br)c(O)c1Br,411.05300000000005,4.432880000000001,3,3,2,85.15,21,0,0.20588235294117646
DEC_2641,ACT_056,CHEMBL9363,O=P(O)(O)C(F)(F)c1ccc(CC(c2ccccc2)n2nnc3ccccc32)cc1,429.3630000000001,4.490400000000004,2,3,6,88.24,30,0,0.20588235294117646
DEC_2642,ACT_056,CHEMBL13770,CN1C[C@H](C(=O)Nc2ccc(Cl)nn2)C[C@@H]2c3cc(C(C)(C)C)cc4[nH]cc(c34)C[C@H]21,437.97500000000025,4.507500000000003,2,4,2,73.91,31,0,0.20588235294117646
DEC_2643,ACT_056,CHEMBL26469,CCn1cc(C(=O)O)c(=O)c2cc(F)c(N3CCN(Cc4ccc(N)cc4)CC3)cc21,424.47600000000017,2.7631000000000014,2,5,5,91.8,31,0,0.20618556701030927
DEC_2644,ACT_056,CHEMBL21081,Nc1ccc(S(=O)(=O)Nc2ccc(Br)c3c(Cl)c[nH]c23)cc1,400.6850000000001,3.966800000000001,3,3,3,87.97999999999999,22,0,0.20634920634920634
DEC_2645,ACT_056,CHEMBL30084,CNc1ccc(-c2cc(C(F)(F)F)nn2-c2ccc(S(N)(=O)=O)cc2)cc1Cl,430.83900000000006,3.9006000000000007,2,4,4,90.00999999999999,28,0,0.20652173913043478
DEC_2646,ACT_056,CHEMBL283438,NC(=O)c1cccc2[nH]c3c(N4CCN(CCc5ccc(F)c(F)c5)CC4)ncnc3c12,436.4660000000001,2.8529000000000018,2,5,5,91.14,32,0,0.20689655172413793
DEC_2647,ACT_056,CHEMBL278845,Cc1cc(C)nc(NC(=O)c2cc(Br)cc(Br)c2O)c1,400.07000000000005,4.181340000000002,2,3,2,62.22,20,0,0.2077922077922078
DEC_2648,ACT_056,CHEMBL275412,CCNCC1CCN(c2c(F)cc3c(=O)c(C(=O)O)cn(C4CC4)c3c2C(F)(F)F)C1,441.4250000000001,3.628300000000002,2,4,6,74.57,31,0,0.2079207920792079
DEC_2649,ACT_056,CHEMBL43540,CCc1nc2c(n1Cc1ccc(-n3cccc3-c3nn[nH]n3)cc1)/C(=C/C(=O)O)CCCC2,443.51100000000025,3.6590000000000025,2,5,6,114.51,33,0,0.2079207920792079
DEC_2650,ACT_057,CHEMBL37163,NP(=O)(OCCC=O)N(CCCl)CCCl.O=P1(N(CCCl)CCCl)NC(O)CCO1,554.176,2.6408000000000005,3,6,14,134.43,30,0,0.11627906976744186
DEC_2651,ACT_057,CHEMBL262503,O=C1N(Cc2ccc(CO)cc2)[C@H](Cc2ccncc2)[C@H](O)[C@@H](O)[C@@H](Cc2ccncc2)N1Cc1ccc(CO)cc1,568.6740000000002,2.8434000000000017,4,7,10,130.25,42,0,0.14285714285714285
DEC_2652,ACT_057,CHEMBL291234,N#CN=C1N(Cc2cccc(CO)c2)[C@H](Cc2ccccc2)[C@H](O)[C@@H](O)[C@@H](Cc2ccccc2)N1Cc1cccc(CO)c1,590.7240000000002,3.7704800000000027,4,6,10,123.55000000000001,44,0,0.16176470588235295
DEC_2653,ACT_057,CHEMBL322525,CCC(=O)OCc1c([C@@](O)(CC)C(=O)NCCN(C)C)cc2n(c1=O)Cc1c-2nc2ccc(O)cc2c1[Si](C)(C)C,580.7580000000002,2.4046000000000003,3,8,10,133.98999999999998,41,0,0.16379310344827586
DEC_2654,ACT_057,CHEMBL286777,N#CN=C1N(Cc2ccc(CO)cc2)[C@H](Cc2ccccc2)[C@H](O)[C@@H](O)[C@@H](Cc2ccccc2)N1Cc1ccc(CO)cc1,590.7240000000002,3.7704800000000027,4,6,10,123.55000000000001,44,0,0.16666666666666666
DEC_2655,ACT_057,CHEMBL433507,CC(C)(NC(=O)CCc1ccc(OCC(=O)O)c(P(=O)(O)O)c1)c1ccc(OCC2CCCCC2)c(C(N)=O)c1,576.5830000000003,2.9951,5,6,13,185.48,40,0,0.17272727272727273
DEC_2656,ACT_057,CHEMBL434020,O=C(O)CCC(=O)N[C@@H](CNC(=O)C1(NC(=O)OC2C3CC4CC(C3)CC2C4)Cc2ccccc2C1)c1ccccc1,573.6900000000005,3.913400000000003,4,5,10,133.82999999999998,42,0,0.1728395061728395
DEC_2657,ACT_057,CHEMBL299580,Cn1c(Cc2ccc(C(=N)N)cc2)nc2cc(N(CCCC(=O)O)S(=O)(=O)c3cccc4cccnc34)ccc21,556.6480000000003,4.056470000000003,3,6,10,155.26,40,0,0.17543859649122806
DEC_2658,ACT_057,CHEMBL54889,COc1ccc2nc3cc(Cl)ccc3c(NCCCC/N=C(\N)NCCCn3cnc4c(N)nc(N)nc43)c2c1,562.0820000000003,3.5408,5,9,11,180.20000000000005,40,0,0.18095238095238095
DEC_2659,ACT_057,CHEMBL300396,CC(=O)O.CCOCOCCC1(O)C(=O)OCc2c1cc1n(c2=O)Cc2c-1nc1ccccc1c2CCNC(C)C,567.6390000000004,2.7016999999999998,3,9,10,149.21,41,0,0.1810344827586207
DEC_2660,ACT_057,CHEMBL327683,CC(C)[C@H](NC(=O)C(=O)NC12CC3CC(CC(C3)C1)C2)C(=O)N[C@@H](CC(=O)O)C(=O)COc1c(F)c(F)cc(F)c1F,599.5780000000004,2.376199999999999,4,6,11,150.9,42,0,0.18181818181818182
DEC_2661,ACT_057,CHEMBL60493,O=C(CCc1ccc(C(=O)NC[C@H](NC(=O)OCC23CC4CC(CC(C4)C2)C3)C(=O)O)s1)NC1=NCCCN1,559.6890000000002,2.271800000000001,5,8,10,158.22,39,0,0.18584070796460178
DEC_2662,ACT_057,CHEMBL320388,CCO/C(O)=C1\C(COCCNC(=O)c2ccccc2C(=O)O)=NC(C)=C(C(=O)OC)C1c1cccc(-n2ccnc2)c1,588.6170000000002,3.8084000000000024,3,9,12,161.57,43,0,0.18584070796460178
DEC_2663,ACT_057,CHEMBL66928,CC(C)CCn1cc(NC(=O)c2cc(NC=O)cn2C)cc1C(=O)Nc1cc(C(=O)NCCCN(C)C)n(C)c1,552.6800000000003,2.965600000000001,4,5,14,134.43,40,0,0.18811881188118812
DEC_2664,ACT_057,CHEMBL26709,N=C(N)c1ccc(O)c(/C=C/CN(C(=O)CCC(=O)O)c2ccc(OC3CCN(CC(=O)O)CC3)c(C(F)(F)F)c2)c1,592.5710000000005,3.5340700000000025,5,7,12,177.48,42,0,0.18811881188118812
DEC_2665,ACT_057,CHEMBL418411,CC(O)CCCc1nc(-c2ccc(S(=O)(=O)Nc3ccc(CCNC[C@H](O)c4cccnc4)cc3)cc2)no1,551.6690000000003,3.5016000000000025,4,9,14,150.47000000000003,39,0,0.18888888888888888
DEC_2666,ACT_057,CHEMBL65513,O=S(=O)(Nc1ccc(CCNC[C@H](O)c2cccnc2)cc1)c1ccc(-n2ncc(Cc3ccc(F)c(F)c3)n2)cc1,590.6560000000002,4.197800000000003,3,7,12,122.03,42,0,0.18888888888888888
DEC_2667,ACT_057,CHEMBL69116,COCn1cc(NC(=O)c2cc(NC3=CC4=NCCc5cn(C)c(c54)C3=O)cn2COC)cc1C(=O)NCCCN(C)C,590.6850000000001,2.3072000000000017,3,8,13,136.15000000000003,43,0,0.1891891891891892
DEC_2668,ACT_057,CHEMBL311114,CC(C)(NC(=O)CCc1ccc(OCn2cnnn2)c(P(=O)(O)O)c1)c1ccc(OCC2CCCCC2)c(C(N)=O)c1,600.613,2.5546999999999995,4,8,13,191.78,42,0,0.19083969465648856
DEC_2669,ACT_057,CHEMBL302273,Cc1sc(NC=O)cc1C(=O)Nc1nc(C(=O)Nc2cc(C(=O)NCCCN(C)C)n(C)c2)c(C(C)C)s1,559.7180000000003,3.729320000000002,4,8,12,137.46,38,0,0.19090909090909092
DEC_2670,ACT_057,CHEMBL34328,CCC(O)CCc1nc(-c2ccc(S(=O)(=O)Nc3ccc(CCNC[C@H](O)c4cccnc4)cc3)cc2)no1,551.6690000000003,3.5016000000000025,4,9,14,150.47000000000003,39,0,0.19101123595505617
DEC_2671,ACT_057,CHEMBL66789,O=S(=O)(Nc1ccc(CCNC[C@H](O)c2cccnc2)cc1)c1ccc(-n2ncc(Cc3c(F)cccc3F)n2)cc1,590.6560000000002,4.197800000000003,3,7,12,122.03,42,0,0.19101123595505617
DEC_2672,ACT_057,CHEMBL32996,O=C(CCc1nc(-c2ccc(S(=O)(=O)Nc3ccc(CCNC[C@H](O)c4cccnc4)cc3)cc2)no1)N1CCCC1,590.7059999999999,3.353100000000002,3,9,13,150.55,42,0,0.19148936170212766
DEC_2673,ACT_057,CHEMBL62091,C[C@H](Cc1ccc(OCP(=O)(O)c2ccccc2)cc1)NC[C@H](O)COc1ccc(O)c(NS(C)(=O)=O)c1,564.5970000000002,2.6564000000000005,5,8,14,154.42000000000002,38,0,0.1927710843373494
DEC_2674,ACT_057,CHEMBL82062,C=CCNc1nc(NCC=C)nc(NCC(O)CN2CCC(NC3c4ccccc4CCc4ccccc43)CC2)n1,554.743,3.7824000000000026,5,9,13,110.26,41,0,0.19318181818181818
DEC_2675,ACT_057,CHEMBL53003,O=C(O)C[C@H](NC(=O)Cn1c(C2CC2)c(Cl)nc(NCc2ccc3c(n2)NCCC3)c1=O)c1ccc2c(c1)OCC2,579.0570000000002,3.4064000000000014,4,8,10,147.47,41,0,0.19327731092436976
DEC_2676,ACT_057,CHEMBL22375,O=c1n(CCCC2CCCC2)nnn1-c1ccc(S(=O)(=O)Nc2ccc(CCNC[C@H](O)c3cccnc3)cc2)cc1,591.7380000000003,3.4609000000000005,3,8,14,144.02999999999997,42,0,0.1935483870967742
DEC_2677,ACT_057,CHEMBL306180,CCCCc1nc([S+](C)[O-])c(C(=O)O)n1Cc1ccc(-c2ccccc2S(=O)(=O)NC(=O)NCCC)cc1,560.6980000000001,3.7745000000000024,3,6,12,153.45,38,0,0.19444444444444445
DEC_2678,ACT_057,CHEMBL278612,CN(CC(=O)N[C@@H](CCCCN)C(=O)C(=O)NCc1ccccn1)C(=O)c1ccccc1Sc1ccccc1C#N,572.6910000000001,2.6757800000000023,3,8,14,158.28,41,0,0.19469026548672566
DEC_2679,ACT_057,CHEMBL333821,O=C(N[C@H]1c2ccccc2C[C@H]1O)[C@H](Cc1ccccc1)C[C@H](O)CN1C(=O)C2(CCOCC2)C[C@@H]1Cc1ccccc1,582.7410000000004,4.011200000000003,3,5,10,99.10000000000001,43,0,0.19469026548672566
DEC_2680,ACT_057,CHEMBL288079,CNC(=O)c1ccc(/C=C/C(=O)NCC(=O)N(C)c2ccc(C)c(COc3cccc4c3nc(NC)n4C)c2C)cc1,568.6780000000002,3.9628400000000026,3,6,10,117.59,42,0,0.19642857142857142
DEC_2681,ACT_057,CHEMBL43140,CC1(C)C2CC1[C@]1(C)OB([C@H](CCCN=C(N)N)NC(=O)c3cccc(-c4cccc(NS(C)(=O)=O)c4)c3)O[C@@H]1C2,581.5480000000001,3.144600000000003,4,6,10,158.12999999999997,41,0,0.19658119658119658
DEC_2682,ACT_057,CHEMBL285417,O=C1N(Cc2cccc(CO)c2)[C@H](Cc2ccccc2)[C@H](O)[C@@H](O)[C@@H](Cc2ccccc2)N1Cc1cccc(CO)c1,566.6980000000002,4.0534000000000034,4,5,10,104.47000000000001,42,0,0.19672131147540983
DEC_2683,ACT_057,CHEMBL307752,CCCCc1nn(CC(OCC(=O)O)c2ccccc2)c(=O)n1Cc1ccc(-c2ccccc2C2=NNNN2)cc1,555.6390000000002,3.2192000000000007,4,8,13,134.8,41,0,0.19811320754716982
DEC_2684,ACT_057,CHEMBL265317,N=C(N)NCCC[C@H](NC(=O)[C@@H]1CC[C@@H]2CC[C@](N)(Cc3ccccc3)C(=O)N21)C(=O)c1nc2ccccc2s1,561.7120000000002,2.3206700000000016,5,7,10,167.29000000000002,40,0,0.19827586206896552
DEC_2685,ACT_057,CHEMBL283717,N=C(N)NCCC[C@H](NC(=O)[C@@H]1CC[C@@H]2CC[C@@](N)(Cc3ccccc3)C(=O)N21)C(=O)c1nc2ccccc2s1,561.7120000000002,2.3206700000000016,5,7,10,167.29000000000002,40,0,0.19827586206896552
DEC_2686,ACT_057,CHEMBL276275,Cc1cc(Br)cc(C(=O)NO)c1N(C)S(=O)(=O)c1ccc(OCC#CCNCCCN(C)C)cc1,567.5060000000004,2.625120000000001,3,7,11,111.21000000000001,35,0,0.2
DEC_2687,ACT_057,CHEMBL32521,CCCCN(CC(=O)O)C(=O)c1ccc(N2CCC(NC[C@H](O)c3ccc(O)c(NS(C)(=O)=O)c3)CC2)cc1,562.6890000000001,2.382600000000001,5,8,13,159.51000000000002,39,0,0.2
DEC_2688,ACT_057,CHEMBL417961,CN(C)CCNC(=O)Nc1nc2nc(NCCCN3CCN(C)CC3)ncc2cc1-c1c(Cl)cccc1Cl,560.5340000000002,3.731100000000003,3,8,10,101.55,38,0,0.2
DEC_2689,ACT_057,CHEMBL63963,O=S(=O)(Nc1ccc(CCNC[C@H](O)c2cccnc2)cc1)c1ccc(-n2ncc(Cc3cccc(F)c3)n2)cc1,572.6660000000002,4.058700000000003,3,7,12,122.03,41,0,0.2
DEC_2690,ACT_057,CHEMBL91454,COc1cc(OC)c(C(=O)CCCCN2CCC3(CC2)NC(=O)NC3=O)cc1NS(=O)(=O)c1ccc(C(C)C)cc1,586.7110000000001,3.655000000000002,3,8,12,143.14,41,0,0.2
DEC_2691,ACT_057,CHEMBL25170,CC(=O)N1CCC(Oc2ccc(N(C/C=C/c3cc(C(=N)N)ccc3O)C(=O)CCC(=O)O)cc2C(F)(F)F)CC1,576.5720000000002,3.9959700000000025,4,6,10,157.25,41,0,0.2018348623853211
DEC_2692,ACT_057,CHEMBL418600,CCCCN(C(=O)CC(=O)O)c1ccc(N2CCC(NC[C@H](O)c3ccc(O)c(NS(C)(=O)=O)c3)CC2)cc1,562.6890000000001,2.663500000000001,5,8,13,159.51,39,0,0.2018348623853211
DEC_2693,ACT_057,CHEMBL66021,CC(C)(C)OC(=O)NC(Cc1c[nH]cn1)C(=O)N[C@@H](CC1CCCCC1)[C@@H](O)CS(=O)(=O)C1CCCCC1,554.7540000000002,3.4091000000000014,4,7,11,150.48,38,0,0.2018348623853211
DEC_2694,ACT_057,CHEMBL70228,CC(=O)Nc1nc(C(=O)Nc2cc(C(=O)Nc3cc(C(=O)NCCCN(C)C)n(C)c3)n(C)c2)c(C(C)C)s1,556.6930000000003,3.088000000000001,4,7,11,142.39000000000001,39,0,0.20202020202020202
DEC_2695,ACT_057,CHEMBL67810,CC(=O)Nc1cc(C(=O)Nc2cc(C(=O)Nc3nc(C(=O)NCCCN(C)C)c(C(C)C)s3)n(C)c2)n(C)c1,556.6930000000003,3.088,4,7,11,142.39000000000004,39,0,0.20202020202020202
DEC_2696,ACT_057,CHEMBL68900,CC(C)n1cc(NC(=O)c2cc(NC(=O)c3cc(NC=O)cn3C(C)C)cn2C)cc1C(=O)NCCCN(C)C,552.6800000000002,3.5443000000000024,4,5,13,134.43,40,0,0.20212765957446807
DEC_2697,ACT_057,CHEMBL430610,CC(C)CCCNc1cc(C(=O)Nc2cc(C(=O)Nc3cc(C(=O)NCCCN(C)C)n(C)c3)n(C)c2)n(C)c1,552.7240000000003,3.7363000000000026,4,5,14,117.36000000000001,40,0,0.20212765957446807
DEC_2698,ACT_057,CHEMBL66908,O=S(=O)(Nc1ccc(CCNC[C@H](O)c2cccnc2)cc1)c1ccc(-n2ncc(-c3cccc(F)c3)n2)cc1,558.6390000000001,4.134900000000003,3,7,11,122.03,40,0,0.20224719101123595
DEC_2699,ACT_057,CHEMBL312175,C=CCNc1nc(NCC=C)nc(NCC(O)CN2CCC(NCC3c4ccccc4CCc4ccccc43)CC2)n1,568.7700000000001,3.824900000000003,5,9,14,110.26,42,0,0.20224719101123595
DEC_2700,ACT_058,CHEMBL280057,CC(C)(C)NCCSSCCNC(C)(C)C,264.504,3.144000000000002,2,4,7,24.06,16,0,0.10526315789473684
DEC_2701,ACT_058,CHEMBL267546,O=NN(CCF)C(=O)NC1C2CC3CC(C2)CC1C3,269.32,2.4736000000000002,1,3,4,61.77,19,0,0.11764705882352941
DEC_2702,ACT_058,CHEMBL20040,c1ccc(CNC2c3ccccc3Oc3ccccc32)nc1,288.35,4.066500000000003,1,3,3,34.15,22,0,0.12987012987012986
DEC_2703,ACT_058,CHEMBL25929,CC1CC(OCC(O)CNC(C)(C)C)CC(C)(C)C1,271.445,2.966800000000001,2,3,5,41.49,19,0,0.13043478260869565
DEC_2704,ACT_058,CHEMBL12424,O=NN(CCCl)C(=O)NC1C2CC3CC(C2)CC1C3,285.7750000000001,2.7429000000000014,1,3,4,61.77,19,0,0.13095238095238096
DEC_2705,ACT_058,CHEMBL284774,N#CC(c1ccccc1)C(N)Sc1ccccc1N,269.373,2.953080000000001,2,4,4,75.83,19,0,0.13333333333333333
DEC_2706,ACT_058,CHEMBL12701,O=NN(CCCl)C(=O)NC12CC3CC(CC(C3)C1)C2,285.7750000000001,2.8870000000000013,1,3,4,61.77,19,0,0.1388888888888889
DEC_2707,ACT_058,CHEMBL20935,c1ccc(CCNC2c3ccccc3Oc3ccccc32)nc1,302.37700000000007,4.109000000000003,1,3,4,34.15,23,0,0.1388888888888889
DEC_2708,ACT_058,CHEMBL11917,C/C=C(\NC(=O)C12CC3CC(CC(C3)C1)C2)C(=O)O,263.33699999999993,2.3074000000000003,2,2,3,66.4,19,0,0.14084507042253522
DEC_2709,ACT_058,CHEMBL418397,CCCN(CCC)CC1CCCc2cc(O)c(O)cc21,277.40799999999996,3.639700000000003,2,3,6,43.7,20,0,0.14102564102564102
DEC_2710,ACT_058,CHEMBL275300,CC1CC(NC(=O)N(CCCl)N=O)CC(C)(C)C1,275.78000000000003,3.133000000000002,1,3,4,61.77,18,0,0.14285714285714285
DEC_2711,ACT_058,CHEMBL275600,CCCN(CCC)CCc1ccc(O)c2[nH]c(O)nc12,277.368,2.638600000000001,3,4,7,72.38,20,0,0.14285714285714285
DEC_2712,ACT_058,CHEMBL31332,CCCN(CCC)CC1CCc2c1ccc(O)c2O,263.381,3.2496000000000027,2,3,6,43.7,19,0,0.14285714285714285
DEC_2713,ACT_058,CHEMBL10359,CC(/C=C/C(=O)C1=C(O)CN(C)C1=O)=C\C1CCCCC1,289.37500000000006,2.9224000000000014,1,3,4,57.61,21,0,0.14285714285714285
DEC_2714,ACT_058,CHEMBL12684,O=NN(CCCl)C(=O)NC1CCC(CCl)CC1,282.17100000000005,2.7158000000000007,1,3,5,61.77,17,0,0.14285714285714285
DEC_2715,ACT_058,CHEMBL31979,CCCN(CCC)CC1CCc2cc(O)c(O)cc21,263.381,3.2496000000000027,2,3,6,43.7,19,0,0.14473684210526316
DEC_2716,ACT_058,CHEMBL7647,Oc1ccc2c(c1CCCSc1ccccc1)CCO2,286.3960000000001,4.052000000000004,1,3,5,29.46,20,0,0.14473684210526316
DEC_2717,ACT_058,CHEMBL20311,c1ccc(NNC2c3ccccc3Oc3ccccc32)nc1,289.338,3.8934000000000015,2,4,3,46.18,22,0,0.14666666666666667
DEC_2718,ACT_058,CHEMBL7499,NS(=O)(=O)c1ccc(/C=C/c2ccc(O)cc2)cc1,275.329,2.21,2,3,3,80.39,19,0,0.14705882352941177
DEC_2719,ACT_058,CHEMBL276848,O=NN(CCCl)C(=O)NC1CCC(Cl)CC1,268.144,2.4682000000000004,1,3,4,61.77,16,0,0.14705882352941177
DEC_2720,ACT_058,CHEMBL29140,OC(c1ccccc1)(c1cncnc1)c1cccs1,268.341,2.822300000000001,1,4,3,46.010000000000005,19,0,0.14705882352941177
DEC_2721,ACT_058,CHEMBL15887,CCCN(CCC)C1CCc2cc(O)c(O)cc2C1,263.38100000000003,3.0771000000000024,2,3,5,43.7,19,0,0.14864864864864866
DEC_2722,ACT_058,CHEMBL274338,CC(C)(C)C1CCCC(NC(=O)N(CCCl)N=O)C1,289.807,3.523100000000002,1,3,4,61.77,19,0,0.14864864864864866
DEC_2723,ACT_058,CHEMBL24346,NCCc1c[nH]c(-c2csc(Br)c2)n1,272.17099999999994,2.4019000000000004,2,3,3,54.7,14,0,0.14925373134328357
DEC_2724,ACT_058,CHEMBL274394,C/C=C(\NC(=O)CC12CC3CC(CC(C3)C1)C2)C(=O)O,277.364,2.6975000000000007,2,2,4,66.4,20,0,0.15
DEC_2725,ACT_058,CHEMBL417460,c1ccc2c(c1)Oc1ccccc1C2NCc1ccncc1,288.35,4.066500000000002,1,3,3,34.15,22,0,0.15
DEC_2726,ACT_058,CHEMBL29339,CCCCCCC1(c2ccc(N)cc2)CCC(=O)NC1=O,288.39099999999996,2.9136000000000006,2,3,6,72.19,21,0,0.15
DEC_2727,ACT_058,CHEMBL275905,COc1c(Cl)c(O)c(C(=O)O)c(OC)c1Cl,267.06399999999996,2.4144000000000005,2,4,3,75.99000000000001,16,0,0.15151515151515152
DEC_2728,ACT_058,CHEMBL11763,CC1(C)CC1C(=O)N/C(=C\CCCCC#N)C(=O)O,264.32499999999993,2.20118,2,3,7,90.19000000000001,19,0,0.15151515151515152
DEC_2729,ACT_058,CHEMBL25735,CCCCCC1(c2ccc(N)cc2)CCC(=O)NC1=O,274.364,2.5235000000000003,2,3,5,72.19,20,0,0.1518987341772152
DEC_2730,ACT_058,CHEMBL39152,CCCCCCC1(c2ccncc2)CCC(=O)NC1=O,274.36400000000003,2.7264,1,3,6,59.06,20,0,0.1518987341772152
DEC_2731,ACT_058,CHEMBL273673,Cc1ccc(C)n1Nc1ccc(N2CCCCC2)nn1,271.36799999999994,2.760440000000001,1,4,3,45.980000000000004,20,0,0.1527777777777778
DEC_2732,ACT_058,CHEMBL281712,CCCN(CCC)CC1CCCc2c1ccc(O)c2O,277.40799999999996,3.639700000000004,2,3,6,43.7,20,0,0.1527777777777778
DEC_2733,ACT_058,CHEMBL275557,C=CCN(CC=C)c1ccc(Nn2c(C)ccc2C)nn1,283.379,2.9485400000000013,1,4,7,45.980000000000004,21,0,0.1527777777777778
DEC_2734,ACT_058,CHEMBL12827,CC(C)(C)C1CCC(NC(=O)N(CCCl)N=O)CC1,289.8070000000001,3.523100000000002,1,3,4,61.77,19,0,0.1527777777777778
DEC_2735,ACT_058,CHEMBL13893,c1ccc(CN2CC(C3=NCCN3)Oc3ccccc32)cc1,293.37,2.4559000000000006,1,4,3,36.86,22,0,0.1527777777777778
DEC_2736,ACT_058,CHEMBL24500,CC1C/C(=N/OCC(O)CNC(C)(C)C)CC(C)(C)C1,284.444,2.954200000000001,2,4,5,53.85,20,0,0.1527777777777778
DEC_2737,ACT_058,CHEMBL282809,CC[C@]1(c2ccsc2)OC[C@H]([C@@H]2CCCCN2)O1,267.39399999999995,2.868400000000001,1,4,3,30.49,18,0,0.15294117647058825
DEC_2738,ACT_058,CHEMBL287645,CC[C@]1(c2cccs2)OC[C@H]([C@@H]2CCCCN2)O1,267.39399999999995,2.868400000000001,1,4,3,30.49,18,0,0.15294117647058825
DEC_2739,ACT_058,CHEMBL6587,Cl.c1ccc(COc2noc3c2CNCC3)cc1,266.72799999999995,2.3211000000000004,1,4,3,47.290000000000006,18,0,0.15476190476190477
DEC_2740,ACT_058,CHEMBL11845,CCCN(CCC)C1CCc2c(ccc(O)c2O)C1,263.38100000000003,3.0771000000000024,2,3,5,43.7,19,0,0.15584415584415584
DEC_2741,ACT_058,CHEMBL11564,CCCN(CCC)C1CCc2ccc(O)c(O)c2C1,263.38100000000003,3.0771000000000024,2,3,5,43.7,19,0,0.15584415584415584
DEC_2742,ACT_058,CHEMBL416197,C=CCc1c(O)ccc2c1CC(CCc1ccccc1)O2,280.36699999999996,4.057000000000003,1,2,5,29.46,21,0,0.15584415584415584
DEC_2743,ACT_058,CHEMBL27627,c1ccc(COc2ccccc2-c2nc3ccc[nH]c-3n2)cc1,301.34900000000005,4.155500000000003,1,3,4,50.8,23,0,0.15584415584415584
DEC_2744,ACT_058,CHEMBL21083,CN(C)CCc1c[nH]c2c(Br)cccc12,267.17,3.0345000000000013,1,1,3,19.03,15,0,0.1566265060240964
DEC_2745,ACT_058,CHEMBL9235,C#Cc1ccc(C(=O)c2ccc3n2CCC3C(=O)O)cc1,279.29499999999996,2.2723000000000004,1,2,3,59.3,21,0,0.1566265060240964
DEC_2746,ACT_058,CHEMBL15111,CC(C)(O)CC(=O)c1cc2c(c(C(C)(C)C)c1)OCCC2,290.4030000000001,3.6528000000000027,1,3,3,46.53,21,0,0.1566265060240964
DEC_2747,ACT_058,CHEMBL284633,CC[C@]1(c2cccc(N)c2)OC[C@H]([C@@H]2CCCCN2)O1,276.37999999999994,2.3891,2,4,3,56.510000000000005,20,0,0.15730337078651685
DEC_2748,ACT_058,CHEMBL12396,c1ccc2c3c([nH]c2c1)CN(CCc1cnccn1)CC3,278.35900000000004,2.558700000000001,1,3,3,44.81,21,0,0.15730337078651685
DEC_2749,ACT_058,CHEMBL597,Cc1ccc(N(CC2=NCCN2)c2cccc(O)c2)cc1,281.35900000000004,2.840420000000001,2,4,4,47.86,21,0,0.15789473684210525
DEC_2750,ACT_059,CHEMBL280778,O=C1N[C@@H]2CCCC[C@H]2N1C1CCN(CC2CCCCCCC2)CC1,347.54700000000025,4.147700000000003,1,2,3,35.580000000000005,25,0,0.13636363636363635
DEC_2751,ACT_059,CHEMBL286411,CC(C)C1CCC(N2CCC(N3C(=O)N[C@@H]4CCCC[C@H]43)CC2)CC1,347.54700000000025,4.002000000000003,1,2,3,35.58,25,0,0.1506849315068493
DEC_2752,ACT_059,CHEMBL20176,C=CCN(C1=NCCN1)c1c(Br)cccc1Br,359.065,3.1632000000000016,1,3,3,27.63,17,0,0.1518987341772152
DEC_2753,ACT_059,CHEMBL26681,CCCC1CCC(N2CCC(N3C(=O)N[C@@H]4CCCC[C@H]43)CC2)CC1,347.54700000000025,4.146100000000003,1,2,4,35.58,25,0,0.16049382716049382
DEC_2754,ACT_059,CHEMBL279769,[O-][S+](CC(F)(F)F)c1nc(-c2ccccc2)c(-c2ccccc2)[nH]1,350.36500000000007,4.413600000000002,1,2,4,51.74,24,0,0.1625
DEC_2755,ACT_059,CHEMBL9098,O=C(c1c(F)c(F)c(F)c(F)c1F)c1ccc2n1CCC2C(=O)O,345.2230000000001,2.9865000000000013,1,2,3,59.3,24,0,0.16279069767441862
DEC_2756,ACT_059,CHEMBL29867,[O-][n+]1cncc(C(O)(c2ccc(Cl)cc2)c2ccc(Cl)cc2)c1,347.201,3.306000000000002,1,3,3,60.06,23,0,0.16417910447761194
DEC_2757,ACT_059,CHEMBL281787,C=CCN1C[C@H](C(=O)N(CC)CC)C=C2c3cccc4[nH]cc(c34)C[C@H]21,349.47800000000007,3.462200000000002,1,2,5,39.34,26,0,0.16842105263157894
DEC_2758,ACT_059,CHEMBL17010,O=C1Nc2ccc(F)cc2C(OCC=C(Cl)Cl)(C(F)(F)F)O1,360.09,4.438500000000001,1,3,3,47.56,22,0,0.16853932584269662
DEC_2759,ACT_059,CHEMBL281056,Cc1ncc2c(Nc3ccccc3Br)nc3ccccc3n12,353.22300000000007,4.697020000000003,1,3,2,42.22,22,0,0.1686746987951807
DEC_2760,ACT_059,CHEMBL19924,CC(C)CN(C1=NCCN1)c1c(Br)cccc1Br,375.108,3.633200000000002,1,3,3,27.63,18,0,0.16883116883116883
DEC_2761,ACT_059,CHEMBL20335,CCCN(C1=NCCN1)c1c(Br)cccc1Br,361.081,3.3872000000000018,1,3,3,27.63,17,0,0.16883116883116883
DEC_2762,ACT_059,CHEMBL18818,O=S(=O)(c1nc(-c2ccccc2)c(-c2ccccc2)[nH]1)C(F)(F)F,352.337,4.037200000000001,1,3,3,62.82,24,0,0.171875
DEC_2763,ACT_059,CHEMBL279634,CN1CCc2cc(Cl)c(O)cc2C(c2cccc(N=C=S)c2)C1,344.8670000000001,4.399700000000004,1,4,2,35.83,23,0,0.17204301075268819
DEC_2764,ACT_059,CHEMBL19915,CC(C)N(C1=NCCN1)c1c(Br)cccc1Br,361.081,3.385600000000002,1,3,2,27.63,17,0,0.17333333333333334
DEC_2765,ACT_059,CHEMBL277242,CCN(C1=NCCN1)c1c(Br)cccc1Br,347.05400000000003,2.9971000000000014,1,3,2,27.63,16,0,0.17333333333333334
DEC_2766,ACT_059,CHEMBL22893,CCN(CC)C(=O)[C@@H]1C=C2c3cccc4[nH]cc(c34)C[C@H]2N(C(C)C)C1,351.49400000000014,3.6846000000000023,1,2,4,39.34,26,0,0.17391304347826086
DEC_2767,ACT_059,CHEMBL34006,Cc1cc2nc(/C=C/c3ccc[n+](C)c3)[nH]c2cc1C.F[B-](F)(F)F,351.156,4.4746400000000035,1,1,2,32.56,25,0,0.175
DEC_2768,ACT_059,CHEMBL284414,O=C1NCN(c2ccccc2)C12CCN(C1CCc3ccccc31)CC2,347.46200000000005,3.102400000000002,1,3,2,35.580000000000005,26,0,0.175
DEC_2769,ACT_059,CHEMBL24975,CN(C)/C(=N\O)c1ccc(Sc2cc(F)cc(C3CCOCC3)c2)cc1,374.48100000000017,4.568300000000003,1,4,4,45.06,26,0,0.17582417582417584
DEC_2770,ACT_059,CHEMBL29955,Cc1ccc(Cn2cnc3c(Nc4ccccc4)nc(Cl)nc32)cc1,349.82500000000016,4.580020000000003,1,4,4,55.63,25,0,0.17647058823529413
DEC_2771,ACT_059,CHEMBL17816,O=S(=O)(Nc1cccc(Oc2cccc3cccnc23)c1)C(F)(F)F,368.336,4.288600000000001,1,4,4,68.29,25,0,0.17721518987341772
DEC_2772,ACT_059,CHEMBL276438,O=c1oc(Nc2ccccc2I)nc2ccccc12,364.14200000000005,3.536200000000001,1,4,2,55.13,19,0,0.1780821917808219
DEC_2773,ACT_059,CHEMBL283961,C=C(C)CN(C1=NCCN1)c1c(Br)cccc1Br,373.092,3.553300000000002,1,3,3,27.63,18,0,0.1794871794871795
DEC_2774,ACT_059,CHEMBL276045,CN(C(=O)c1cc2cc(O)ccc2n1C)c1cccc(Br)c1,359.223,3.9230000000000027,1,2,2,45.470000000000006,22,0,0.18072289156626506
DEC_2775,ACT_059,CHEMBL284716,CCCN(C/C=C/I)C1CCc2cccc(O)c2C1,371.2620000000001,3.9102000000000032,1,2,5,23.47,19,0,0.18072289156626506
DEC_2776,ACT_059,CHEMBL18535,O=S(=O)(CC(F)(F)F)c1nc(-c2ccccc2)c(-c2ccccc2)[nH]1,366.36400000000003,4.0797000000000025,1,3,4,62.82,25,0,0.18181818181818182
DEC_2777,ACT_059,CHEMBL27758,N=C(N)c1ccc2[nH]c(Cc3cccc(CCc4ccccc4)c3)cc2c1,353.469,4.827970000000004,3,1,6,65.66,27,0,0.18181818181818182
DEC_2778,ACT_059,CHEMBL30091,NS(=O)(=O)c1ccc(-n2nc(C(F)(F)F)cc2C2=CCCCC2)cc1,371.3840000000002,3.4959000000000024,1,3,3,77.98,25,0,0.18181818181818182
DEC_2779,ACT_059,CHEMBL27716,O=C1NCN(c2ccccc2)C12CCN([C@@H]1CCCc3ccccc31)CC2,361.4890000000001,3.4925000000000024,1,3,2,35.580000000000005,27,0,0.18292682926829268
DEC_2780,ACT_059,CHEMBL26638,O=C1NCN(c2ccccc2)C12CCN([C@H]1CCCc3ccccc31)CC2,361.4890000000001,3.4925000000000024,1,3,2,35.580000000000005,27,0,0.18292682926829268
DEC_2781,ACT_059,CHEMBL27460,O=C1NCN(c2ccccc2)C12CCN(C1CCCc3ccccc31)CC2,361.4890000000001,3.4925000000000024,1,3,2,35.580000000000005,27,0,0.18292682926829268
DEC_2782,ACT_059,CHEMBL9120,O=C(c1ccccc1I)c1ccc2n1CCC2C(=O)O,381.16900000000015,2.895600000000001,1,2,3,59.3,20,0,0.18292682926829268
DEC_2783,ACT_059,CHEMBL17586,O=S(=O)(Nc1cccc(Oc2ccc3ccccc3n2)c1)C(F)(F)F,368.336,4.288600000000001,1,4,4,68.29,25,0,0.18421052631578946
DEC_2784,ACT_059,CHEMBL20998,CS(=O)(=O)Nc1cccc(Nc2c3ccccc3nc3ccccc23)c1,363.4420000000001,4.5031000000000025,2,4,4,71.09,26,0,0.18461538461538463
DEC_2785,ACT_059,CHEMBL277409,OC1(c2nc(-c3ccc(F)cc3)c(-c3ccncc3)[nH]2)CCCCCC1,351.42500000000024,4.819600000000003,2,3,3,61.800000000000004,26,0,0.18518518518518517
DEC_2786,ACT_059,CHEMBL266553,O=C(O)C1Cc2cc3c(-c4ccccc4Cl)noc3c(Cl)c2O1,350.1570000000001,4.189700000000002,1,4,2,72.56,23,0,0.1875
DEC_2787,ACT_059,CHEMBL277244,Brc1ccc(N(CC2CC2)C2=NCCN2)c(Br)c1,373.0919999999999,3.3872000000000018,1,3,3,27.63,18,0,0.1875
DEC_2788,ACT_059,CHEMBL278627,Brc1ccc(Br)c(N(CC2CC2)C2=NCCN2)c1,373.09200000000016,3.3872000000000018,1,3,3,27.63,18,0,0.1875
DEC_2789,ACT_059,CHEMBL20470,N#Cc1ccc(S(=O)(=O)Nc2ccc(Cl)c3c(Cl)c[nH]c23)cc1,366.229,4.147180000000001,2,3,3,85.75,23,0,0.1875
DEC_2790,ACT_059,CHEMBL22022,CCS(=O)(=O)c1ccc(OC)c(-c2ccc(C(C)N3CCCCCC3)[nH]2)c1,390.54900000000026,4.420900000000004,1,4,6,62.400000000000006,27,0,0.1875
DEC_2791,ACT_059,CHEMBL25296,CCCc1cc2c(cc1O)C(C)(C)C(CCc1ccc(S(C)(=O)=O)cc1)O2,388.52900000000005,4.4196000000000035,1,4,6,63.599999999999994,27,0,0.1875
DEC_2792,ACT_059,CHEMBL25468,O=C(O)COc1ccc(-c2nsc3ccccc23)c(Cl)c1Cl,354.21400000000006,4.733500000000002,1,4,4,59.42,22,0,0.18823529411764706
DEC_2793,ACT_059,CHEMBL18601,C[S+]([O-])c1nc(-c2ccc(Cl)cc2)c(-c2ccc(Cl)cc2)[nH]1,351.25800000000004,4.787900000000003,1,2,3,51.74,22,0,0.18840579710144928
DEC_2794,ACT_059,CHEMBL10477,COc1ccc(/C=C(C)/C=C/C(O)=C2\C(=O)CN(C)C2=O)c2ccccc12,363.4130000000001,3.661100000000002,1,4,4,66.84,27,0,0.18888888888888888
DEC_2795,ACT_059,CHEMBL284015,CN1CCC(O)(c2cc(-c3ccncc3)c(-c3ccc(F)cc3)[nH]2)CC1,351.42500000000007,3.796000000000002,2,3,3,52.15,26,0,0.18888888888888888
DEC_2796,ACT_059,CHEMBL10383,CN1CC(O)=C(C(=O)/C=C/C(Br)=C/c2ccccc2)C1=O,348.196,2.831800000000001,1,3,4,57.61,21,0,0.1891891891891892
DEC_2797,ACT_059,CHEMBL27585,O=c1cnn(-c2ccc(Sc3ccc(Cl)cc3)c(Cl)c2)c(=O)[nH]1,366.2290000000001,3.378800000000002,1,4,3,67.75,23,0,0.1891891891891892
DEC_2798,ACT_059,CHEMBL417863,N#CCCNC(=O)CCCn1c2c(c3ccccc31)C(=O)CN1CCCCC21,378.4760000000002,3.1746800000000013,1,4,6,78.13,28,0,0.1891891891891892
DEC_2799,ACT_059,CHEMBL20448,Cn1c(=O)ccc2cc(COc3cccc(C4(CO)CCOCC4)c3)ccc21,379.4560000000002,3.1580000000000013,1,4,5,60.69,28,0,0.18947368421052632
DEC_2800,ACT_060,CHEMBL70693,CCCCC(=N)NCCc1ccc2[nH]c3c(c2c1)C[C@@]1(O)C2Cc4ccc(O)c5c4C1(CCN2CC1CC1)C3O5,540.7080000000005,4.872170000000004,5,5,8,104.60000000000001,40,0,0.15517241379310345
DEC_2801,ACT_060,CHEMBL287049,N#CN=C1N(Cc2cccc(N)c2)[C@H](Cc2ccccc2)[C@H](O)[C@@H](O)[C@@H](Cc2ccccc2)N1Cc1cccc(N)c1,560.7020000000001,3.950280000000002,4,6,8,135.13,42,0,0.15942028985507245
DEC_2802,ACT_060,CHEMBL287112,N#CN=C1N(Cc2cccc(O)c2)[C@H](Cc2ccccc2)[C@H](O)[C@@H](O)[C@@H](Cc2ccccc2)N1Cc1cccc(O)c1,562.6700000000003,4.197080000000004,4,6,8,123.55000000000001,42,0,0.16176470588235295
DEC_2803,ACT_060,CHEMBL58215,CC(C)C[C@@H]1N[C@H]2N(C1=O)c1ccccc1[C@@]2(O)C[C@@H]1NC(=O)c2ccccc2N2C(=O)c3ccccc3NC12,537.6200000000002,3.1655000000000006,4,6,4,114.01000000000002,40,0,0.16346153846153846
DEC_2804,ACT_060,CHEMBL285903,N#CN=C1N(Cc2ccc(N)cc2)[C@H](Cc2ccccc2)[C@H](O)[C@@H](O)[C@@H](Cc2ccccc2)N1Cc1ccc(N)cc1,560.7020000000001,3.950280000000003,4,6,8,135.13,42,0,0.16417910447761194
DEC_2805,ACT_060,CHEMBL285154,N#CN=C1N(Cc2ccc(O)cc2)[C@H](Cc2ccccc2)[C@H](O)[C@@H](O)[C@@H](Cc2ccccc2)N1Cc1ccc(O)cc1,562.6700000000003,4.197080000000003,4,6,8,123.55000000000001,42,0,0.16666666666666666
DEC_2806,ACT_060,CHEMBL45310,CC(C)CCN(C[C@@H](O)[C@@H]1Cc2ccc(cc2)OCCCCCC(=O)N[C@@H](C(C)C)C(=O)N1)NC(=O)NC(C)(C)C,575.7950000000003,3.529200000000002,5,6,8,132.03,41,0,0.16831683168316833
DEC_2807,ACT_060,CHEMBL82422,Nc1cccc(CN2C(=O)N(Cc3ccc4[nH]ncc4c3)[C@H](Cc3ccccc3)[C@H](O)[C@@H](O)[C@H]2Cc2ccccc2)c1,561.6860000000003,4.527300000000004,4,5,8,118.71000000000001,42,0,0.1827956989247312
DEC_2808,ACT_060,CHEMBL311298,Nc1ccc(CN2C(=O)N(Cc3ccc4[nH]ncc4c3)[C@H](Cc3ccccc3)[C@H](O)[C@@H](O)[C@H]2Cc2ccccc2)cc1,561.6860000000003,4.527300000000004,4,5,8,118.71000000000001,42,0,0.18478260869565216
DEC_2809,ACT_060,CHEMBL433136,O=C1N(Cc2cccc(O)c2)[C@H](Cc2ccccc2)[C@H](O)[C@@H](O)[C@@H](Cc2ccccc2)N1Cc1ccc2[nH]ncc2c1,562.6700000000002,4.650700000000003,4,5,8,112.92,42,0,0.18478260869565216
DEC_2810,ACT_060,CHEMBL320005,O=C1N(Cc2ccc3c[nH]nc3c2)[C@H](Cc2ccccc2)[C@H](O)[C@@H](O)[C@@H](Cc2ccccc2)N1Cc1ccc2c[nH]nc2c1,586.6960000000001,4.821400000000004,4,5,8,121.36999999999999,44,0,0.1891891891891892
DEC_2811,ACT_060,CHEMBL310677,Cc1ccc(CN2C(=O)N(Cc3ccc4[nH]ncc4c3)[C@H](Cc3ccccc3)[C@H](O)[C@@H](O)[C@H]2Cc2ccccc2)cc1N,575.7130000000002,4.835720000000003,4,5,8,118.71000000000001,43,0,0.18947368421052632
DEC_2812,ACT_060,CHEMBL20881,O=C(CCCCC1SCC2NC(=O)NC21)Nc1cccc2c1CC(N1CCC(c3ccccc3)CC1)C(O)C2,548.7530000000004,4.058600000000003,4,5,8,93.7,39,0,0.1941747572815534
DEC_2813,ACT_060,CHEMBL280824,CC(C)(C)NC(=O)C(c1ccc(-c2ccccc2)cc1)N1C(=O)[C@H](CS)NC(=O)[C@@H]1Cc1ccc([N+](=O)[O-])cc1,560.6760000000003,4.085700000000003,3,6,8,121.65,40,0,0.1956521739130435
DEC_2814,ACT_060,CHEMBL284136,O=C1N(Cc2cccc(O)c2)[C@H](Cc2ccccc2)[C@H](O)[C@@H](O)[C@@H](Cc2ccccc2)N1Cc1cccc(O)c1,538.6440000000002,4.480000000000004,4,5,8,104.47000000000001,40,0,0.19672131147540983
DEC_2815,ACT_060,CHEMBL78671,O=C1N(Cc2ccc3[nH]ncc3c2)[C@H](Cc2ccccc2)[C@H](O)[C@@H](O)[C@@H](Cc2ccccc2)N1Cc1ccc2[nH]ncc2c1,586.6960000000001,4.821400000000004,4,5,8,121.36999999999999,44,0,0.19767441860465115
DEC_2816,ACT_060,CHEMBL320219,O=C1N(Cc2ccc3[nH]cnc3c2)[C@H](Cc2ccccc2)[C@H](O)[C@@H](O)[C@@H](Cc2ccccc2)N1Cc1ccc2[nH]cnc2c1,586.6960000000001,4.821400000000003,4,5,8,121.36999999999999,44,0,0.19767441860465115
DEC_2817,ACT_060,CHEMBL116629,O=C1CCC(=O)N[C@@H](Cc2c[nH]c3ccccc23)C(=O)N[C@@H](CC2=CC=CCC2)C(=O)N[C@H](CCc2ccccc2)CN1,581.7170000000003,3.374100000000001,5,4,7,132.19,43,0,0.19811320754716982
DEC_2818,ACT_060,CHEMBL68793,O=C1N(Cc2ccccc2)[C@H](Cc2ccccc2O)[C@H](O)[C@@H](O)[C@@H](Cc2ccccc2O)N1Cc1ccccc1,538.6440000000002,4.480000000000003,4,5,8,104.47000000000001,40,0,0.2
DEC_2819,ACT_060,CHEMBL83442,CCCNCc1cccc(C(=O)OCC(=O)[C@@]2(O)CCC3C4CCC5=CC(=O)CCC5(C)C4C(O)CC32C)c1,537.6970000000005,4.145900000000003,3,7,8,112.92999999999999,39,0,0.2
DEC_2820,ACT_060,CHEMBL309154,N=C(N)NCCC[C@H]1NC(=O)N([C@H](Cc2cccc3ccccc23)C(=O)N2CCC3(CCc4ccccc43)CC2)C1=O,566.7060000000002,3.4411700000000023,4,4,8,131.62,42,0,0.20175438596491227
DEC_2821,ACT_060,CHEMBL420944,Nc1cc(CN2C(=O)N(Cc3ccc4[nH]ncc4c3)[C@H](Cc3ccccc3)[C@H](O)[C@@H](O)[C@H]2Cc2ccccc2)ccc1F,579.6760000000003,4.666400000000004,4,5,8,118.71000000000001,43,0,0.20212765957446807
DEC_2822,ACT_060,CHEMBL35860,O=C1N(Cc2ccc(O)cc2)[C@H](Cc2ccccc2)[C@H](O)[C@@H](O)[C@@H](Cc2ccccc2)N1Cc1ccc(O)cc1,538.6440000000002,4.480000000000004,4,5,8,104.47000000000001,40,0,0.2033898305084746
DEC_2823,ACT_060,CHEMBL305228,O=C1N(Cc2ccccc2)[C@H](Cc2ccc(O)cc2)[C@H](O)[C@@H](O)[C@@H](Cc2ccc(O)cc2)N1Cc1ccccc1,538.6440000000002,4.480000000000003,4,5,8,104.47000000000001,40,0,0.2033898305084746
DEC_2824,ACT_060,CHEMBL57347,CN1CCN(CCCNc2ncc3cc(-c4c(Cl)cccc4Cl)c(NC(=O)NC(C)(C)C)nc3n2)CC1,545.519,4.968000000000003,3,7,7,98.31,37,0,0.20353982300884957
DEC_2825,ACT_060,CHEMBL15701,N[C@@H](Cc1cc(I)c(OCCc2ccc(O)cc2)c(I)c1)C(=O)O,553.1340000000001,3.1773000000000016,3,4,7,92.78000000000002,24,0,0.20634920634920634
DEC_2826,ACT_060,CHEMBL15449,N[C@H](Cc1cc(I)c(OCCc2ccc(O)cc2)c(I)c1)C(=O)O,553.1340000000001,3.1773000000000016,3,4,7,92.78000000000002,24,0,0.20634920634920634
DEC_2827,ACT_060,CHEMBL15396,NC(Cc1cc(I)c(OCCc2ccc(O)cc2)c(I)c1)C(=O)O,553.1340000000001,3.1773000000000016,3,4,7,92.78000000000002,24,0,0.20634920634920634
DEC_2828,ACT_060,CHEMBL116867,Cc1cc(O)c(C)c(C(=O)N[C@@H](Cc2ccc3ccccc3c2)[C@H](O)C(=O)N2C[C@@H](Cl)C[C@H]2C(=O)NC(C)(C)C)c1,580.1250000000001,3.9872400000000026,4,5,7,118.97,41,0,0.20754716981132076
DEC_2829,ACT_060,CHEMBL117271,Cc1ccc(C(=O)N[C@@H](Cc2ccc3ccccc3c2)[C@H](O)C(=O)N2C[C@@H](Cl)C[C@H]2C(=O)NC(C)(C)C)c(C)c1O,580.1250000000002,3.987240000000003,4,5,7,118.97000000000001,41,0,0.20754716981132076
DEC_2830,ACT_060,CHEMBL419571,CC(C)[C@@H]1NC(=O)[C@@H]([C@H](O)[C@H](Cc2ccccc2)NC(=O)OC(C)(C)C)NCc2cccc(c2)OCCCCNC1=O,582.7420000000002,3.0713,5,7,6,138.02,42,0,0.20909090909090908
DEC_2831,ACT_060,CHEMBL289133,CC(C)CN(CC(C)C)S(=O)(=O)c1ccc2c(c1)[C@@H](/N=C(\NC#N)Nc1ccc(Cl)cc1)[C@H](O)C(C)(C)O2,562.1360000000001,4.7544800000000045,3,6,8,127.05000000000001,38,0,0.20930232558139536
DEC_2832,ACT_060,CHEMBL311335,O=C(O)C[C@@H](NC(=O)[C@@H]1CCN1S(=O)(=O)c1cc(Cl)cc(Cl)c1)c1ccc(-c2c(O)cccc2O)cc1,565.4310000000003,4.166800000000002,4,6,8,144.24,37,0,0.20930232558139536
DEC_2833,ACT_060,CHEMBL67003,Cc1cc(C(=O)N2CCOCC2)[nH]c1/C=C1\C(=O)Nc2ncnc(Nc3ccc4c(cnn4Cc4ccccc4)c3)c21,560.6180000000002,4.219820000000002,3,7,6,130.06,42,0,0.21052631578947367
DEC_2834,ACT_060,CHEMBL67057,Cc1cc(C(=O)N2CCOCC2)[nH]c1/C=C1\C(=O)Nc2ncnc(Nc3ccc4c(ccn4Cc4ccccc4)c3)c21,559.6300000000002,4.824820000000003,3,6,6,117.16999999999999,42,0,0.21052631578947367
DEC_2835,ACT_060,CHEMBL307789,N=C(N)NCCC[C@H]1NC(=O)N([C@H](Cc2ccc3ccccc3c2)C(=O)N2CCC3(CCc4ccccc43)CC2)C1=O,566.7060000000002,3.441170000000003,4,4,8,131.62,42,0,0.21052631578947367
DEC_2836,ACT_060,CHEMBL422786,Cc1c(O)cc(F)cc1C(=O)N[C@@H](Cc1ccc2ccccc2c1)[C@H](O)C(=O)N1C[C@@H](Cl)C[C@H]1C(=O)NC(C)(C)C,584.0880000000002,3.8179200000000018,4,5,7,118.97,41,0,0.21296296296296297
DEC_2837,ACT_060,CHEMBL312674,Nc1ccc(CN2C(=O)N(Cc3ccc4[nH]ncc4c3)[C@H](Cc3ccccc3)[C@H](O)[C@@H](O)[C@H]2Cc2ccccc2)cc1F,579.6760000000003,4.666400000000005,4,5,8,118.71000000000001,43,0,0.21428571428571427
DEC_2838,ACT_060,CHEMBL432111,CCc1cn([C@@H]2O[C@H](CNC(=O)C3c4cccc(Cl)c4Oc4c(Cl)cccc43)[C@@H](O)[C@@H]2F)c(=O)[nH]c1=O,550.3700000000001,3.0562000000000014,3,6,5,122.64999999999998,37,0,0.21495327102803738
DEC_2839,ACT_060,CHEMBL326070,CC(C)[C@@H]1NC(=O)[C@@H]([C@H](O)[C@H](Cc2ccccc2)NC(=O)OC(C)(C)C)NCc2ccc(cc2)OCCCCNC1=O,582.7420000000002,3.0713,5,7,6,138.02,42,0,0.21495327102803738
DEC_2840,ACT_060,CHEMBL44047,CCc1cn([C@@H]2O[C@H](CNC(=O)C3c4ccccc4Oc4c(-c5ccccc5)cccc43)[C@@H](O)[C@@H]2F)c(=O)[nH]c1=O,557.5780000000002,3.416400000000001,3,6,6,122.64999999999998,41,0,0.21505376344086022
DEC_2841,ACT_060,CHEMBL41314,CC(C)c1cc(Oc2c(I)cc(C[C@@H](N)C(=O)O)cc2I)ccc1O,567.1610000000002,4.471500000000003,3,4,6,92.78,25,0,0.21621621621621623
DEC_2842,ACT_060,CHEMBL443268,Cc1cc(C(=O)NCCN2CCOCC2)[nH]c1/C=C1\C(=O)N(C)c2ncnc(Nc3ccc(F)c(Cl)c3)c21,539.9990000000001,3.228220000000002,3,7,7,115.48,38,0,0.21621621621621623
DEC_2843,ACT_060,CHEMBL296265,N=C(N)NCCC(=O)N1CCN(c2ccnc3cc(Cl)ccc23)CCN(c2ccnc3cc(Cl)ccc23)CC1,565.509,4.118170000000003,3,6,5,114.46999999999998,39,0,0.21739130434782608
DEC_2844,ACT_060,CHEMBL290025,CC1CNc2c(cccc2S(=O)(=O)N[C@@H](Cc2nc3ccccc3s2)C(=O)N2CCC(CCO)CC2)C1,542.7270000000001,3.4110000000000023,3,7,8,111.63,37,0,0.21782178217821782
DEC_2845,ACT_060,CHEMBL282568,CC1(C)CNc2c(cccc2S(=O)(=O)N[C@@H](Cc2nc3ccccc3s2)C(=O)N2CCC(CCN)CC2)C1,555.7700000000001,3.7675000000000027,3,7,8,117.41999999999999,38,0,0.21818181818181817
DEC_2846,ACT_060,CHEMBL324710,Cc1ccc(O)c(C)c1C(=O)N[C@@H](Cc1ccc2ccccc2c1)[C@H](O)C(=O)N1C[C@@H](Cl)C[C@H]1C(=O)NC(C)(C)C,580.1250000000001,3.9872400000000026,4,5,7,118.97,41,0,0.21904761904761905
DEC_2847,ACT_060,CHEMBL422401,CC1(C)CNc2c(cccc2S(=O)(=O)N[C@@H](Cc2nc3ccccc3s2)C(=O)N2CCC(CCO)CC2)C1,556.7540000000001,3.8011000000000026,3,7,8,111.63,38,0,0.22018348623853212
DEC_2848,ACT_060,CHEMBL43074,CC1(C)CNc2c(cccc2S(=O)(=O)NC(Cc2nc3ccccc3s2)C(=O)N2CCC(CCO)CC2)C1,556.7540000000001,3.8011000000000026,3,7,8,111.63,38,0,0.22018348623853212
DEC_2849,ACT_060,CHEMBL433425,CN1CCN(Cc2cc(Nc3cc(C(F)(F)F)nc(/N=C(\N)Nc4ccc(C(F)(F)F)cc4)n3)ccc2O)CC1,568.526,4.7691000000000034,4,7,6,114.93,40,0,0.22093023255813954
DEC_2850,ACT_061,CHEMBL273734,CCc1c2c(nc3cnc(Br)cc13)-c1cc3c(c(=O)n1C2)COC(=O)[C@]3(O)CC,456.29600000000033,2.799500000000001,1,6,2,94.31000000000002,29,0,0.15053763440860216
DEC_2851,ACT_061,CHEMBL278860,CC(C)NC(=O)N(C(=O)[C@H]1CCC2C3CCC4NC(=O)CC[C@]4(C)C3CC[C@@]21C)C(C)C,445.64800000000037,4.478800000000003,2,3,3,78.51,32,0,0.16883116883116883
DEC_2852,ACT_061,CHEMBL275071,O=C1NC(=O)C(CC#Cc2ccc(Cl)cc2)(S(=O)(=O)c2ccc3ccccc3c2)S1,455.9440000000002,4.388000000000003,1,5,3,80.31,30,0,0.17333333333333334
DEC_2853,ACT_061,CHEMBL275764,CN1C(=O)C=C[C@]2(C)C3CC[C@@]4(C)C(CC[C@@]4(O)C#CCCCBr)C3CCC12,448.44500000000016,4.5354000000000045,1,2,2,40.540000000000006,28,0,0.17391304347826086
DEC_2854,ACT_061,CHEMBL290562,COc1cc(O)c2c(c1)C(=O)c1cc(C(Br)Br)cc(OC)c1C2=O,456.0860000000001,3.973200000000002,1,5,3,72.83000000000001,24,0,0.18072289156626506
DEC_2855,ACT_061,CHEMBL7360,C/C(=C\Cn1oc(=O)[nH]c1=O)c1cccc(OCc2ccc3c(Cl)cccc3c2)c1,422.8680000000001,4.618700000000004,1,4,6,77.23,30,0,0.18085106382978725
DEC_2856,ACT_061,CHEMBL9905,Oc1ccc2c3c1OC1[C@H]4OC[C@@]4(CCc4ccccc4)CC4C(C2)N(CC2CC2)CCC341,443.58700000000033,4.469300000000004,1,4,5,41.93,33,0,0.18085106382978725
DEC_2857,ACT_061,CHEMBL37204,CCOC(=O)C1=C(C)N=C(C)/C(=C(/O)OCC)C1c1cccc(I)c1,455.29200000000003,4.492500000000004,1,5,5,68.12,25,0,0.18181818181818182
DEC_2858,ACT_061,CHEMBL9968,CN1CCC23c4c5ccc(O)c4OC2[C@H]2OC[C@@]2(CCCCc2ccccc2)CC3C1C5,431.57600000000025,4.469300000000004,1,4,5,41.93000000000001,32,0,0.18478260869565216
DEC_2859,ACT_061,CHEMBL17995,O=[N+]([O-])c1ccc(-c2[nH]c(S(=O)(=O)C(F)(F)C(F)F)nc2-c2ccc(F)cc2)cc1,447.341,4.422600000000002,1,5,6,105.96,30,0,0.18478260869565216
DEC_2860,ACT_061,CHEMBL430546,O=C(Nc1nccs1)c1c(C(F)(F)F)nc2c([S+]([O-])C(F)(F)F)cccc2c1O,455.36100000000005,4.2954000000000025,2,6,3,98.17,29,0,0.18518518518518517
DEC_2861,ACT_061,CHEMBL290054,CN(C)C[C@@H]1C[C@@H]2O[C@H]1n1c3ccccc3c3c4c(c5c6ccccc6n2c5c31)C(=O)NC4=O,450.49800000000016,4.394900000000003,1,4,2,68.5,34,0,0.18518518518518517
DEC_2862,ACT_061,CHEMBL26501,CN(C)C[C@H]1CCn2c(c(C3=C(c4cn(C)c5ccccc45)C(=O)NC3=O)c3ccccc32)C1,452.5580000000002,3.824200000000003,1,3,4,59.27,34,0,0.18604651162790697
DEC_2863,ACT_061,CHEMBL18076,Cc1ccc(N(/C=N/c2ccn(C3CSC(CO)O3)c(=O)n2)c2ccc(C)cc2)cc1,436.5370000000002,3.938640000000003,1,6,6,79.95,31,0,0.18627450980392157
DEC_2864,ACT_061,CHEMBL18676,O=c1nc(/N=C/N(c2ccc(F)cc2)c2ccc(F)cc2)ccn1C1CSC(CO)O1,444.46300000000014,3.6000000000000036,1,6,6,79.95,31,0,0.18627450980392157
DEC_2865,ACT_061,CHEMBL24691,CCN1C(=O)c2c(nc(Cc3ccccc3)n2Cc2ccc(N)cc2)N2C1=N[C@@H]1CCC[C@@H]12,440.5510000000002,3.677200000000002,1,5,5,79.75,33,0,0.18681318681318682
DEC_2866,ACT_061,CHEMBL23992,CCN1C(=O)c2c(nc(Cc3ccccc3)n2Cc2ccc(O)cc2)N2C1=N[C@@H]1CCC[C@@H]12,441.5350000000002,3.800600000000003,1,5,5,73.96000000000001,33,0,0.18681318681318682
DEC_2867,ACT_061,CHEMBL14027,CN1CN(C)c2nc3n(Cc4ccccc4)c(O)c(Sc4ccccc4)c(=O)n3c2C1=O,447.5200000000002,2.8804000000000007,1,6,4,83.08000000000001,32,0,0.1875
DEC_2868,ACT_061,CHEMBL25593,CC(C)NC(=O)N(C(=O)[C@H]1CCC2C3CCC4N(C)C(=O)C=C[C@]4(C)C3CC[C@@]21C)C(C)C,457.6590000000003,4.597000000000004,1,3,3,69.72,33,0,0.1875
DEC_2869,ACT_061,CHEMBL418020,O=C1NCN(c2ccccc2)C12CCN([C@@H]1CCc3c(Cl)ccc(Cl)c3C1)CC2,430.3790000000002,4.279200000000004,1,3,2,35.580000000000005,29,0,0.1875
DEC_2870,ACT_061,CHEMBL283480,O=C1NCN(c2ccccc2)C12CCN(C1CCc3c(Cl)ccc(Cl)c3C1)CC2,430.3790000000002,4.279200000000004,1,3,2,35.580000000000005,29,0,0.1875
DEC_2871,ACT_061,CHEMBL283910,O=C1NCN(c2ccccc2)C12CCN([C@H]1CCc3c(Cl)ccc(Cl)c3C1)CC2,430.3790000000002,4.279200000000004,1,3,2,35.580000000000005,29,0,0.1875
DEC_2872,ACT_061,CHEMBL29469,NS(=O)(=O)c1ccc(-n2nc(C(F)(F)F)cc2-c2ccc3c(c2)CCCS3)cc1,439.4840000000002,4.243800000000003,1,4,3,77.98,29,0,0.1875
DEC_2873,ACT_061,CHEMBL28163,CCCc1cc2c(ncn2C)c(=O)n1Cc1ccc(-c2ccccc2-c2nn[nH]n2)cc1,425.49600000000004,3.582900000000002,1,5,6,94.27999999999999,32,0,0.18823529411764706
DEC_2874,ACT_061,CHEMBL35565,O=C1Nc2ccc(CCN3CCN(c4nsc5ccccc45)CC3)cc2C12CCCC2,432.5930000000003,4.424900000000004,1,5,4,48.470000000000006,31,0,0.18823529411764706
DEC_2875,ACT_061,CHEMBL287611,Cc1cc(C(=O)c2ccc(C#N)cc2)cc(C(=O)Nc2ccc([N+](=O)[O-])cc2Cl)c1O,435.8230000000002,4.617200000000002,2,6,5,133.32999999999998,31,0,0.18867924528301888
DEC_2876,ACT_061,CHEMBL11689,Cc1ccc(S(=O)(=O)C2(CC#Cc3ccccc3Cl)SC(=O)NC2=O)cc1,419.91100000000006,3.5432200000000016,1,5,3,80.31,27,0,0.1891891891891892
DEC_2877,ACT_061,CHEMBL267767,Cc1cccc(S(=O)(=O)C2(CC#Cc3ccc(Cl)cc3)SC(=O)NC2=O)c1,419.91100000000006,3.5432200000000016,1,5,3,80.31,27,0,0.1891891891891892
DEC_2878,ACT_061,CHEMBL268766,Cc1cccc(S(=O)(=O)C2(CC#Cc3ccc(Cl)cc3)SC(=O)NC2=O)n1,420.89900000000006,2.9382200000000003,1,6,3,93.2,27,0,0.1891891891891892
DEC_2879,ACT_061,CHEMBL28913,CSc1ccc(-c2cc(C(F)(F)F)nn2-c2ccc(S(N)(=O)=O)cc2)cc1C,427.4730000000001,4.235820000000002,1,4,4,77.98,28,0,0.189873417721519
DEC_2880,ACT_061,CHEMBL31325,Cc1nc(COc2ccc3c(c2)[C@@H](O)[C@@H](Cc2cccnc2)CO3)ccc1Br,441.3250000000001,4.411220000000003,1,5,5,64.47,28,0,0.19
DEC_2881,ACT_061,CHEMBL23046,CCN(CC)C(=O)[C@@H]1C=C2c3cccc4[nH]cc(c34)C[C@H]2N(CCc2ccccc2)C1,413.5650000000002,4.518900000000004,1,2,6,39.34,31,0,0.19101123595505617
DEC_2882,ACT_061,CHEMBL21965,CN1CCN(CCNc2cc(-c3ccc(N4CCN(C)CC4)cc3)nc3ccccc23)CC1,444.62700000000024,3.3129000000000017,1,6,6,37.88,33,0,0.19101123595505617
DEC_2883,ACT_061,CHEMBL29383,CCn1cc(C(=O)O)c(=O)c2cc(F)c(N3CCN(Cc4ccc([N+](=O)[O-])cc4)CC3)cc21,454.4580000000002,3.089100000000002,1,6,6,108.92000000000002,33,0,0.19101123595505617
DEC_2884,ACT_061,CHEMBL28294,O=C1CCN(c2nc3c(cc2F)c(=O)c(C(=O)O)cn3-c2ccc(F)cc2F)CC1,417.34300000000013,2.6705000000000005,1,5,3,92.5,30,0,0.19148936170212766
DEC_2885,ACT_061,CHEMBL282308,CO[C@]1(c2cc(F)cc(S(=O)(=O)c3ccc(/C(C)=N/O)cc3)c2)CCO[C@@H](C)C1,421.4900000000002,3.897300000000003,1,6,5,85.19000000000001,29,0,0.1919191919191919
DEC_2886,ACT_061,CHEMBL34190,CCc1nn(Cc2ccc(-c3ccccc3-c3nn[nH]n3)cc2)/c(=N/C(=O)C2CC2)s1,431.52500000000015,3.239700000000002,1,6,6,101.71000000000001,31,0,0.1919191919191919
DEC_2887,ACT_061,CHEMBL274552,O=C1CCC(c2ccccc2)(C2CCN(Cc3ccccc3Br)CC2)C(=O)N1,441.3690000000001,4.035700000000003,1,3,4,49.410000000000004,28,0,0.19230769230769232
DEC_2888,ACT_061,CHEMBL9724,Cl.O=C([C@@H]1CCCN1)N1CCCC1P1(=O)Oc2ccccc2-c2ccccc2O1,434.8600000000001,4.4402000000000035,1,5,2,67.87,29,0,0.1935483870967742
DEC_2889,ACT_061,CHEMBL286610,Cc1ccc(CNC(=O)CCCn2c3c(c4ccccc42)C(=O)CN2CCCCC32)o1,419.5250000000003,4.362620000000004,1,4,6,67.48,31,0,0.1935483870967742
DEC_2890,ACT_061,CHEMBL276877,Cc1ccc(S(=O)(=O)C2(CC#Cc3cccc(Cl)c3)SC(=O)NC2=O)cc1,419.91100000000006,3.5432200000000016,1,5,3,80.31,27,0,0.1951219512195122
DEC_2891,ACT_061,CHEMBL279714,CCc1nc(O)n(C(=O)Cc2ccccc2)c1C(=O)c1ccc(-n2ccnc2C)cc1,414.46500000000015,3.759120000000002,1,5,6,90.01,31,0,0.19540229885057472
DEC_2892,ACT_061,CHEMBL26987,O=C1N(CCO)CN(c2ccccc2)C12CCN(C1CCc3cccc(Cl)c3C1)CC2,439.98700000000025,3.3305000000000016,1,4,4,47.02000000000001,31,0,0.19540229885057472
DEC_2893,ACT_061,CHEMBL289105,CCCC1=NC2(CCSCC2)C(=O)N1Cc1ccc(-c2ccccc2-c2nn[nH]n2)cc1,446.5800000000001,4.340300000000004,1,6,6,87.13000000000001,32,0,0.19540229885057472
DEC_2894,ACT_061,CHEMBL29403,Cc1cc(-c2cc(C(F)(F)F)nn2-c2ccc(S(N)(=O)=O)cc2)cc2c1OCO2,425.3880000000002,3.2426200000000005,1,5,3,96.44000000000001,29,0,0.1956521739130435
DEC_2895,ACT_061,CHEMBL278179,CN(C)CCn1cnc2c(N(C(N)=O)c3c(F)cccc3F)nc(-c3ccccc3F)nc21,455.44400000000013,3.689000000000002,1,5,6,93.17000000000002,33,0,0.1958762886597938
DEC_2896,ACT_061,CHEMBL277902,CCCc1nc2ccc(C)cc2c(=O)n1Cc1ccc(-c2ccccc2-c2nn[nH]n2)cc1,436.51900000000006,4.552820000000003,1,5,6,89.35000000000001,33,0,0.1958762886597938
DEC_2897,ACT_061,CHEMBL25620,Cn1cncc1C(O)(C#Cc1ccc(C#N)cc1-c1ccc2c(c1)OCO2)c1ccc(C#N)cc1,458.4770000000002,3.8467600000000033,1,6,3,104.09,35,0,0.1958762886597938
DEC_2898,ACT_061,CHEMBL26678,Cn1c2cccc(C(N)=O)c2c2ncnc(N3CCN(CCc4ccc(F)c(F)c4)CC3)c21,450.4930000000002,2.8633000000000006,1,5,5,80.27999999999999,33,0,0.19658119658119658
DEC_2899,ACT_061,CHEMBL268702,O=C1NC(=O)C(CC#Cc2ccc(Cl)cc2)(S(=O)(=O)c2ccc(Cl)cc2)S1,440.3290000000002,3.888200000000002,1,5,3,80.31,27,0,0.19696969696969696
DEC_2900,ACT_062,CHEMBL37845,O=C(O)c1ccc2ccc(/C=C/c3cc(O)c(O)c(I)c3)nc2c1O,449.20000000000005,3.824800000000001,4,5,3,110.88000000000001,25,0,0.13793103448275862
DEC_2901,ACT_062,CHEMBL11506,O=c1cnn(-c2ccc(S(=O)(=O)Nc3c(F)c(F)c(F)c(F)c3F)c(Cl)c2)c(=O)[nH]1,468.7470000000001,2.0705,2,5,4,113.91999999999999,30,0,0.19230769230769232
DEC_2902,ACT_062,CHEMBL41220,N=C(N)c1ccc(CN(NS(=O)(=O)c2ccc3ccccc3c2)C(=O)N2CCCCC2)cc1,465.5790000000003,3.425270000000002,3,4,6,119.58999999999999,33,0,0.20212765957446807
DEC_2903,ACT_062,CHEMBL285613,O=C1NC(=O)c2c1c1c3ccccc3n3c1c1c2c2ccccc2n1CN(C(CO)CO)C3,440.45900000000023,2.3698000000000006,3,5,3,99.73,33,0,0.2028985507246377
DEC_2904,ACT_062,CHEMBL277043,COc1cc([C@@H]2c3[nH]c4ccccc4c3C[C@H]3C(=O)N4CCC[C@H]4C(=O)N23)cc(OC)c1O,447.49100000000027,2.738000000000001,2,5,3,95.10000000000001,33,0,0.2079207920792079
DEC_2905,ACT_062,CHEMBL287181,CC(=O)Nc1ccc2[nH]c3c(N4CCN(CCc5ccc(F)c(F)c5)CC4)ncnc3c2c1,450.4930000000001,3.7124000000000024,2,5,5,77.15,33,0,0.2079207920792079
DEC_2906,ACT_062,CHEMBL40266,COc1cc([C@H]2c3[nH]c4ccccc4c3C[C@H]3C(=O)N4CCC[C@H]4C(=O)N23)cc(OC)c1O,447.49100000000027,2.738000000000001,2,5,3,95.10000000000001,33,0,0.2079207920792079
DEC_2907,ACT_062,CHEMBL267462,O=C1[C@@H](NS(=O)(=O)c2cc3ccc(Cl)cc3s2)CCN1Cc1cc2c[nH]ccc-2n1,460.96800000000025,3.4620000000000015,2,5,5,95.16000000000001,30,0,0.2087912087912088
DEC_2908,ACT_062,CHEMBL20106,O=C(Cn1c(C2CCNCC2)nc2cc(Cl)c(Cl)cc21)N/N=C/c1cc[n+]([O-])cc1,447.3260000000001,2.5938,2,5,5,98.25,30,0,0.21
DEC_2909,ACT_062,CHEMBL39830,Nc1ccc(C(=O)N2CCc3cc(S(=O)(=O)N4CC(c5ccccc5)NC4=O)ccc32)cc1,462.5310000000002,2.9269000000000007,2,5,4,112.81,33,0,0.21
DEC_2910,ACT_062,CHEMBL15622,CCOc1c(I)cc(C[C@@H](N)C(=O)O)cc1I,461.0370000000001,2.2489,2,3,5,72.55,17,0,0.21052631578947367
DEC_2911,ACT_062,CHEMBL283321,N[C@@H](C(=O)N[C@@H]1C(=O)N2C(C(=O)O)=C(C(F)(F)F)CC[C@H]12)c1ccc(Cl)c(Cl)c1,452.2160000000001,2.3836000000000004,3,4,4,112.73,29,0,0.21052631578947367
DEC_2912,ACT_062,CHEMBL38626,N=C(N)c1cccc(CN(NS(=O)(=O)c2ccc3ccccc3c2)C(=O)N2CCCCCC2)c1,479.6060000000004,3.8153700000000033,3,4,6,119.58999999999999,34,0,0.21052631578947367
DEC_2913,ACT_062,CHEMBL8437,O=C1[C@@H](NS(=O)(=O)c2cc3ccc(Cl)cc3s2)CCN1Cc1cc2[nH]cccc-2n1,460.96800000000025,3.4620000000000015,2,5,5,95.16000000000001,30,0,0.2111111111111111
DEC_2914,ACT_062,CHEMBL9728,CCN(Cc1ccc(S(=O)(=O)N2CCNCC2)cc1)c1ccc2c3c(cccc13)C(=O)N2,450.56400000000014,3.025900000000001,2,5,6,81.75,32,0,0.2111111111111111
DEC_2915,ACT_062,CHEMBL275334,O=C(O)Cn1c(=O)c(=O)[nH]c2cc(C(F)(F)F)c(-n3ccc(CNC(=O)c4ccccc4)c3)cc21,486.4060000000002,2.5139000000000005,3,4,6,126.19,35,0,0.21176470588235294
DEC_2916,ACT_062,CHEMBL14304,O=C(NC1CCN(Cc2ccccc2)CC1)c1c(O)c2cccnc2n(-c2ccccc2)c1=O,454.5300000000002,3.4857000000000022,2,5,5,87.46000000000001,34,0,0.21212121212121213
DEC_2917,ACT_062,CHEMBL288881,N[C@H]1CC(CN2CCCC2)N(c2cc3c(cc2F)c(=O)c(C(=O)O)cn3-c2ccc(F)cc2F)C1,486.49400000000026,3.1080000000000005,2,5,5,91.80000000000001,35,0,0.21212121212121213
DEC_2918,ACT_062,CHEMBL29529,O=C(NCCN1CCN(c2ccccc2)CC1)c1cc(Br)c2ccccc2c1O,454.3680000000001,3.8599000000000028,2,4,5,55.81,29,0,0.2125
DEC_2919,ACT_062,CHEMBL277588,Clc1ccccc1C1=CCc2ccccc2N=C1N1CCNCC1.O=C(O)/C=C/C(=O)O,453.9260000000003,3.6267000000000014,3,5,3,102.23,32,0,0.21333333333333335
DEC_2920,ACT_062,CHEMBL422572,CC(C)(N)C(=O)NC1CC2CCC1(CS(=O)(=O)N1CCC3(CCc4ccccc43)CC1)C2(C)C,487.7100000000004,3.3446000000000025,2,4,5,92.49999999999999,34,0,0.21505376344086022
DEC_2921,ACT_062,CHEMBL12139,CC1(C)C=C(n2ccccc2=O)c2cc(S(=O)(=O)NC(=O)Nc3ccccc3)ccc2O1,451.50400000000013,3.4189000000000016,2,5,4,106.50000000000001,32,0,0.21649484536082475
DEC_2922,ACT_062,CHEMBL18727,C[C@H](NC(=O)C1C=C2c3cccc4[nH]cc(c34)CC2N(C)C1)C(=O)NCCc1ccccc1,442.5630000000002,2.901200000000001,3,3,6,77.23,33,0,0.2169811320754717
DEC_2923,ACT_062,CHEMBL39760,CC1CCCCN1C(=O)N(Cc1ccc(C(=N)N)cc1)NS(=O)(=O)c1ccc2ccccc2c1,479.60600000000017,3.8137700000000017,3,4,6,119.59,34,0,0.21739130434782608
DEC_2924,ACT_062,CHEMBL10545,Cc1nc(N)ccc1CNC(=O)Cn1c(C)cc2c(c1=O)NC(=O)[C@H](Cc1ccccc1)C2,445.5230000000002,2.112239999999999,3,5,6,119.10999999999999,33,0,0.21782178217821782
DEC_2925,ACT_062,CHEMBL20672,N=C(N)c1cccc(C(=O)N[C@@H](C(=O)N2CCN(c3ccc(Cl)cc3)CC2)c2ccccc2)c1,475.9800000000002,3.4439700000000038,3,4,6,102.51999999999998,34,0,0.2191780821917808
DEC_2926,ACT_062,CHEMBL8382,O=C1[C@@H](NS(=O)(=O)c2cc3ccc(Cl)cc3s2)CCN1Cc1cc2cc[nH]cc-2n1,460.96800000000025,3.4620000000000015,2,5,5,95.16000000000001,30,0,0.2222222222222222
DEC_2927,ACT_062,CHEMBL17676,Cc1cccc(O)c1NC(=O)C1CCN(C(=O)Cn2c(=O)sc3ccc(Cl)cc32)CC1,459.9550000000002,3.6077200000000023,2,5,4,91.63999999999999,31,0,0.2247191011235955
DEC_2928,ACT_062,CHEMBL441427,CC(=O)N1CCC[C@@H]1C/N=C(\S)N1Cc2ccccc2C[C@H]1CNC(=O)NC(C)(C)C,445.63300000000027,2.8077000000000005,3,3,4,77.04,31,0,0.2247191011235955
DEC_2929,ACT_062,CHEMBL17145,Clc1ccc2c(c1)N=C(N1CCNCC1)C(c1ccccc1)=CC2.O=C(O)/C=C/C(=O)O,453.9260000000001,3.6267000000000014,3,5,3,102.23,32,0,0.225
DEC_2930,ACT_062,CHEMBL37318,CC1CCN(C(=O)N(Cc2cccc(C(=N)N)c2)NS(=O)(=O)c2ccc3ccccc3c2)CC1,479.6060000000002,3.6712700000000025,3,4,6,119.59,34,0,0.22549019607843138
DEC_2931,ACT_062,CHEMBL8581,Cc1c(S(=O)(=O)N[C@H]2CCN(Cc3cc4c[nH]ccc-4n3)C2=O)sc2ccc(Cl)cc12,474.9950000000002,3.7704200000000023,2,5,5,95.16,31,0,0.22580645161290322
DEC_2932,ACT_062,CHEMBL8206,Cc1c(S(=O)(=O)N[C@H]2CCN(Cc3cc4[nH]cccc-4n3)C2=O)sc2ccc(Cl)cc12,474.9950000000002,3.7704200000000014,2,5,5,95.16,31,0,0.22580645161290322
DEC_2933,ACT_062,CHEMBL10872,CC(C)[C@@H](CN1CC[C@@](C)(c2cccc(O)c2)[C@@H](C)C1)NC(=O)[C@H]1Cc2ccccc2CN1,449.6390000000003,3.847000000000002,3,4,6,64.6,33,0,0.22580645161290322
DEC_2934,ACT_062,CHEMBL52146,COc1ccccc1CC(=O)N1C[C@H]2[C@@]3(c4ccccc4)CC[C@](O)(c4ccccc43)[C@@]2(C(=O)O)C1,483.5640000000003,3.748400000000002,2,4,5,87.07000000000001,36,0,0.22580645161290322
DEC_2935,ACT_062,CHEMBL10881,O=C(O)C(CC#Cc1ccccc1)NS(=O)(=O)c1ccc(-c2ccc3c(c2)OCO3)cc1,449.48400000000026,3.255600000000002,2,5,6,101.93,32,0,0.22727272727272727
DEC_2936,ACT_062,CHEMBL281795,CC(C)C[C@H](CC(=O)NO)C(=O)N[C@H]1Cc2cn(c3ccccc23)CCCCCCNC1=O,456.58700000000033,2.9166000000000007,4,4,6,112.46000000000001,33,0,0.22826086956521738
DEC_2937,ACT_062,CHEMBL415905,Cc1nn(C(=O)c2ccc(S(=O)(=O)NC(=O)NC3CCCCC3)cc2)c(C)c1Br,483.38800000000026,3.2715400000000017,2,5,4,110.16,29,0,0.23076923076923078
DEC_2938,ACT_062,CHEMBL16740,Cc1cc(O)ccc1NC(=O)C1CCN(C(=O)Cn2c(=O)sc3ccc(Cl)cc32)CC1,459.9550000000002,3.6077200000000023,2,5,4,91.63999999999999,31,0,0.23157894736842105
DEC_2939,ACT_062,CHEMBL16151,COc1cccc([C@H]2C/C(=N\NC(=O)C(=O)NC(C)c3ccccc3)c3ccccc3N2)c1,442.5190000000001,3.9498000000000024,3,5,5,91.82,33,0,0.23232323232323232
DEC_2940,ACT_062,CHEMBL16198,COc1cccc([C@@H]2C/C(=N\NC(=O)C(=O)NC(C)c3ccccc3)c3ccccc3N2)c1,442.5190000000001,3.9498000000000024,3,5,5,91.82,33,0,0.23232323232323232
DEC_2941,ACT_062,CHEMBL50892,COc1ccccc1CC(=O)N1C[C@H]2[C@@]3(c4ccccc4)CC[C@H](c4ccccc43)[C@@]2(C(=O)NN)C1,481.5960000000003,3.5497000000000014,2,4,5,84.66,36,0,0.23232323232323232
DEC_2942,ACT_062,CHEMBL282146,CC(C)C[C@H](CC(=O)O)C(=O)N[C@H]1Cc2cn(c3ccccc23)CCCCCCNC1=O,441.57200000000034,3.495800000000001,3,3,6,100.42999999999998,32,0,0.23333333333333334
DEC_2943,ACT_062,CHEMBL10180,Cc1ccc(C#Cc2ccc(S(=O)(=O)NC(CC#Cc3ccccc3)C(=O)O)cc2)cc1,443.52400000000017,3.568120000000002,2,3,5,83.47,32,0,0.234375
DEC_2944,ACT_062,CHEMBL443210,CCN1CCCC1CNC(=O)c1ccc(-n2ccnc2)cc1.Cc1ccc(S(=O)(=O)O)cc1,470.5950000000002,3.328120000000002,2,5,6,104.53000000000002,33,0,0.2345679012345679
DEC_2945,ACT_062,CHEMBL268887,CCNCC1CCN(c2c(F)cc3c(=O)c(C(=O)O)cn(-c4ccc(F)cc4)c3c2F)C1,445.4410000000001,3.5420000000000025,2,4,6,74.57,32,0,0.23469387755102042
DEC_2946,ACT_062,CHEMBL280163,C[C@H](N)C(=O)N[C@@H]1CN(c2cc3c(cc2F)c(=O)c(C(=O)O)cn3-c2ccc(F)cc2F)[C@H]1C,474.43900000000014,2.1467,3,5,5,117.66,34,0,0.23711340206185566
DEC_2947,ACT_062,CHEMBL282945,N=C(c1ccc(NC(=O)c2nnnn2-c2cc3ccccc3cc2F)c(F)c1)N1CCCC1,447.44900000000024,3.767170000000003,2,5,4,99.79,33,0,0.23711340206185566
DEC_2948,ACT_062,CHEMBL423108,N[C@H](C(=O)N1CCC(F)(F)C1)[C@H]1CC[C@H](NS(=O)(=O)c2ccc(OC(F)(F)F)cc2)CC1,485.4750000000002,2.6172000000000004,2,5,6,101.73,32,0,0.23809523809523808
DEC_2949,ACT_062,CHEMBL43659,CC(C)(C)OC(=O)N[C@H]1CCN(CC(=O)NC2CCc3cc(F)ccc3C2Cc2cccnc2)C1,482.6000000000002,3.5770000000000026,2,5,6,83.56,35,0,0.23809523809523808
DEC_2950,ACT_063,CHEMBL22860,CCCc1cc(CO)cc(=O)n1Cc1ccc(-c2ccccc2-c2nn[nH]n2)cc1,401.47,3.1885000000000012,2,5,7,96.68999999999998,30,0,0.1875
DEC_2951,ACT_063,CHEMBL37618,O=C1N[C@H](Cc2ccccc2)[C@H](O)[C@@H](CCc2ccccc2)N1Cc1ccc2[nH]ncc2c1,440.54700000000014,4.061700000000003,3,3,7,81.25,33,0,0.19047619047619047
DEC_2952,ACT_063,CHEMBL283975,CCCCc1n[nH]c(C(=O)O)c1Cc1ccc(-c2ccccc2-c2nn[nH]n2)cc1,402.458,3.8884000000000016,3,5,8,120.44000000000001,30,0,0.1927710843373494
DEC_2953,ACT_063,CHEMBL37472,O=C1N[C@H](CCc2ccccc2)[C@@H](O)[C@@H](Cc2ccccc2)N1Cc1ccc2[nH]ncc2c1,440.54700000000014,4.061700000000003,3,3,7,81.25,33,0,0.1935483870967742
DEC_2954,ACT_063,CHEMBL284314,C=CCN1C(=O)N(CC=C)[C@H](Cc2ccccc2)[C@H](O)[C@@H](O)[C@H]1Cc1ccccc1,406.5260000000001,3.0404000000000018,2,3,8,64.01,30,0,0.19402985074626866
DEC_2955,ACT_063,CHEMBL6199,Cn1cc(C2=C(c3cn(CCCCCO)c4ccccc34)C(=O)NC2=O)c2ccccc21,427.50400000000013,3.8628000000000027,2,3,7,76.25999999999999,32,0,0.19444444444444445
DEC_2956,ACT_063,CHEMBL277270,O=C(O)[C@@H]1CC2(CN1C(=O)CP(=O)(O)CCCCc1ccccc1)SCCS2,443.5270000000002,3.1415000000000015,2,5,8,94.91000000000001,28,0,0.19753086419753085
DEC_2957,ACT_063,CHEMBL34347,O=C(NCCCOc1ccc2nc(O)ccc2c1)N(C1CC1)[C@@H]1CCC[C@@H](O)C1,399.49100000000027,3.1868000000000016,3,5,7,94.92,29,0,0.1978021978021978
DEC_2958,ACT_063,CHEMBL15171,CCNCC1CCN(c2c(F)cc3c(=O)c(C(=O)O)cn(C4CC4)c3c2OCC)CC1,431.50800000000027,3.3983000000000025,2,5,8,83.8,31,0,0.19811320754716982
DEC_2959,ACT_063,CHEMBL7396,CCCCc1nc2cnnc(O)c2n1Cc1ccc(-c2ccccc2C(=O)O)cc1,402.4540000000001,4.288000000000003,2,5,7,101.13000000000001,30,0,0.20212765957446807
DEC_2960,ACT_063,CHEMBL17068,Cc1ccccc1N(CC(=O)O)C(=O)C1=C(C(=O)NCc2ccc(C(=N)N)cc2)CCC1,434.4960000000002,2.49359,4,4,8,136.58,32,0,0.20481927710843373
DEC_2961,ACT_063,CHEMBL23252,O=S(=O)(Nc1cccc(OCCNc2ccncc2)c1)c1ccc(Cl)cc1,403.8910000000001,4.026700000000003,2,5,8,80.32000000000001,27,0,0.20689655172413793
DEC_2962,ACT_063,CHEMBL274021,CCN(C(=O)C1=C(C(=O)NCc2ccc(C(=N)N)cc2)CCC1)c1cc(Cl)ccc1C,438.9590000000002,4.082290000000003,3,3,7,99.28,31,0,0.20689655172413793
DEC_2963,ACT_063,CHEMBL652,O=C(NCC1CCCCN1)c1cc(OCC(F)(F)F)ccc1OCC(F)(F)F,414.34600000000006,3.4407000000000014,2,4,7,59.59,28,0,0.2087912087912088
DEC_2964,ACT_063,CHEMBL24508,CC(=N)N1CCC(Oc2ccc(NC/C=C/c3cccc(C(=N)N)c3)cc2F)CC1,409.5090000000002,4.075440000000002,4,4,7,98.22000000000001,30,0,0.2087912087912088
DEC_2965,ACT_063,CHEMBL36398,O=C(NCCCOc1ccc2nc(O)ccc2c1)N(C1CCCCC1)[C@H]1CCCC[C@@H]1O,441.5720000000004,4.357100000000004,3,5,7,94.92,32,0,0.2087912087912088
DEC_2966,ACT_063,CHEMBL30971,CCC(C)C(N)C(=O)N1CCN(CCNc2ccnc3cc(Cl)ccc23)CC1,403.95800000000014,2.817700000000001,2,5,7,74.49000000000001,28,0,0.20930232558139536
DEC_2967,ACT_063,CHEMBL432471,O=C(NCCCOc1ccc2nc(O)ccc2c1)N(C1CC1)[C@H]1CC[C@H](O)CC1,399.49100000000027,3.1868000000000016,3,5,7,94.92,29,0,0.20930232558139536
DEC_2968,ACT_063,CHEMBL277635,N[C@H](C(=O)N1CCC(F)(F)C1)[C@H]1CC[C@H](NC(=O)c2ccccc2C(F)(F)F)CC1,433.4210000000001,3.188900000000001,2,3,4,75.43,30,0,0.20930232558139536
DEC_2969,ACT_063,CHEMBL15615,Cc1cccc(C)c1NC(=O)C(C)NCCCNC(=O)C1=CC(C)(C)NC1(C)C,400.5670000000002,2.8131400000000006,4,4,8,82.26,29,0,0.20987654320987653
DEC_2970,ACT_063,CHEMBL265586,CCN(C(=O)C1=C(C(=O)NCc2ccc(C(=N)N)cc2)CCC1)c1ccccc1C,404.5140000000002,3.4288900000000027,3,3,7,99.28,30,0,0.20987654320987653
DEC_2971,ACT_063,CHEMBL27141,N[C@@H](CS)CN1CCN(C(=O)c2cccc3ccccc23)C[C@@H]1CCOC1CC1,413.5870000000003,2.7924000000000007,2,5,8,58.8,29,0,0.21052631578947367
DEC_2972,ACT_063,CHEMBL29977,CNC(=O)[C@@H](NC(=O)[C@H](CC(C)C)[C@@H](C(=O)NO)C1CCC(C)CC1)C(C)(C)C,411.5870000000003,2.8735,4,4,8,107.53000000000002,29,0,0.21052631578947367
DEC_2973,ACT_063,CHEMBL278697,Cc1cccc(C)c1NC(=O)C(NC(=O)C1=CC(C)(C)NC1(C)C)c1ccccc1,405.54200000000014,4.186240000000003,3,3,5,70.23,30,0,0.2111111111111111
DEC_2974,ACT_063,CHEMBL17224,CS(=O)(=O)NCc1ccc(-c2nc(-c3ccc(F)cc3)c(-c3ccncc3)[nH]2)cc1,422.4850000000001,3.9940000000000024,2,4,6,87.74000000000001,30,0,0.2111111111111111
DEC_2975,ACT_063,CHEMBL32617,O=C(NCCCOc1ccc2nc(O)ccc2c1)N(C1CC1)[C@H]1CCCC[C@H]1O,399.49100000000027,3.186800000000002,3,5,7,94.92,29,0,0.2111111111111111
DEC_2976,ACT_063,CHEMBL286826,O=C(NCCCOc1ccc2nc(O)ccc2c1)N(C1CC1)[C@H]1CCCC[C@@H]1O,399.49100000000027,3.186800000000002,3,5,7,94.92,29,0,0.2111111111111111
DEC_2977,ACT_063,CHEMBL17493,CS(=O)(=O)Nc1ccc(-c2nc(-c3ccc(F)cc3)c(-c3ccncc3)[nH]2)cc1,408.4580000000001,4.316300000000002,2,4,5,87.74000000000001,29,0,0.2112676056338028
DEC_2978,ACT_063,CHEMBL267168,CC(C)(C)c1ccc(S(=O)(=O)N[C@H]2CCN(Cc3cc4c[nH]ccc-4n3)C2=O)cc1,426.5420000000001,2.891400000000001,2,4,5,95.16,30,0,0.21153846153846154
DEC_2979,ACT_063,CHEMBL8363,CC(C)(C)c1ccc(S(=O)(=O)N[C@H]2CCN(Cc3cc4cc[nH]cc-4n3)C2=O)cc1,426.5420000000001,2.891400000000001,2,4,5,95.16,30,0,0.21153846153846154
DEC_2980,ACT_063,CHEMBL265663,CCNCC1CCN(c2c(F)cc3c(=O)c(C(=O)O)cn(CC(F)(F)F)c3c2F)C1,433.37700000000007,2.976000000000001,2,4,6,74.57,30,0,0.21153846153846154
DEC_2981,ACT_063,CHEMBL17712,CCN(C(=O)C1CCC=C1C(=O)NCc1ccc(C(=N)N)cc1)c1ccccc1F,408.4770000000001,3.11547,3,3,7,99.28,30,0,0.21176470588235294
DEC_2982,ACT_063,CHEMBL6829,C#CCN(Cc1ccc2nc(C)nc(O)c2c1)c1ccc(C(=O)NCc2ccccc2)cc1,436.5150000000001,4.213620000000003,2,5,7,78.35,33,0,0.21176470588235294
DEC_2983,ACT_063,CHEMBL17358,O=C(O)c1ccc(S(=O)(=O)Nc2cccc(OCc3ccc4ccccc4n3)c2)cc1,434.4730000000001,4.312800000000003,2,5,7,105.59,31,0,0.21176470588235294
DEC_2984,ACT_063,CHEMBL19316,O=C1NC(=O)C(c2cc(Cl)ccc2S(=O)(=O)CCc2ccc(Cl)cc2)N1,413.28200000000015,2.8903000000000008,2,4,5,92.34,26,0,0.21212121212121213
DEC_2985,ACT_063,CHEMBL267628,CCNCC1CCN(c2c(F)cc3c(=O)c(C(=O)O)cn(C4CCCCC4)c3c2F)C1,433.49900000000025,3.9189000000000025,2,4,6,74.57,31,0,0.21212121212121213
DEC_2986,ACT_063,CHEMBL31958,CNCCN(C)/C(S)=N/c1c(Cl)cccc1Cl.O=C(O)/C=C\C(=O)O,408.30700000000013,2.7737,4,4,6,102.23,25,0,0.2125
DEC_2987,ACT_063,CHEMBL12490,C=CCNC(=O)C1C2C(=O)CC(c3ccc(O)cc32)C1C(=O)OCC[Si](C)(C)C,415.56200000000024,2.961800000000001,2,5,7,92.7,29,0,0.2127659574468085
DEC_2988,ACT_063,CHEMBL22186,CCCc1cc(C(N)=O)cc(=O)n1Cc1ccc(-c2ccccc2-c2nn[nH]n2)cc1,414.46900000000005,2.7951000000000006,2,5,7,119.55,31,0,0.2127659574468085
DEC_2989,ACT_063,CHEMBL417839,Cc1ccc(C(=O)Nc2cc(CN3CCCC3)c(O)c(CN3CCCC3)c2)s1,399.5600000000002,4.206020000000004,2,5,6,55.81000000000001,28,0,0.21333333333333335
DEC_2990,ACT_063,CHEMBL23045,CCCCc1cc(O)cc(=O)n1Cc1ccc(-c2ccccc2-c2nn[nH]n2)cc1,401.47,3.791900000000002,2,5,7,96.68999999999998,30,0,0.21348314606741572
DEC_2991,ACT_063,CHEMBL279077,CC(=N)N1CC[C@H](Oc2ccc(C(Cc3cc4cc(C(=N)N)ccc4o3)C(=O)O)cc2)C1,434.49600000000015,3.5780400000000014,4,5,7,136.63,32,0,0.21359223300970873
DEC_2992,ACT_063,CHEMBL6265,CCNCC1CCN(c2c(F)cc3c(=O)c(C(=O)O)cn(C4CCCC4)c3c2F)C1,419.4720000000002,3.528800000000002,2,4,6,74.57,30,0,0.21428571428571427
DEC_2993,ACT_063,CHEMBL6225,CCNCC1CCN(c2c(F)cc3c(=O)c(C(=O)O)cn(CC4CC4)c3c2F)C1,405.44500000000016,2.8237000000000014,2,4,7,74.57,29,0,0.21428571428571427
DEC_2994,ACT_063,CHEMBL6262,CCNCC1CCN(c2c(F)cc3c(=O)c(C(=O)O)cn(C4CCC4)c3c2F)C1,405.44500000000016,3.138700000000002,2,4,6,74.57,29,0,0.21428571428571427
DEC_2995,ACT_063,CHEMBL13983,Cc1[nH]c(/C=C2\C(=O)Nc3ccc(F)cc32)c(C)c1C(=O)NCC1CCN(C)CC1,410.4930000000002,3.3349400000000022,3,3,4,77.22999999999999,30,0,0.21428571428571427
DEC_2996,ACT_063,CHEMBL17786,CCN(C(=O)C1CCC=C1C(=O)NCc1ccc(C(=N)N)cc1)c1ccccc1C,404.5140000000001,3.284790000000001,3,3,7,99.28,30,0,0.21428571428571427
DEC_2997,ACT_063,CHEMBL417277,O=C(O)CCC(=O)Nc1cccc2c1CC(O)C(N1CCC(c3ccccc3)CC1)C2,422.52500000000026,3.197600000000002,3,4,6,89.86999999999999,31,0,0.21428571428571427
DEC_2998,ACT_063,CHEMBL21713,CCCCc1nn(C)c(C(=O)O)c1Cc1ccc(-c2ccccc2-c2nn[nH]n2)cc1,416.48500000000007,3.8988000000000023,2,5,8,109.58,31,0,0.21428571428571427
DEC_2999,ACT_063,CHEMBL282631,O=C(Cc1cccs1)Nc1cc(CN2CCCC2)c(O)c(CN2CCCC2)c1,399.56000000000023,3.826500000000003,2,5,7,55.81000000000001,28,0,0.21428571428571427
DEC_3000,ACT_064,CHEMBL451551,CC12CCC(OC=O)CC1CCC1C2CCC2(C)[C@@H](C3=CC(=O)OC3)C(OC=O)CC12O,446.5400000000002,2.936500000000002,1,7,5,99.13000000000001,32,0,0.14285714285714285
DEC_3001,ACT_064,CHEMBL414201,CC(=O)OC1CC2(O)C3CCC4CC(OC=O)CCC4(C)C3CCC2(C)[C@H]1C1=CC(=O)OC1,460.5670000000003,3.3266000000000018,1,7,4,99.13000000000001,33,0,0.14772727272727273
DEC_3002,ACT_064,CHEMBL13707,CCOC(=O)c1cc2c(CC)c3c(nc2cn1)-c1cc2c(c(=O)n1C3)COC(=O)[C@]2(O)CC,449.4630000000003,2.2137000000000002,1,8,4,120.61000000000003,33,0,0.1574074074074074
DEC_3003,ACT_064,CHEMBL276477,CC[C@@]1(O)C(=O)OCc2c1cc1n(c2=O)Cc2cc3c(CNC4CCCCC4)c(O)ccc3nc2-1,475.54500000000036,3.2075000000000022,3,7,4,113.68,35,0,0.1595744680851064
DEC_3004,ACT_064,CHEMBL8495,CCCn1c(=O)[nH]c2[nH]c(-c3ccc(S(=O)(=O)Oc4cccc([N+](=O)[O-])c4)cc3)nc2c1=O,471.4510000000002,2.1658,2,8,7,170.05,33,0,0.16666666666666666
DEC_3005,ACT_064,CHEMBL8732,CCCn1c(=O)[nH]c2[nH]c(-c3ccc(S(=O)(=O)Oc4ccc([N+](=O)[O-])cc4)cc3)nc2c1=O,471.4510000000002,2.1658,2,8,7,170.05,33,0,0.16666666666666666
DEC_3006,ACT_064,CHEMBL13240,Cn1c(=O)c2c(nc3n(Cc4ccccc4)c(O)c(CC=C4CCCCC4)c(=O)n23)n(C)c1=O,461.52200000000045,2.2335000000000003,1,5,4,103.53,34,0,0.16853932584269662
DEC_3007,ACT_064,CHEMBL289274,COC(=O)/C=C\C(=O)N(C)[C@H]1CCC2(O)C3Cc4ccc(O)c5c4C2(CCCN3CC2CC2)[C@H]1O5,482.57700000000034,1.9025999999999994,2,7,5,99.54,35,0,0.17117117117117117
DEC_3008,ACT_064,CHEMBL43084,COC(=O)/C=C\C(=O)N(C)[C@@H]1CCC2(O)C3Cc4ccc(O)c5c4C2(CCCN3CC2CC2)[C@H]1O5,482.57700000000034,1.9025999999999994,2,7,5,99.54,35,0,0.17117117117117117
DEC_3009,ACT_064,CHEMBL54820,CCCOC(=O)/C=C/C(=O)N[C@@H]1CC[C@@]2(O)C3Cc4ccc(O)c5c4C2(CCN3CC2CC2)C1O5,482.57700000000034,1.9504999999999992,3,7,7,108.33000000000001,35,0,0.17117117117117117
DEC_3010,ACT_064,CHEMBL18295,O=C(O)C(=O)CC(=O)c1ccc(-c2ccc(SCC3(O)COc4ccccc4OC3)cc2)cc1,478.5220000000003,3.8747000000000034,2,7,8,110.13000000000001,34,0,0.17567567567567569
DEC_3011,ACT_064,CHEMBL8097,CCCCCCC[C@H]1OC(=O)C[C@@H](O)[C@H](Cc2ccccc2)N(C)C(=O)[C@H](C)OC(=O)[C@H]1C,461.5990000000002,3.6608000000000027,1,6,8,93.14000000000001,33,0,0.17894736842105263
DEC_3012,ACT_064,CHEMBL28284,O=C(N[C@@H]1CCC2(O)C3Cc4ccc(O)c5c4C2(CCN3CC2CC2)C1O5)C(=O)c1ccccc1,474.5570000000003,2.323999999999999,3,6,5,99.1,35,0,0.1797752808988764
DEC_3013,ACT_064,CHEMBL268206,CN(C(=O)[C@H](CC#Cc1ccncc1)NS(=O)(=O)c1ccc2ccccc2c1)C1CCCC1,461.58700000000033,3.7245000000000026,1,4,6,79.37,33,0,0.1827956989247312
DEC_3014,ACT_064,CHEMBL6715,C#CCN(Cc1cc2c(O)nc(C)nc2cc1C)c1ccc(C(=O)N[C@@H](C(=O)O)C(C)C)c(F)c1,478.52400000000017,3.570140000000001,3,6,8,115.64999999999999,35,0,0.1827956989247312
DEC_3015,ACT_064,CHEMBL269020,CN(C(=O)[C@H](CC#Cc1cnc(N)s1)NS(=O)(=O)c1ccc2ccccc2c1)C1CCCC1,482.63100000000037,3.3682000000000016,2,6,6,105.38999999999999,33,0,0.1836734693877551
DEC_3016,ACT_064,CHEMBL23513,CCN1C(=O)c2c(nc(OC)n2Cc2ccc(O)c(C#N)c2)N2C[C@@H](Cc3ccccc3)N=C12,456.5060000000002,2.780280000000001,1,7,6,106.97999999999999,34,0,0.18446601941747573
DEC_3017,ACT_064,CHEMBL21781,CN1CCN(CCCNc2cc(-c3ccc(CN4CCN(C)CC4)cc3)nc3ccccc23)CC1,472.6810000000003,3.6986000000000017,1,6,8,37.88,35,0,0.18518518518518517
DEC_3018,ACT_064,CHEMBL301021,C[C@@H](n1cnc2cc(N3CCOCC3)ccc2c1=O)[C@](O)(Cn1cncn1)c1ccc(F)cc1F,482.4910000000001,2.2517999999999994,1,7,6,98.30000000000001,35,0,0.18584070796460178
DEC_3019,ACT_064,CHEMBL18509,COc1ccc(N(/C=N/c2ccn(C3CSC(CO)O3)c(=O)n2)c2ccc(OC)cc2)cc1,468.53500000000025,3.339000000000002,1,8,8,98.41,33,0,0.18681318681318682
DEC_3020,ACT_064,CHEMBL40364,CC1(C)C2CC1[C@]1(C)OB([C@H](CCCN=C(N)N)NC(=O)c3ccc(-c4ccccc4)o3)O[C@@H]1C2,478.40200000000016,3.366100000000002,3,5,8,125.1,35,0,0.18691588785046728
DEC_3021,ACT_064,CHEMBL281743,COc1ccc2c3nc[nH]c(N4CCN(CCc5ccc(F)c(F)c5)CC4)c-3nc2c1[N+](=O)[O-],468.46400000000017,3.6224000000000025,1,7,6,100.42,34,0,0.1875
DEC_3022,ACT_064,CHEMBL29019,O=C(Cn1c(Cl)cnc(NCC(F)(F)c2cccc[n+]2[O-])c1=O)NCc1ncccc1Cl,485.27800000000013,2.0987999999999993,2,6,8,115.85000000000001,32,0,0.18888888888888888
DEC_3023,ACT_064,CHEMBL7621,CN(C(=O)[C@H](CC#Cc1cnc(N)nc1)NS(=O)(=O)c1ccc2ccccc2c1)C1CCCC1,477.5900000000004,2.7017000000000007,2,6,6,118.28,34,0,0.18947368421052632
DEC_3024,ACT_064,CHEMBL286723,CCN1C(=O)c2c(nc(C(N)=O)n2Cc2ccc(O)c(Br)c2)N2C1=N[C@@H]1CCC[C@@H]12,473.3310000000002,2.0711999999999997,2,6,4,117.05,30,0,0.18947368421052632
DEC_3025,ACT_064,CHEMBL279985,CCCc1cc(S(C)(=O)=O)cc(=O)n1Cc1ccc(-c2ccccc2-c2nn[nH]n2)cc1,449.53600000000006,3.0997000000000012,1,6,7,110.60000000000001,32,0,0.19
DEC_3026,ACT_064,CHEMBL441032,COc1cnc2sc3c(=O)n(CCN4C[C@@H]5CCc6c(OC)cccc6[C@@H]5C4)c(=O)[nH]c3c2n1,479.56200000000024,2.3735,1,8,5,102.33999999999999,34,0,0.19
DEC_3027,ACT_064,CHEMBL6879,CN(C(=O)[C@H](CC#Cc1cccnc1)NS(=O)(=O)c1ccc2ccccc2c1)C1CCCC1,461.58700000000033,3.7245000000000026,1,4,6,79.37,33,0,0.19047619047619047
DEC_3028,ACT_064,CHEMBL296910,COc1cc(NS(C)(=O)=O)ccc1Nc1c2ccc([N+](=O)[O-])cc2nc2c(C(N)=O)cccc12,481.4900000000003,3.5188000000000006,3,8,7,166.54999999999998,34,0,0.19047619047619047
DEC_3029,ACT_064,CHEMBL18943,Cc1cc(Br)cc(C(=O)NO)c1N(C)S(=O)(=O)c1ccc(OCC#CCO)cc1,483.3400000000003,2.0761199999999995,3,6,6,116.17000000000002,29,0,0.19101123595505617
DEC_3030,ACT_064,CHEMBL57781,CC(C)Oc1nc2ccc(C(=O)O)cn2c(=O)c1Cc1ccc(-c2ccccc2-c2nn[nH]n2)cc1,482.50000000000017,3.6178000000000017,2,7,7,135.36,36,0,0.19101123595505617
DEC_3031,ACT_064,CHEMBL40896,COc1cccc2c1CC[C@H]1CN(CCn3c(=O)[nH]c4c(sc5cncnc54)c3=O)C[C@@H]21,449.5360000000001,2.3649000000000004,1,7,4,93.10999999999999,32,0,0.1919191919191919
DEC_3032,ACT_064,CHEMBL288678,COc1cccc2c1CC[C@H]1CN(CCn3c(=O)[nH]c4c(sc5ncncc54)c3=O)C[C@@H]21,449.5360000000001,2.3649000000000004,1,7,4,93.10999999999999,32,0,0.1919191919191919
DEC_3033,ACT_064,CHEMBL287417,O=C(Cn1c(Cl)cnc(NCC(F)(F)c2cccc[n+]2[O-])c1=O)NCc1cccc(F)c1,467.83500000000015,2.1895,2,5,8,102.96000000000001,32,0,0.19230769230769232
DEC_3034,ACT_064,CHEMBL287632,CC(C)CC(C(=O)NC(C)(C)C)N1C(=O)[C@H](CS)NC(=O)[C@@H]1Cc1ccc([N+](=O)[O-])cc1,464.58800000000014,2.0921000000000003,3,6,8,121.65,32,0,0.19318181818181818
DEC_3035,ACT_064,CHEMBL40639,CCOC(=O)COc1ccc(C(=O)c2ccc(O)c(CN=C(N)N)c2)c(Cl)c1Cl,440.28300000000024,2.6452999999999998,3,6,8,137.23,29,0,0.19318181818181818
DEC_3036,ACT_064,CHEMBL274334,O=C1CC2(CCCC2)CC(O)N1OCCCN1CCN(c2nsc3ccccc23)CC1,444.6010000000002,3.241200000000002,1,7,6,69.14,31,0,0.1935483870967742
DEC_3037,ACT_064,CHEMBL282837,O=C(Cn1c(Cl)cnc(NCC(F)(F)c2cccc[n+]2[O-])c1=O)NCc1ccccc1F,467.83500000000015,2.1895,2,5,8,102.96000000000001,32,0,0.1935483870967742
DEC_3038,ACT_064,CHEMBL29389,O=C(Cn1c(Cl)cnc(NCC(F)(F)c2cccc[n+]2[O-])c1=O)NCc1c(F)cccc1F,485.82500000000016,2.3286,2,5,8,102.96000000000001,33,0,0.1935483870967742
DEC_3039,ACT_064,CHEMBL285199,Cc1nnc2n1-c1sc(/C(CC(=O)N3CCOCC3)=N\N)cc1C(c1ccccc1Cl)=NC2,483.9850000000002,2.553320000000001,1,8,4,110.99,33,0,0.1935483870967742
DEC_3040,ACT_064,CHEMBL12170,COc1ccccc1N1CCN(CCCSc2nc3sc4c(c3c(=O)n2N)CCC4)CC1,471.6520000000003,2.9735000000000014,1,8,7,76.62,32,0,0.1941747572815534
DEC_3041,ACT_064,CHEMBL24777,Cc1c[nH]c(=O)n(CCCN2CCN(c3ccc(F)cc3OCC(F)(F)F)CC2)c1=O,444.4290000000002,2.1375199999999994,1,5,7,70.57,31,0,0.1941747572815534
DEC_3042,ACT_064,CHEMBL298013,CN(C(=O)[C@H](Cc1ccc(C(=N)N)s1)NS(=O)(=O)c1ccc2ccccc2c1)C1CCCC1,484.64700000000033,3.475970000000002,3,5,8,116.35,33,0,0.1941747572815534
DEC_3043,ACT_064,CHEMBL13903,COc1ccccc1N1CCN(CCn2c(=O)[nH]c3sc(-c4ccccc4)cc3c2=O)CC1,462.5750000000002,3.249100000000002,1,6,6,70.57,33,0,0.1951219512195122
DEC_3044,ACT_064,CHEMBL266351,O=C1[C@@H](NS(=O)(=O)c2ccc(-c3ccncc3)s2)CCN1CCNc1ccncc1,443.55400000000026,2.1963999999999997,2,7,8,104.28999999999999,30,0,0.1958762886597938
DEC_3045,ACT_064,CHEMBL32757,CCCn1c(=O)c2nc(-c3cc(NC(=O)Cc4ccc(O)cc4)nn3C)[nH]c2n(CCC)c1=O,465.51400000000024,1.9935999999999996,3,6,8,139.82999999999998,34,0,0.19753086419753085
DEC_3046,ACT_064,CHEMBL17266,CC(C)(C)OC(=O)N[C@@H](C(=O)C(N)c1ccccc1)/C(O)=C(\C#N)c1ccc([N+](=O)[O-])cc1,452.4670000000002,3.5498800000000017,3,8,7,168.57999999999998,33,0,0.19767441860465115
DEC_3047,ACT_064,CHEMBL26493,CNC(=O)c1cc2cc(OC)c(OC)cc2c(-c2cc(OC)c(OC)c(OC)c2)c1C(=O)OC,469.4900000000003,3.6960000000000024,1,8,8,101.55000000000003,34,0,0.19767441860465115
DEC_3048,ACT_064,CHEMBL24974,O=C1OC2(CCN(CC(O)C3COc4ccccc4O3)CC2)CN1CCc1ccccc1,438.52400000000034,2.716800000000001,1,6,6,71.47,32,0,0.19767441860465115
DEC_3049,ACT_064,CHEMBL37038,O=C(O)c1ccc(COC(=O)[C@@H]2[C@H](Cc3ccccc3)C(=O)N2C(=O)c2ccccc2)cc1,443.45500000000015,3.3381000000000016,1,5,7,100.97999999999999,33,0,0.19767441860465115
DEC_3050,ACT_065,CHEMBL14473,CCC(c1ccc(O)c(CO)c1)C(CC)c1ccc(O)c(CO)c1,330.42400000000004,3.7698000000000027,4,4,7,80.92,24,0,0.15517241379310345
DEC_3051,ACT_065,CHEMBL15638,C/C=C(\c1ccccc1OCC(O)CNC(C)(C)C)n1ccnc1,329.44399999999996,2.920000000000001,2,4,7,59.31,24,0,0.18888888888888888
DEC_3052,ACT_065,CHEMBL10234,CC(O)(c1ccc(F)cc1)C(O)(Cn1cncn1)c1ccc(Cl)cc1,361.8040000000001,2.866100000000001,2,4,5,71.17,25,0,0.19047619047619047
DEC_3053,ACT_065,CHEMBL9947,CC(O)(c1ccc(Cl)cc1)C(O)(Cn1cncn1)c1ccc(F)cc1,361.80400000000003,2.8661000000000003,2,4,5,71.17,25,0,0.19047619047619047
DEC_3054,ACT_065,CHEMBL12225,O=C(O)c1ccc(O)c(C(=O)/C=C/c2ccccc2OCc2ccccc2)c1,374.3920000000001,4.565500000000003,2,4,7,83.83,28,0,0.19117647058823528
DEC_3055,ACT_065,CHEMBL17334,O=CNCc1ccc(-c2nc(-c3ccncc3)c(-c3ccc(F)cc3)[nH]2)cc1,372.403,4.190800000000002,2,3,6,70.67,28,0,0.19117647058823528
DEC_3056,ACT_065,CHEMBL20027,COc1ccc2[nH]c3c(C)c4ccnc(NCCCN(C)C)c4cc3c2c1,362.47700000000015,4.549920000000004,2,4,6,53.18,27,0,0.19148936170212766
DEC_3057,ACT_065,CHEMBL430916,CC[C@@]1(CC(=O)O)OC[C@H](Cc2ccccc2)c2c1[nH]c1ccccc21,349.43000000000006,4.604400000000004,2,2,5,62.32,26,0,0.19148936170212766
DEC_3058,ACT_065,CHEMBL22079,CC[C@@]1(CC(=O)O)OC[C@@H](Cc2ccccc2)c2c1[nH]c1ccccc21,349.43000000000006,4.604400000000004,2,2,5,62.32,26,0,0.19148936170212766
DEC_3059,ACT_065,CHEMBL24269,Cc1cccc2[nH]cc(CC(C)NCC(O)c3cccc(Cl)c3)c12,342.87000000000006,4.383920000000003,3,2,6,48.05,24,0,0.19148936170212766
DEC_3060,ACT_065,CHEMBL278511,Cc1cccc(C)c1OCC(C)NC(=O)C1CC(C)(C)NC1(C)C,332.48800000000006,3.3536400000000013,2,3,5,50.36,24,0,0.1927710843373494
DEC_3061,ACT_065,CHEMBL431881,CNC(=O)/C=C(\c1ccccc1)c1ccc2nc(N)c(C(=O)C(C)(C)C)n2c1,376.46000000000015,3.323000000000002,2,4,4,89.49000000000001,28,0,0.1927710843373494
DEC_3062,ACT_065,CHEMBL13526,O=C(NC1CCCCC1)NC1CCCC(NC(=O)NC2CCCCC2)C1,364.5340000000002,3.5614000000000017,4,2,4,82.26,26,0,0.19298245614035087
DEC_3063,ACT_065,CHEMBL19718,COc1ccc2[nH]c3c(C)c4ccnc(NCCN(C)C)c4cc3c2c1,348.4500000000001,4.1598200000000025,2,4,5,53.18,26,0,0.1935483870967742
DEC_3064,ACT_065,CHEMBL24446,Cc1ccc2[nH]cc(CCNCC(O)c3cccc(Cl)c3)c2c1,328.843,3.995420000000002,3,2,6,48.05,23,0,0.1935483870967742
DEC_3065,ACT_065,CHEMBL283208,CCCC[C@H]1CN(C(=O)c2cccc(C)c2C)CCN1C[C@@H](N)CS,363.57100000000014,2.877140000000001,2,4,7,49.57000000000001,25,0,0.1935483870967742
DEC_3066,ACT_065,CHEMBL10771,CCC(O)(c1ccc(F)cc1)C(O)(Cn1cncn1)c1ccc(Cl)cc1,375.831,3.2562000000000015,2,4,6,71.17,26,0,0.19402985074626866
DEC_3067,ACT_065,CHEMBL273840,OC(c1cccc(Cl)c1)C(O)(Cn1cncn1)c1cccc(Cl)c1,364.2320000000001,3.2063000000000015,2,4,5,71.17,24,0,0.19480519480519481
DEC_3068,ACT_065,CHEMBL274762,CC(O)(c1ccc(F)cc1)C(O)(Cn1ccnc1)c1ccccc1Cl,360.81600000000003,3.4711000000000025,2,3,5,58.28,25,0,0.1951219512195122
DEC_3069,ACT_065,CHEMBL20162,COc1c(C)cc(N)c(C[S+]([O-])c2nc3ccccc3[nH]2)c1C,329.42500000000007,3.0783400000000007,2,4,4,86.99000000000001,23,0,0.1951219512195122
DEC_3070,ACT_065,CHEMBL275124,Clc1cccc(Cl)c1Sc1ccc(NC2=NCCN2)cc1,338.2630000000001,4.5157000000000025,2,4,3,36.42,21,0,0.19696969696969696
DEC_3071,ACT_065,CHEMBL20047,COc1ccc(NS(=O)(=O)c2ccc(N)cc2)c2[nH]cc(Cl)c12,351.815,3.2129000000000003,3,4,4,97.21000000000001,23,0,0.19696969696969696
DEC_3072,ACT_065,CHEMBL275729,S=C(NCCSCc1cc2ccccc2[nH]1)Nc1ccccc1,341.50500000000005,4.387700000000002,3,2,6,39.85,23,0,0.19718309859154928
DEC_3073,ACT_065,CHEMBL20675,COc1cc(N)c(Cl)cc1C(=O)NCCN(C)CC1CCCCC1,353.89400000000023,3.1727000000000025,2,4,7,67.58999999999999,24,0,0.19801980198019803
DEC_3074,ACT_065,CHEMBL10562,CC(C)C(C)(O)C(O)(Cn1cncn1)c1ccc(Cl)cc1Cl,344.2420000000001,2.8797000000000024,2,4,5,71.17,22,0,0.2
DEC_3075,ACT_065,CHEMBL15231,C=C(c1cccc(C)c1OCC(O)CNC(C)(C)C)n1ccnc1,329.444,2.8383200000000004,2,4,7,59.31,24,0,0.2
DEC_3076,ACT_065,CHEMBL19842,COc1cc2c(c3ccccc3n2C)c2c(NCCCO)nccc12,335.40700000000004,3.6826000000000016,2,4,5,59.31,25,0,0.2
DEC_3077,ACT_065,CHEMBL24542,CCCCc1ccc(-c2nc3cc4c(cc3[nH]2)C(C)(C)C(=O)N4)nc1,334.423,4.197200000000002,2,3,4,70.67,25,0,0.2
DEC_3078,ACT_065,CHEMBL25937,COc1cc(O)ccc1C(C)(C)C(C)(C)c1ccc(O)cc1OC,330.42400000000004,4.3704000000000045,2,4,5,58.92,24,0,0.2
DEC_3079,ACT_065,CHEMBL25723,Cc1cccc2c(CCNCC(O)c3cccc(Cl)c3)c[nH]c12,328.843,3.995420000000002,3,2,6,48.05,23,0,0.2
DEC_3080,ACT_065,CHEMBL24212,CC[C@H](c1ccc(O)cc1)[C@@H](CBr)c1ccc(O)cc1,335.241,4.770100000000004,2,2,5,40.46,20,0,0.2
DEC_3081,ACT_065,CHEMBL25615,OC(CNC1CCc2[nH]c3ccccc3c2C1)c1cccc(Cl)c1,340.85400000000004,4.001800000000003,3,2,4,48.05,24,0,0.2
DEC_3082,ACT_065,CHEMBL25297,CCC(c1ccc(O)cc1)C(CBr)c1ccc(O)cc1,335.241,4.770100000000004,2,2,5,40.46,20,0,0.2
DEC_3083,ACT_065,CHEMBL31398,O=C(O)c1c(O)nnc(-c2ccc(Cl)cc2)c1-c1ccc(Cl)cc1,361.1840000000001,4.521200000000002,2,4,3,83.31,24,0,0.2
DEC_3084,ACT_065,CHEMBL8809,CCN1CCC[C@H]1CNC(=O)c1c(O)c(Cl)cc(Cl)c1OC,347.2420000000001,2.9217000000000013,2,4,5,61.80000000000001,22,0,0.20212765957446807
DEC_3085,ACT_065,CHEMBL279388,CCNCCC(=O)Nc1cccc2c1CN(C)CC2c1ccccc1,337.46700000000004,3.2020000000000017,2,3,6,44.370000000000005,25,0,0.20238095238095238
DEC_3086,ACT_065,CHEMBL19138,COc1ccc2[nH]c3c(C)c4ccnc(NCCCN)c4c(C)c3c2c1,348.45000000000016,4.255440000000002,3,4,5,75.96,26,0,0.20238095238095238
DEC_3087,ACT_065,CHEMBL19223,COc1ccc2[nH]c3c(C)c4ccnc(NCCCCN)c4cc3c2c1,348.45000000000016,4.337120000000002,3,4,6,75.96,26,0,0.20238095238095238
DEC_3088,ACT_065,CHEMBL280380,CN(C)/C(=N/c1cccc(/C(=C\CCCC(=O)O)c2cccnc2)c1)NC#N,377.448,3.3879800000000015,2,4,7,101.61000000000001,28,0,0.20253164556962025
DEC_3089,ACT_065,CHEMBL281629,CCc1cc(Br)ccc1C/N=c1\c(O)c(O)\c1=N/C(C)(C)C,365.27100000000013,3.0984000000000025,2,4,3,65.18,22,0,0.2028985507246377
DEC_3090,ACT_065,CHEMBL19789,O=C1NC(=O)C(c2cc(Cl)ccc2SCc2ccc(Cl)cc2)N1,367.25699999999995,4.166200000000003,2,3,4,58.2,23,0,0.203125
DEC_3091,ACT_065,CHEMBL278629,N=C(N)N(CC1CC1)c1c(Br)cccc1Br,347.05400000000003,3.3214700000000024,2,1,3,53.11000000000001,16,0,0.203125
DEC_3092,ACT_065,CHEMBL21207,O=[N+]([O-])c1ccc(S(=O)(=O)Nc2cccc3cc(Cl)[nH]c23)cc1,351.771,3.5303000000000013,2,4,4,105.1,23,0,0.203125
DEC_3093,ACT_065,CHEMBL21921,Nc1nc(N)c(-c2cccc(Cl)c2)c(CCCc2ccccc2)n1,338.842,4.136700000000003,2,4,5,77.82,24,0,0.203125
DEC_3094,ACT_065,CHEMBL20052,CCC(C)(C)/N=c1\c(O)c(O)\c1=N/Cc1c(Cl)cccc1Cl,341.23799999999994,3.4704000000000033,2,4,4,65.18,22,0,0.2033898305084746
DEC_3095,ACT_065,CHEMBL15307,COc1cc(N)c(Cl)cc1C(=O)NC[C@H]1CCC2CCCCN2C1,351.8780000000002,2.9251000000000014,2,4,4,67.58999999999999,24,0,0.20408163265306123
DEC_3096,ACT_065,CHEMBL15868,COc1cc(N)c(Cl)cc1C(=O)NCC1CCC2CCCCN2C1,351.8780000000002,2.9251000000000014,2,4,4,67.58999999999999,24,0,0.20408163265306123
DEC_3097,ACT_065,CHEMBL15775,C[C@H](CS)C(=O)N1C[C@@H](Oc2ccc3ccccc3c2)C[C@H]1C(=O)O,359.4470000000001,2.8386000000000005,2,4,5,66.84,25,0,0.20454545454545456
DEC_3098,ACT_065,CHEMBL277700,COc1ccc2[nH]c3c(C)c4ccnc(NCCCN)c4cc3c2c1,334.4230000000001,3.947020000000002,3,4,5,75.96,25,0,0.20481927710843373
DEC_3099,ACT_065,CHEMBL441762,CC(O)(c1ccc(F)cc1)C(O)(Cn1ccnc1)c1ccc(Cl)cc1,360.81600000000003,3.4711000000000025,2,3,5,58.28,25,0,0.20512820512820512
DEC_3100,ACT_066,CHEMBL266030,C/C(=C\c1ccc(O[C@@H]2O[C@H]([C@H](C)O)[C@@H](O)[C@@H]2O)c(O)c1)C(=O)N[C@@H]1CCCC[C@@H]1O,437.48900000000026,0.42149999999999915,6,8,6,148.71,31,0,0.16842105263157894
DEC_3101,ACT_066,CHEMBL281203,COC(C(=O)[C@@H](O)C(C)O)C1Cc2cc3cc(O)c(C)c(O)c3c(O)c2C(=O)C1O,420.41400000000016,0.3067199999999997,6,9,5,164.75,30,0,0.16853932584269662
DEC_3102,ACT_066,CHEMBL281196,O=C(N[C@H]1c2ccccc2C[C@H]1O)[C@H](Cc1cccc(O)c1)[C@@H](C(=O)NO)C1CNC1,425.4850000000001,0.6663999999999999,6,6,7,130.92,31,0,0.20512820512820512
DEC_3103,ACT_066,CHEMBL24763,O=C(N[C@H]1c2ccccc2C[C@H]1O)[C@H](Cc1cccc(O)c1)[C@@H](C(=O)NO)C1CCNCC1,453.5390000000002,1.4466,6,6,7,130.92,33,0,0.21686746987951808
DEC_3104,ACT_066,CHEMBL43128,COc1cc(NC(C)CCCN)c2ncccc2c1.O=P(O)(O)O.O=P(O)(O)O,455.341,0.9255000000000004,8,6,6,215.68999999999997,29,0,0.2247191011235955
DEC_3105,ACT_066,CHEMBL416207,O=C(/C=C/c1ccc(O)c(O)c1)NC(COC(=O)/C=C/c1ccc(O)c(O)c1)C(=O)O,429.38100000000014,1.3481999999999998,6,8,8,173.62,31,0,0.23809523809523808
DEC_3106,ACT_066,CHEMBL33045,Nc1nc(N)c2cc(NCc3ccc(C(=O)NC(=O)[C@H](N)CCC(=O)O)cc3)cnc2n1,438.4480000000002,0.24980000000000063,6,10,8,212.22999999999996,32,0,0.2631578947368421
DEC_3107,ACT_066,CHEMBL22790,Nc1nc(O)c2nc(C(=O)Nc3ccc(C(=O)NC(CCC(=O)O)C(=O)O)cc3)ccc2n1,454.3990000000002,0.6126999999999995,6,9,8,217.71999999999997,33,0,0.3181818181818182
DEC_3108,ACT_067,CHEMBL31286,CC(C)(C)C1CS(=O)(=O)C(c2c(F)c(F)c(N=[N+]=[N-])c(F)c2F)S(=O)(=O)C1,429.4170000000001,3.688900000000003,0,5,2,117.03999999999999,27,0,0.10810810810810811
DEC_3109,ACT_067,CHEMBL290691,CN1CCN(C)C1c1ccc(N2CCN(c3ccc(C4N(C)CCN4C)cc3)CC2)cc1,434.63200000000023,2.764800000000001,0,6,4,19.440000000000005,32,0,0.15
DEC_3110,ACT_067,CHEMBL289236,O=C1CN2CCCCC2c2c1c1ccccc1n2CCCN1CC(Br)C1=O,430.3460000000002,3.360400000000002,0,3,4,45.550000000000004,27,0,0.16279069767441862
DEC_3111,ACT_067,CHEMBL11983,CC1(C)C=C(n2ccccc2=O)c2cc(S(=O)(=O)Oc3ccccc3)ccc2O1,409.46300000000014,3.6762000000000032,0,5,4,74.60000000000001,29,0,0.16326530612244897
DEC_3112,ACT_067,CHEMBL10066,COc1cccc2c1CCC[C@H]2CN(C)CCc1ccc2c(c1)CCS2(=O)=O,399.5560000000001,3.6194000000000024,0,4,6,46.61,28,0,0.1651376146788991
DEC_3113,ACT_067,CHEMBL11668,CCOc1nc(C(Cl)(Cl)Cl)c(Cl)c(OC(=O)COC)c1Cl,397.46900000000016,4.165600000000002,0,5,5,57.650000000000006,21,0,0.16666666666666666
DEC_3114,ACT_067,CHEMBL12305,CN(c1ccccc1)S(=O)(=O)c1ccc2c(c1)C(n1ccccc1=O)=CC(C)(C)O2,422.50600000000014,3.7336000000000027,0,4,4,68.61,30,0,0.1686746987951807
DEC_3115,ACT_067,CHEMBL12162,O=S(=O)(CS(=O)(=O)C(F)(F)F)c1cc(C(F)(F)F)cc(C(F)(F)F)c1,424.26199999999994,3.3900000000000015,0,4,3,68.28,25,0,0.16981132075471697
DEC_3116,ACT_067,CHEMBL8346,O=C1c2ccccc2N(Cc2ccccc2)S(=O)(=O)N1COCc1ccccc1,408.4790000000002,3.568100000000002,0,4,6,66.92,29,0,0.171875
DEC_3117,ACT_067,CHEMBL8542,O=C1c2ccccc2N(COCc2ccccc2)S(=O)(=O)N1Cc1ccccc1,408.4790000000001,3.568100000000003,0,4,6,66.92,29,0,0.171875
DEC_3118,ACT_067,CHEMBL10152,COc1cccc2c1CCC[C@H]2CN(C)CCc1ccc2c(c1)C=CS2(=O)=O,397.54,4.047600000000004,0,4,6,46.61,28,0,0.17272727272727273
DEC_3119,ACT_067,CHEMBL281087,CCN1C(=O)c2c(nc(C#Cc3ccccc3)n2Cc2ccccc2)N2C1=N[C@@H]1CCC[C@@H]12,435.53100000000023,3.9040000000000026,0,4,3,53.730000000000004,33,0,0.17346938775510204
DEC_3120,ACT_067,CHEMBL276260,CN(C)c1ccc(-c2nnc3c4ccccc4c(N4CCCC4)nn23)c(Cl)c1,392.89400000000023,4.2641000000000036,0,5,3,49.56,28,0,0.17721518987341772
DEC_3121,ACT_067,CHEMBL275258,O=C1c2ccccc2CCCN1CCN1CCC(N2C(=O)Cc3ccccc32)CC1,403.5260000000002,3.128700000000002,0,3,4,43.86000000000001,30,0,0.17894736842105263
DEC_3122,ACT_067,CHEMBL9970,COc1cccc2c1CCC[C@H]2CN(C)CCc1ccc2c(c1)CS(=O)(=O)C2,399.5560000000001,3.7180000000000026,0,4,6,46.61,28,0,0.1792452830188679
DEC_3123,ACT_067,CHEMBL20403,COC1(c2cc(F)cc(OCc3ccc4c(ccc(=O)n4C)c3)c2)CCOCC1,397.4460000000002,3.908700000000003,0,4,5,49.69,29,0,0.1794871794871795
DEC_3124,ACT_067,CHEMBL25753,Cc1nn(-c2cccc([N+](=O)[O-])c2)c2oc3ccc(Br)cc3c(=O)c12,400.18800000000005,4.111020000000002,0,5,2,91.16999999999999,25,0,0.18072289156626506
DEC_3125,ACT_067,CHEMBL441951,Cc1nsc(-c2ccc(N3CCN(c4cccc(C(F)(F)F)c4)CC3)nc2)n1,405.44900000000007,4.2539200000000035,0,6,3,45.150000000000006,28,0,0.18085106382978725
DEC_3126,ACT_067,CHEMBL283432,COCN1CN(c2ccccc2)C2(CCN(C3CCc4cccc(Cl)c4C3)CC2)C1=O,439.9870000000003,3.9421000000000035,0,4,4,36.02,31,0,0.18181818181818182
DEC_3127,ACT_067,CHEMBL284678,Cc1c(C(=O)c2ccc3ncccc3c2)c2cccc3c2n1C(CN1CCOCC1)CO3,427.50400000000036,3.994620000000002,0,5,4,56.59,32,0,0.1834862385321101
DEC_3128,ACT_067,CHEMBL27517,N#Cc1c2n(c3c(N4CCN(CCc5ccccc5Cl)CC4)ncnc13)CCCC2,420.94800000000026,3.6573800000000025,0,5,4,60.980000000000004,30,0,0.1836734693877551
DEC_3129,ACT_067,CHEMBL282592,c1ccc(CCN2CCN(c3ncnc4c(-c5ncccn5)c5n(c34)CCCC5)CC2)cc1,439.56700000000035,3.5893000000000024,0,6,5,62.970000000000006,33,0,0.1839080459770115
DEC_3130,ACT_067,CHEMBL287604,O=C1c2cc(Cl)c(Cl)cc2C(=O)N1CCCCN1CCN(c2ncccn2)CC1,434.3270000000003,2.9818000000000016,0,6,6,69.64000000000001,29,0,0.18421052631578946
DEC_3131,ACT_067,CHEMBL280991,Cc1c(C(=O)c2ccccc2F)c2cccc3c2n1C(CN1CCOCC1)CO3,394.44600000000025,3.5855200000000025,0,4,4,43.7,29,0,0.18446601941747573
DEC_3132,ACT_067,CHEMBL409557,O=[N+]([O-])c1cc(-c2nnc3c4ccccc4c(N4CCCC4)nn23)ccc1Cl,394.8220000000001,4.106300000000003,0,6,3,89.46,28,0,0.18518518518518517
DEC_3133,ACT_067,CHEMBL14232,CN1CN(C)c2nc3n(Cc4ccccc4)c(O)c(Cc4ccccc4)c(=O)n3c2C1=O,429.48000000000025,2.3200000000000003,1,5,4,83.08000000000001,32,0,0.18518518518518517
DEC_3134,ACT_067,CHEMBL27060,CCCN(C1COc2cccc(OC)c2C1)N1C(=O)c2ccccc2S1(=O)=O,402.4720000000001,2.4704000000000006,0,6,5,76.15,28,0,0.18556701030927836
DEC_3135,ACT_067,CHEMBL26587,O=C1c2ccccc2C(=O)N1CCCCN1CCN(c2cccc3ccccc23)CC1,413.5210000000001,4.038200000000003,0,4,6,43.86000000000001,31,0,0.18571428571428572
DEC_3136,ACT_067,CHEMBL275967,O=C(O)COCC1CCN(C(=O)N2CCC3(CC2)CCN(c2ccncc2)C3)CC1,416.5220000000002,2.3071,1,5,5,86.21,30,0,0.18604651162790697
DEC_3137,ACT_067,CHEMBL282528,CCN1C(=O)c2c(nc(Cc3ccccc3)n2Cc2ccccc2)N2C1=N[C@@H]1CCC[C@@H]12,425.5360000000002,4.095000000000003,0,4,5,53.730000000000004,32,0,0.18604651162790697
DEC_3138,ACT_067,CHEMBL269176,O=C1CC2(CCCC2)CCN1OCCCN1CCN(c2nsc3ccccc23)CC1,428.60200000000015,3.922800000000003,0,6,6,48.910000000000004,30,0,0.18604651162790697
DEC_3139,ACT_067,CHEMBL273873,COc1ccc2c3c1OC1[C@H]4OC[C@@]4(CCc4ccccc4)CC4C(C2)N(C)CCC341,417.5490000000002,3.9921000000000033,0,4,4,30.93,31,0,0.18681318681318682
DEC_3140,ACT_067,CHEMBL273821,O=C1c2ccccc2CCCN1CCN1CCC(n2c(=O)oc3ccccc32)CC1,405.49800000000016,3.320000000000002,0,4,4,58.690000000000005,30,0,0.18681318681318682
DEC_3141,ACT_067,CHEMBL9857,COc1c(C)cnc(C[S+]([O-])c2nc3ccccc3n2C(C)OC(C)=O)c1C,401.48800000000017,3.4461400000000024,0,6,6,89.30000000000001,28,0,0.18681318681318682
DEC_3142,ACT_067,CHEMBL10262,CN(C)c1ccc2c(=O)oc(Nc3ccccc3I)nc2c1,407.211,3.6022000000000025,1,5,3,58.370000000000005,22,0,0.1875
DEC_3143,ACT_067,CHEMBL21764,COCC1(c2cccc(OCc3ccc4c(ccc(=O)n4C)c3)c2)CCOCC1,393.48300000000023,3.8121000000000027,0,4,6,49.69,29,0,0.1875
DEC_3144,ACT_067,CHEMBL429030,CC(C)CCc1c(O)n(Cc2ccccc2)c2nc3c(n2c1=O)C(=O)N(C)CN3C,409.49000000000024,2.3178,1,5,5,83.07999999999998,30,0,0.18823529411764706
DEC_3145,ACT_067,CHEMBL280951,COC(=O)c1c2c(c3c4cc(OC)c(OC)cc4n4c3c1CCC4=O)CCNC2,394.42700000000025,2.830400000000001,1,6,3,78.79,29,0,0.18823529411764706
DEC_3146,ACT_067,CHEMBL30979,CN([C@@H]1CCN2CCc3ccccc3[C@@H]2C1)S(=O)(=O)c1cccc2cccnc12,407.53900000000016,3.6171000000000024,0,4,3,53.510000000000005,29,0,0.18823529411764706
DEC_3147,ACT_067,CHEMBL7876,CC(=O)N(C(=O)N=[S+]([O-])(c1ccc(C)cc1)N(C)C(C)=O)c1ccc(Cl)cc1,421.9060000000002,4.041720000000003,0,4,3,93.10999999999999,28,0,0.1891891891891892
DEC_3148,ACT_067,CHEMBL18386,COc1cc2c(cc1OC)[C@]1(c3cc(OC)c(OC)c(OC)c3)OC[C@H](C2)[C@@H]1C,400.4710000000002,3.8118000000000034,0,6,6,55.38000000000001,29,0,0.1891891891891892
DEC_3149,ACT_067,CHEMBL429023,C=C(C)[C@H]1Cc2c(ccc3c2O[C@@H]2COc4cc(OC)c(OC)cc4[C@@H]2C3=O)O1,394.4230000000001,3.7033000000000023,0,6,3,63.22,29,0,0.18947368421052632
DEC_3150,ACT_067,CHEMBL267461,C=C(C)[C@H]1Cc2c(ccc3c2O[C@H]2COc4cc(OC)c(OC)cc4[C@H]2C3=O)O1,394.4230000000001,3.7033000000000023,0,6,3,63.22,29,0,0.18947368421052632
DEC_3151,ACT_067,CHEMBL9700,COc1ccc(Cn2cnc3c2C(OCc2cccc(C)c2)N(C)N(C)C=N3)cc1,405.5020000000001,3.9158200000000027,0,6,6,55.120000000000005,30,0,0.18947368421052632
DEC_3152,ACT_067,CHEMBL418710,C=C(C)C1Cc2c(ccc3c2OC2COc4cc(OC)c(OC)cc4C2C3=O)O1,394.4230000000001,3.7033000000000023,0,6,3,63.22,29,0,0.18947368421052632
DEC_3153,ACT_067,CHEMBL282610,N#Cc1c2n(c3c(N4CCN(CCc5ccc(Cl)cc5)CC4)ncnc13)CCCC2,420.94800000000026,3.6573800000000025,0,5,4,60.980000000000004,30,0,0.18947368421052632
DEC_3154,ACT_067,CHEMBL30651,CN([C@@H]1CCN2CCc3ccccc3[C@@H]2C1)S(=O)(=O)c1cccc2ccccc12,406.55100000000016,4.222100000000004,0,3,3,40.620000000000005,29,0,0.18947368421052632
DEC_3155,ACT_067,CHEMBL289940,COc1cccc2c1C(=O)c1c(OC)cc(C(Br)Br)cc1C2=O,440.08700000000005,4.2676000000000025,0,4,3,52.6,23,0,0.189873417721519
DEC_3156,ACT_067,CHEMBL85,Cc1nc2n(c(=O)c1CCN1CCC(c3noc4cc(F)ccc34)CC1)CCCC2,410.4930000000003,3.5904200000000026,0,5,4,64.16,30,0,0.19
DEC_3157,ACT_067,CHEMBL15272,CC(=O)c1ccc(-c2cccn(C(CN3CCC(O)C3)c3ccccc3)c2=O)s1,408.5230000000001,3.4354000000000022,1,5,6,62.54,29,0,0.19
DEC_3158,ACT_068,CHEMBL268888,Cn1cc(C2=C(c3cn(CCCCSC(=N)N)c4ccccc34)C(=O)NC2=O)c2ccccc21,471.5860000000002,4.107070000000002,3,4,7,105.9,34,0,0.1625
DEC_3159,ACT_068,CHEMBL39355,Brc1cccc(Nc2ncnc3cc4c(cnn4CCCN4CCOCC4)cc23)c1,467.3710000000004,4.207900000000002,1,6,6,68.10000000000001,30,0,0.1686746987951807
DEC_3160,ACT_068,CHEMBL9769,COc1ccc2c3c1OC1[C@H](O)[C@](CO)(CCCCCc4ccccc4)CC4C(C2)N(C)CCC341,477.6450000000003,4.116800000000003,2,5,8,62.160000000000004,35,0,0.17525773195876287
DEC_3161,ACT_068,CHEMBL275068,OC(Cn1cncn1)(c1ccc(Cl)cc1Cl)C(O)(c1ccc(F)cc1)c1cccs1,464.34900000000016,4.609400000000003,2,5,6,71.17,30,0,0.17525773195876287
DEC_3162,ACT_068,CHEMBL19652,O=S1(=O)c2cccc3cccc(c23)N1CCCN1CC=C(c2c[nH]c3ccc(O)cc23)CC1,459.5710000000002,4.714800000000005,2,4,5,76.64,33,0,0.17647058823529413
DEC_3163,ACT_068,CHEMBL414184,Cc1oc(-c2ccc(C(F)(F)F)cc2)nc1COc1cccc(/C=C/Cn2oc(=O)[nH]c2=O)c1,473.4070000000002,4.404220000000004,1,6,7,103.25999999999999,34,0,0.17757009345794392
DEC_3164,ACT_068,CHEMBL288592,CCN1C(=O)N(CC(COc2ccc(-c3ccc(C#N)cc3)cc2)N(O)C=O)C(=O)C1(C)C,450.4950000000002,2.8829800000000017,1,6,9,114.18,33,0,0.17757009345794392
DEC_3165,ACT_068,CHEMBL443000,CCCCc1nc2c(n1Cc1ccc(-n3cccc3-c3nn[nH]n3)cc1)/C(=C/C(=O)O)CCCC2,471.5650000000003,4.439200000000002,2,5,8,114.51,35,0,0.17757009345794392
DEC_3166,ACT_068,CHEMBL25000,CCCCc1nc2ccc(N(C)C)cc2c(=O)n1Cc1ccc(-c2ccccc2-c2nn[nH]n2)cc1,479.5880000000002,4.7005000000000035,1,6,8,92.59,36,0,0.17777777777777778
DEC_3167,ACT_068,CHEMBL283307,CN(C)CCCCn1c2ccccc2c2c3c(c4c5ccccc5cnc4c21)C(=O)NC3=O,436.51500000000016,4.721300000000004,1,4,5,67.23,33,0,0.17857142857142858
DEC_3168,ACT_068,CHEMBL10505,OC(Cc1ccc(Cl)cc1)(c1ccc(F)cc1)C(O)(Cn1cncn1)c1ccc(Cl)cc1,472.3470000000002,4.742300000000003,2,4,7,71.17,32,0,0.1791044776119403
DEC_3169,ACT_068,CHEMBL279129,CCCC1N(Cc2ccc(-c3ccccc3-c3nn[nH]n3)cc2)C(=O)c2ccccc2N1C,438.53500000000014,4.752100000000003,1,5,6,78.01,33,0,0.18
DEC_3170,ACT_068,CHEMBL275452,CN1CCC23c4c5ccc(O)c4OC2[C@H](O)[C@](CO)(CCCCCCc2ccccc2)CC3C1C5,477.6450000000004,4.2039000000000035,3,5,8,73.16000000000001,35,0,0.18085106382978725
DEC_3171,ACT_068,CHEMBL32125,CCOP(=O)(OCC)OC1Cc2c(cccc2N(C)CC#CC#CC(C)(C)C)NC1=O,446.48400000000026,4.236600000000003,1,6,8,77.10000000000001,31,0,0.18085106382978725
DEC_3172,ACT_068,CHEMBL14487,CCCCc1nc2ccc(C(C)N)cc2c(=O)n1Cc1ccc(-c2ccccc2-c2nn[nH]n2)cc1,479.5880000000002,4.654200000000003,2,6,8,115.36999999999999,36,0,0.18095238095238095
DEC_3173,ACT_068,CHEMBL6632,C#CCN(Cc1cc2c(O)nc(C)nc2cc1C)c1ccc(C(=O)NCc2ccccn2)c(F)c1,469.52000000000015,4.056140000000003,2,6,7,91.24,35,0,0.1836734693877551
DEC_3174,ACT_068,CHEMBL32141,C=Cc1ccc(C(=O)O[C@@H]2C[C@](OCCCc3ccc(Cl)cc3)(C(=O)O)C[C@@H](O)[C@H]2O)cc1,474.9370000000001,3.4968000000000012,3,6,9,113.29,33,0,0.1836734693877551
DEC_3175,ACT_068,CHEMBL37565,CCCc1nc2c(C)ccnc2n1Cc1ccc(OC(c2ccccc2)c2nnn[nH]2)cc1,439.5230000000001,4.422020000000003,1,6,8,94.4,33,0,0.1875
DEC_3176,ACT_068,CHEMBL280847,Cn1cncc1C(NN1CCC(C#N)=C(c2cccc3ccccc23)C1)c1ccc(C#N)cc1,444.54200000000014,4.7220600000000035,1,5,5,80.67,34,0,0.18811881188118812
DEC_3177,ACT_068,CHEMBL16636,O=c1c2c(oc(O)c1C(c1cccc(NS(=O)(=O)c3ccccn3)c1)C1CC1)CCCCCC2,480.5860000000004,4.742100000000004,2,6,6,109.49999999999999,34,0,0.18888888888888888
DEC_3178,ACT_068,CHEMBL17770,COc1ccccc1-c1nc(S(=O)(=O)C(F)(F)C(F)F)[nH]c1-c1ccccc1OC,444.40600000000006,4.392500000000004,1,5,7,81.28,30,0,0.189873417721519
DEC_3179,ACT_068,CHEMBL286537,CCc1nn(Cc2ccc(-c3ccccc3-c3nn[nH]n3)cc2)/c(=N/C(=O)c2ccccc2)s1,467.5580000000001,4.143500000000003,1,6,6,101.71000000000001,34,0,0.19047619047619047
DEC_3180,ACT_068,CHEMBL290457,CN1C(=O)N(CCC(COc2ccc(-c3ccc(C#N)cc3)cc2)N(O)C=O)C(=O)C1(C)C,450.4950000000002,2.8829800000000017,1,6,9,114.18,33,0,0.19047619047619047
DEC_3181,ACT_068,CHEMBL288419,CO/C(=C\C=C\c1cc2cc(Cl)c(Cl)cc2[nH]1)C(=O)NC1C[C@H]2CC[C@@H](C1)N2C,434.3670000000002,4.759600000000003,2,3,5,57.36000000000001,29,0,0.19047619047619047
DEC_3182,ACT_068,CHEMBL277595,Cc1cc(C)c(NC(=O)c2sccc2S(=O)(=O)Nc2onc(C)c2Cl)c(C)c1,439.94600000000014,4.676280000000003,2,6,5,101.3,28,0,0.19148936170212766
DEC_3183,ACT_068,CHEMBL30053,CCN(CC)CCn1nc2c3c(c(CNS(C)(=O)=O)ccc31)Sc1ccc(OC)cc1-2,460.6250000000002,3.5675000000000017,1,6,9,76.46000000000001,31,0,0.19148936170212766
DEC_3184,ACT_068,CHEMBL25049,CCCc1cc(OCc2cccnc2)cc(=O)n1Cc1ccc(-c2ccccc2-c2nn[nH]n2)cc1,478.55600000000015,4.670200000000003,1,6,9,98.58,36,0,0.1919191919191919
DEC_3185,ACT_068,CHEMBL281162,O=C1CCC(=O)N1CCCCCn1c(C2CCNCC2)nc2cc(Cl)c(Cl)cc21,437.37100000000015,4.129400000000003,1,4,7,67.23,29,0,0.19230769230769232
DEC_3186,ACT_068,CHEMBL281603,O=C1C=CC(=O)N1CCCCCn1c(C2CCNCC2)nc2cc(Cl)c(Cl)cc21,435.3550000000002,3.905400000000002,1,4,7,67.23,29,0,0.19230769230769232
DEC_3187,ACT_068,CHEMBL22118,CN1CCN(Cc2cccc(-c3cc(NCCC4CCCN4C)c4ccccc4n3)c2)CC1,443.63900000000024,4.545400000000004,1,5,7,34.64,33,0,0.19230769230769232
DEC_3188,ACT_068,CHEMBL19400,O=C(O)Cc1ccccc1Cn1nnc(-c2cccc(OCc3ccc4ccccc4n3)c2)n1,451.48600000000016,4.142700000000003,1,6,8,103.02,34,0,0.1935483870967742
DEC_3189,ACT_068,CHEMBL288701,CC1(C)CC(=O)N(CC(COc2ccc(-c3ccc(C#N)cc3)cc2)N(O)C=O)C(=O)C1,435.48000000000013,2.9954800000000015,1,6,8,110.94,32,0,0.1941747572815534
DEC_3190,ACT_068,CHEMBL15225,CCCCc1nc2ccc(C(C)O)cc2c(=O)n1Cc1ccc(-c2ccccc2-c2nn[nH]n2)cc1,480.5720000000002,4.687800000000003,2,6,8,109.58,36,0,0.1941747572815534
DEC_3191,ACT_068,CHEMBL279515,CCCCc1nc2ccccc2c(=O)n1Cc1ccc(-c2ccccc2-c2nn[nH]n2)cc1,436.5190000000001,4.634500000000004,1,5,7,89.35000000000001,33,0,0.1951219512195122
DEC_3192,ACT_068,CHEMBL280713,O=C(O)c1ccccc1Cn1nnc(-c2cccc(OCc3ccc4ccccc4n3)c2)n1,437.4590000000002,4.2138000000000035,1,6,7,103.02,33,0,0.1956521739130435
DEC_3193,ACT_068,CHEMBL282014,CC(C)(C)OC(=O)N(CCOc1cccc(NS(=O)(=O)c2ccccc2)c1)c1ccncc1,469.56300000000016,4.702900000000004,1,6,8,97.83,33,0,0.1956521739130435
DEC_3194,ACT_068,CHEMBL43547,Cc1nn(C)c(NC(=O)CN(C)CCCN2CCCCC2C)c1C(=O)c1ccccc1F,443.5670000000002,3.2334200000000015,1,5,9,70.47,32,0,0.1956521739130435
DEC_3195,ACT_068,CHEMBL12383,COc1cc2cc(CO)c(CO)c(-c3ccnc(-n4c(=O)ccc5ccccc54)c3)c2cc1OC,468.5090000000002,4.2077000000000035,2,6,6,93.80999999999999,35,0,0.1958762886597938
DEC_3196,ACT_068,CHEMBL43394,O=C(c1cc(O)cc(O)c1)N1CC[C@H](NCc2ccnc3ccccc23)C[C@H]1Cc1ccccc1,467.5690000000002,4.6517000000000035,3,5,6,85.69,35,0,0.1958762886597938
DEC_3197,ACT_068,CHEMBL21585,CCCc1cc(OCc2ccccn2)cc(=O)n1Cc1ccc(-c2ccccc2-c2nn[nH]n2)cc1,478.55600000000015,4.670200000000003,1,6,9,98.58,36,0,0.1958762886597938
DEC_3198,ACT_068,CHEMBL14951,CCCCc1nc2ccc(COC)cc2c(=O)n1Cc1ccc(-c2ccccc2-c2nn[nH]n2)cc1,480.5720000000002,4.7809000000000035,1,6,9,98.58,36,0,0.19607843137254902
DEC_3199,ACT_068,CHEMBL15214,CCCCc1nc2ccc(CO)cc2c(=O)n1Cc1ccc(-c2ccccc2-c2nn[nH]n2)cc1,466.54500000000013,4.126800000000002,2,6,8,109.58,35,0,0.19767441860465115
DEC_3200,ACT_068,CHEMBL282823,O=C(O)CCc1cc(-c2cccnc2)cc2c1CCC(NS(=O)(=O)c1ccc(Cl)cc1)C2,470.9780000000002,4.2550000000000034,2,4,7,96.35999999999999,32,0,0.19767441860465115
DEC_3201,ACT_068,CHEMBL19777,COc1ccc2[nH]c3c(C)c4ccnc(NCCCN5CCN(CCCN)CC5)c4cc3c2c1,460.62600000000043,3.9547200000000027,3,6,9,82.44,34,0,0.1978021978021978
DEC_3202,ACT_068,CHEMBL288539,Cc1nc(-c2ccccc2)ccc1C(=O)N[C@@H](CCCCN)B1O[C@@H]2CC3CC(C3(C)C)[C@]2(C)O1,475.44200000000035,4.5519200000000035,2,5,8,86.47000000000001,35,0,0.1978021978021978
DEC_3203,ACT_068,CHEMBL282906,O=C1c2ccccc2C(=O)N1CCCn1c(C2CCNCC2)nc2cc(Cl)c(Cl)cc21,457.36100000000016,4.496400000000004,1,4,5,67.23,31,0,0.19791666666666666
DEC_3204,ACT_068,CHEMBL26514,CCCCc1nc2ccc(O)cc2c(=O)n1Cc1ccc(-c2ccccc2-c2nnn[nH]2)cc1,452.5180000000001,4.340100000000003,2,6,7,109.58000000000001,34,0,0.19791666666666666
DEC_3205,ACT_068,CHEMBL290887,CC(CCCCn1cnc2c1NC=NCC2O)(Cc1cccc(Br)c1)C(=O)O,449.3490000000001,3.636700000000001,3,5,8,99.74,28,0,0.19791666666666666
DEC_3206,ACT_068,CHEMBL21686,CCCc1cc(OCc2ccncc2)cc(=O)n1Cc1ccc(-c2ccccc2-c2nn[nH]n2)cc1,478.55600000000015,4.670200000000003,1,6,9,98.58,36,0,0.19791666666666666
DEC_3207,ACT_068,CHEMBL289709,Cc1nc(-c2ccccc2)ncc1C(=O)N[C@@H](CCCCN)B1O[C@@H]2CC3CC(C3(C)C)[C@]2(C)O1,476.43000000000035,3.946920000000002,2,6,8,99.36000000000001,35,0,0.19801980198019803
DEC_3208,ACT_069,CHEMBL16048,CC(C)(C)c1cc(/C=C2\SC(NC#N)=NC2=O)cc(C(C)(C)C)c1O,357.4790000000001,4.028180000000004,2,5,1,85.48,25,0,0.1411764705882353
DEC_3209,ACT_069,CHEMBL7187,CCCc1cc(=O)oc2c3c(c4c(c12)OC(C)(C)C=C4)O[C@@H](C)[C@H](C)[C@@H]3O,370.44500000000005,4.380100000000005,1,5,2,68.9,27,0,0.14285714285714285
DEC_3210,ACT_069,CHEMBL7121,CCCc1cc(=O)oc2c3c(c4c(c12)OC(C)(C)C=C4)O[C@H](C)[C@@H](C)[C@H]3O,370.44500000000005,4.380100000000005,1,5,2,68.9,27,0,0.14285714285714285
DEC_3211,ACT_069,CHEMBL268207,CCCc1cc(=O)oc2c3c(c4c(c12)OC(C)(C)C=C4)O[C@@H](C)[C@H](C)[C@H]3O,370.44500000000005,4.380100000000005,1,5,2,68.9,27,0,0.14285714285714285
DEC_3212,ACT_069,CHEMBL267447,CCCc1cc(=O)oc2c3c(c4c(c12)OC(C)(C)C=C4)O[C@H](C)[C@@H](C)[C@@H]3O,370.44500000000005,4.380100000000005,1,5,2,68.9,27,0,0.14285714285714285
DEC_3213,ACT_069,CHEMBL263086,CCCc1cc(=O)oc2c3c(c4c(c12)OC(C)(C)C=C4)O[C@H](C)[C@H](C)[C@@H]3O,370.44500000000005,4.380100000000005,1,5,2,68.9,27,0,0.14285714285714285
DEC_3214,ACT_069,CHEMBL269063,CCCc1cc(=O)oc2c3c(c4c(c12)OC(C)(C)C=C4)O[C@H](C)[C@H](C)[C@H]3O,370.44500000000005,4.380100000000005,1,5,2,68.9,27,0,0.14285714285714285
DEC_3215,ACT_069,CHEMBL282382,CCCc1cc(=O)oc2c3c(c4c(c12)OC(C)(C)C=C4)O[C@@H](C)C(C)[C@@H]3O,370.44500000000005,4.380100000000005,1,5,2,68.9,27,0,0.14285714285714285
DEC_3216,ACT_069,CHEMBL7266,Nc1nc2ccc(Cl)cc2c2nc(-c3ccc(Br)o3)nn12,364.59000000000003,3.5356000000000005,1,5,1,82.24,21,0,0.14634146341463414
DEC_3217,ACT_069,CHEMBL15781,CC(C)(C)c1cc(/C=C2\OC(N=C(N)N)=NC2=O)cc(C(C)(C)C)c1O,358.4420000000001,2.514300000000001,3,4,1,123.29,26,0,0.14666666666666667
DEC_3218,ACT_069,CHEMBL266091,CCCc1cc(=O)oc2c3c(c4c(c12)OC(C)(C)C=C4)OC[C@H](C)[C@@H]3O,356.41800000000006,3.991600000000004,1,5,2,68.9,26,0,0.1509433962264151
DEC_3219,ACT_069,CHEMBL269062,CCCc1cc(=O)oc2c3c(c4c(c12)OC(C)(C)C=C4)OC[C@H](C)[C@H]3O,356.41800000000006,3.991600000000004,1,5,2,68.9,26,0,0.1509433962264151
DEC_3220,ACT_069,CHEMBL20816,C#CCN(C1=NCCN1)c1c(Br)cccc1Br,357.04900000000004,2.6104000000000003,1,3,2,27.63,17,0,0.1518987341772152
DEC_3221,ACT_069,CHEMBL16855,CON(C)C1=NC(=O)/C(=C/c2cc(C(C)(C)C)c(O)c(C(C)(C)C)c2)S1,376.5220000000001,4.450700000000004,1,5,2,62.129999999999995,26,0,0.15476190476190477
DEC_3222,ACT_069,CHEMBL8815,CN1CC=C(c2c(O)cc(O)c3c(=O)cc(C4CCCCC4)oc23)CC1,355.43400000000025,3.970800000000003,2,5,2,73.91,26,0,0.16304347826086957
DEC_3223,ACT_069,CHEMBL276753,CC(C)c1csc2c1C(N1CCN(C)CC1)=Nc1cc(F)ccc1N2,358.486,4.3933000000000035,1,5,1,30.869999999999997,25,0,0.16304347826086957
DEC_3224,ACT_069,CHEMBL10177,CN1C(=O)C=C[C@]2(C)C3CC[C@@]4(C)C(CC[C@@]4(O)C#CCCO)C3CCC12,371.52100000000013,2.742700000000001,2,3,1,60.77000000000001,27,0,0.16470588235294117
DEC_3225,ACT_069,CHEMBL13632,CN1CCc2cc(Cl)c(O)cc2C(c2cccc(Br)c2)C1,366.68600000000004,4.427900000000003,1,2,1,23.47,21,0,0.17045454545454544
DEC_3226,ACT_069,CHEMBL15791,CONC1=NC(=O)/C(=C/c2cc(C(C)(C)C)c(O)c(C(C)(C)C)c2)S1,362.4950000000001,4.108500000000004,2,5,2,70.92,25,0,0.17073170731707318
DEC_3227,ACT_069,CHEMBL6642,Nc1nc(N)c2c([S+]([O-])c3ccc(Cl)c(Cl)c3)cccc2n1,353.23400000000004,3.2677000000000005,2,5,2,100.88,22,0,0.171875
DEC_3228,ACT_069,CHEMBL278722,CC1(C)Oc2c(c3nc4ccccc4nc3c3ccccc23)CC1S(=O)(=O)O,394.45200000000017,3.906100000000003,1,5,1,89.38000000000001,28,0,0.17647058823529413
DEC_3229,ACT_069,CHEMBL25916,CC1(N)CCN(c2cc3c(cc2F)c(=O)c(C(=O)O)cn3C(C)(C)C)C1,361.4170000000001,2.521300000000001,2,4,2,88.56,26,0,0.18072289156626506
DEC_3230,ACT_069,CHEMBL8620,CN1CC=C(c2c(O)cc(O)c3c(=O)oc(-c4ccccc4Cl)cc23)CC1,383.8310000000001,4.243500000000002,2,5,2,73.91,27,0,0.18181818181818182
DEC_3231,ACT_069,CHEMBL266751,CN1CC=C(c2c(O)cc(O)c3c(=O)cc(-c4ccccc4Cl)oc23)CC1,383.8310000000002,4.243500000000002,2,5,2,73.91,27,0,0.18181818181818182
DEC_3232,ACT_069,CHEMBL39388,CC(=O)Oc1cccc2c1Cc1sc(N)nc1-2.I,374.2029999999999,2.8398000000000008,1,5,1,65.21000000000001,18,0,0.18421052631578946
DEC_3233,ACT_069,CHEMBL28382,Cc1nn(-c2ccc(Cl)c([N+](=O)[O-])c2)c2nc3ccccc3c(O)c12,354.75300000000004,4.149320000000002,1,5,2,94.08,25,0,0.18518518518518517
DEC_3234,ACT_069,CHEMBL276889,Nc1nc(O)c2nc(Br)n(C3CCCCc4ccc(F)cc43)c2n1,392.23200000000014,3.331500000000002,2,5,1,89.85000000000001,24,0,0.18681318681318682
DEC_3235,ACT_069,CHEMBL20685,O=C1NC(=O)C2(CN(Cc3nc4ccccc4s3)c3ccc(Cl)cc32)N1,384.8480000000001,3.004600000000001,2,5,2,74.33,26,0,0.18811881188118812
DEC_3236,ACT_069,CHEMBL280149,CN1CCC(O)(c2nc(-c3ccncc3)c(-c3ccc(F)cc3)o2)CC1,353.39700000000016,3.4559000000000024,1,5,3,62.39,26,0,0.18888888888888888
DEC_3237,ACT_069,CHEMBL22978,CN1CCC(O)(c2nc(-c3ccc(F)cc3)c(-c3ccncc3)o2)CC1,353.3970000000001,3.4559000000000024,1,5,3,62.39,26,0,0.18888888888888888
DEC_3238,ACT_069,CHEMBL38779,COc1ccc2c(c1)CCc1sc(N)nc1-2.I,360.21999999999997,3.117500000000001,1,4,1,48.14,17,0,0.1891891891891892
DEC_3239,ACT_069,CHEMBL13325,CN1CCc2cc(Cl)c(O)cc2C(c2ccccc2Br)C1,366.68600000000004,4.427900000000003,1,2,1,23.47,21,0,0.1891891891891892
DEC_3240,ACT_069,CHEMBL288557,Nc1cc2c(Nc3ccc4c(ccn4Cc4ccccc4)c3)ncnc2cn1,366.42800000000005,4.353600000000003,2,5,4,81.64999999999999,28,0,0.1891891891891892
DEC_3241,ACT_069,CHEMBL276216,Cc1cccc(SC2(CC#Cc3ccc(Cl)cc3)SC(=O)NC2=O)n1,388.90100000000007,4.2566200000000025,1,5,3,59.06,25,0,0.1891891891891892
DEC_3242,ACT_069,CHEMBL6498,C#CCN(Cc1ccc2nc(C)nc(O)c2c1)c1ccc(C(=O)NC)cc1,360.41700000000003,2.6432200000000003,2,5,5,78.35,27,0,0.18947368421052632
DEC_3243,ACT_069,CHEMBL265589,CC1=NN(C(=O)NC2CCCCC2)C(C)=NN1C(=O)NC1CCCCC1,362.4780000000002,3.355400000000002,2,4,2,89.4,26,0,0.1896551724137931
DEC_3244,ACT_069,CHEMBL273906,O=C(O)c1ccc(-c2nnc3c4ccccc4c(N4CCCC4)nn23)cc1,359.3890000000002,3.2429000000000023,1,5,3,83.61999999999999,27,0,0.189873417721519
DEC_3245,ACT_069,CHEMBL480,Cc1c(OCC(F)(F)F)ccnc1C[S+]([O-])c1nc2ccccc2[nH]1,369.3680000000001,3.515220000000001,1,4,5,73.86,25,0,0.19047619047619047
DEC_3246,ACT_069,CHEMBL10318,CC(C(=O)O)c1cc(C(=O)c2ccccc2)ccc1OC(=O)C(C)(C)C,354.40200000000016,4.0572000000000035,1,4,5,80.66999999999999,26,0,0.19047619047619047
DEC_3247,ACT_069,CHEMBL21841,Cn1c(=O)ccc2cc(COc3cc(F)cc(C4(O)CCOCC4)c3)ccc21,383.41900000000015,3.2546000000000017,1,4,4,60.69,28,0,0.19047619047619047
DEC_3248,ACT_069,CHEMBL436,COc1ccc2c(C(=S)N(C)CC(=O)O)cccc2c1C(F)(F)F,357.353,3.5591000000000026,1,3,4,49.769999999999996,24,0,0.19101123595505617
DEC_3249,ACT_069,CHEMBL10377,CC(/C=C/C(O)=C1\C(=O)C2CCCN2C1=O)=C\c1ccc2ccccc2c1,359.425,4.185100000000003,1,3,3,57.61,27,0,0.19101123595505617
DEC_3250,ACT_069,CHEMBL13701,CC(C)N1C(=O)NC(c2ccccc2[N+](=O)[O-])c2cc3c(cc21)OCO3,355.35000000000014,3.350900000000002,1,5,3,93.94000000000001,26,0,0.19101123595505617
DEC_3251,ACT_069,CHEMBL282017,CC(c1nc2ccccc2s1)n1nc(CC(=O)O)c2ccccc2c1=O,365.41400000000004,3.2426000000000013,1,5,4,85.08000000000001,26,0,0.19101123595505617
DEC_3252,ACT_069,CHEMBL10428,O=C(c1ccc(F)cc1)C(O)(Cn1cncn1)c1ccc(Cl)cc1Cl,380.20600000000013,3.4947000000000017,1,4,5,68.00999999999999,25,0,0.19101123595505617
DEC_3253,ACT_069,CHEMBL275676,O=C(c1ccc(Cl)cc1Cl)C(O)(Cn1cncn1)c1ccc(F)cc1,380.2060000000001,3.4947000000000017,1,4,5,68.00999999999999,25,0,0.19101123595505617
DEC_3254,ACT_069,CHEMBL282193,CCC(C)(O)C#Cc1nc(Nc2cccc(Cl)c2)c2ncn(C(C)C)c2n1,383.8830000000001,4.3167000000000035,2,5,4,75.86000000000001,27,0,0.19101123595505617
DEC_3255,ACT_069,CHEMBL406140,NS(=O)(=O)c1ccc(-n2nc(C(F)(F)F)cc2-c2cccnc2)cc1,368.34000000000003,2.600500000000001,1,4,3,90.87,25,0,0.19117647058823528
DEC_3256,ACT_069,CHEMBL6487,O=C(NCc1ccc(Cl)cc1Cl)c1cc(-c2ccncc2)nnc1Cl,393.66100000000006,4.4288000000000025,1,4,4,67.77000000000001,25,0,0.19117647058823528
DEC_3257,ACT_069,CHEMBL275726,Cc1cccc2nc(Nc3ccccc3I)oc(=O)c12,378.1690000000001,3.844620000000001,1,4,2,55.13,20,0,0.1917808219178082
DEC_3258,ACT_070,CHEMBL417627,CCCCCCCCN(C=O)[C@H]1CCC2C3CC[C@H]4N(C)C(=O)CC[C@]4(C)C3CC[C@@]21C,444.70400000000035,6.037300000000007,0,2,9,40.620000000000005,32,0,0.14130434782608695
DEC_3259,ACT_070,CHEMBL17206,CCCCCCCN(C=O)[C@H]1CCC2C3CC[C@H]4N(C)C(=O)CC[C@]4(C)C3CC[C@@]21C,430.6770000000003,5.647200000000006,0,2,8,40.620000000000005,31,0,0.14130434782608695
DEC_3260,ACT_070,CHEMBL26151,CCN(C/C=C/C#CC(C)(C)C)Cc1cccc(OCCN(C)S(=O)(=O)c2cccnc2)c1,469.6510000000002,4.208700000000004,0,5,11,62.74,33,0,0.14814814814814814
DEC_3261,ACT_070,CHEMBL26723,CCN(C/C=C/C#CC(C)(C)C)Cc1cccc(OCCCS(=O)(=O)c2cccs2)c1,459.6770000000002,5.418500000000006,0,5,11,46.61,31,0,0.15151515151515152
DEC_3262,ACT_070,CHEMBL15074,CC1=C(/C=C/C(C)=C/C=C/C(C)=C/C(=O)O)C(C)(C)CCC1OC(=O)CBr,437.37400000000014,5.519200000000005,1,3,7,63.6,27,0,0.15555555555555556
DEC_3263,ACT_070,CHEMBL33661,Cc1cc(C)n(CCCCC[S+]([O-])c2nc(-c3ccccc3)c(-c3ccccc3)[nH]2)n1,432.5930000000001,5.535140000000006,1,3,9,69.56,31,0,0.16129032258064516
DEC_3264,ACT_070,CHEMBL44181,C=CCO/N=C(\OC(=O)c1ccc(C(=O)C(C)(C)C)cc1)c1ccc(C(=O)C(C)(C)C)cc1,449.5470000000002,5.865400000000006,0,6,7,82.03,33,0,0.16216216216216217
DEC_3265,ACT_070,CHEMBL278490,CCCCCN(C(=O)CCC)[C@H]1CCC2C3CC[C@H]4N(C)C(=O)CC[C@]4(C)C3CC[C@@]21C,444.7040000000003,6.037300000000007,0,2,7,40.620000000000005,32,0,0.16304347826086957
DEC_3266,ACT_070,CHEMBL25112,Nc1ncc(Cc2ccc(OCCCOc3cc(Cl)c(Cl)cc3Cl)cc2)c(N)n1,453.75700000000006,5.039900000000003,2,6,8,96.28,29,0,0.1686746987951807
DEC_3267,ACT_070,CHEMBL11291,O=C(O)COc1cccc2c1CCCC2CCON=C(c1ccccc1)c1ccccc1,429.516,5.429200000000005,1,4,9,68.12,32,0,0.17045454545454544
DEC_3268,ACT_070,CHEMBL286392,CC(O)c1ccc(C(Cc2cc[n+]([O-])cc2)c2ccc(OC(F)F)c(OC(F)F)c2)cc1,451.41600000000005,4.950700000000004,1,4,9,65.63000000000001,32,0,0.17045454545454544
DEC_3269,ACT_070,CHEMBL39890,Fc1ccc(/C=C/CN2CCN(CCOC(c3ccccc3)c3ccc(F)cc3)CC2)cc1,448.55700000000013,5.401800000000006,0,3,9,15.71,33,0,0.17105263157894737
DEC_3270,ACT_070,CHEMBL276406,CCCCn1nc(C(F)(F)CCC)nc1Cc1ccc(-c2ccccc2-c2nn[nH]n2)cc1,451.52500000000003,5.408000000000006,1,5,10,85.17,33,0,0.1717171717171717
DEC_3271,ACT_070,CHEMBL11211,O=C(O)COc1cccc2c1CCCC2CCC(=O)NN(c1ccccc1)c1ccccc1,444.531,5.219600000000005,2,4,9,78.86999999999999,33,0,0.17204301075268819
DEC_3272,ACT_070,CHEMBL430154,O=C(O)COc1cccc2c1CCC(Cn1cc(C(c3ccccc3)c3ccccc3)cn1)=C2,450.53800000000007,5.556500000000005,1,3,8,64.35,34,0,0.1724137931034483
DEC_3273,ACT_070,CHEMBL24992,CC(C)c1cccc(C(C)C)c1OS(=O)(=O)NC(=O)O[C@@H]1C[C@H](C)CCC1C(C)C,439.6180000000002,5.744000000000006,1,5,7,81.7,30,0,0.17333333333333334
DEC_3274,ACT_070,CHEMBL38773,Fc1ccc(/C=C/CN2CCN(CCOC(c3ccccc3)c3ccccc3)CC2)cc1,430.5670000000001,5.262700000000005,0,3,9,15.71,32,0,0.17333333333333334
DEC_3275,ACT_070,CHEMBL275680,CCCCc1nc(C(C)c2ccc(-c3ccccc3-c3nn[nH]n3)cc2)n(CCCC)n1,429.5720000000002,5.419700000000005,1,5,10,85.17,32,0,0.17391304347826086
DEC_3276,ACT_070,CHEMBL18579,O=C(O)c1ccccc1Cn1nnc(-c2ccc(CSc3ccc4ccccc4n3)cc2)n1,453.5270000000001,4.927100000000004,1,6,7,93.78999999999999,33,0,0.17391304347826086
DEC_3277,ACT_070,CHEMBL273634,CCC#CC[C@H](C)[C@H](O)C#C[C@@H]1C2CC(c3ccc(F)cc3)(CO2)[C@H]1C/C=C/CCCC(=O)O,466.5930000000003,5.103500000000004,2,3,9,66.76,34,0,0.1744186046511628
DEC_3278,ACT_070,CHEMBL417608,CCCN(CCCCN1C(=O)CC2(CCCC2)CC1=O)CC1COc2cccc(OC)c2C1,456.62700000000024,4.447900000000004,0,5,10,59.08000000000001,33,0,0.17475728155339806
DEC_3279,ACT_070,CHEMBL284852,[O-][n+]1cc(C(Cc2ccncc2)c2ccc(Cl)cc2)cc(OC(F)F)c1OC(F)F,442.79600000000005,4.945800000000003,0,4,8,58.290000000000006,30,0,0.175
DEC_3280,ACT_070,CHEMBL281752,Cc1cc(C)n(CCCC2(C)COC(c3nc(-c4ccccc4)c(-c4ccccc4)[nH]3)OC2)n1,456.59000000000015,6.089140000000007,1,4,7,64.96000000000001,34,0,0.17525773195876287
DEC_3281,ACT_070,CHEMBL267813,O=C(O)CCC/C=C/C[C@H]1[C@H](COCc2ccccc2)C2CC1(C#Cc1ccccc1)CO2,444.57100000000025,5.477400000000006,1,3,10,55.760000000000005,33,0,0.17582417582417584
DEC_3282,ACT_070,CHEMBL10923,O=C(O)CCC/C=C/C[C@@H]1[C@@H](COCc2ccccc2)C2CC1(C#Cc1ccccc1)CO2,444.57100000000025,5.477400000000006,1,3,10,55.760000000000005,33,0,0.17582417582417584
DEC_3283,ACT_070,CHEMBL10470,O=C(O)COc1cccc2c1CCCC2CC/C=N/OC(c1ccccc1)c1ccccc1,443.54300000000006,6.142100000000006,1,4,10,68.12,33,0,0.17647058823529413
DEC_3284,ACT_070,CHEMBL26926,CCCN(CCCCCCN1C(=O)CC2(CCCC2)CC1=O)C1COc2cccc(OC)c2C1,470.6540000000003,4.9805000000000055,0,5,11,59.08000000000001,34,0,0.17647058823529413
DEC_3285,ACT_070,CHEMBL23006,Cc1cc(OCc2ccc(-c3ccccc3-c3nn[nH]n3)cc2)c(Cc2ccccc2)c(C)n1,447.54200000000014,5.715340000000005,1,5,7,76.58000000000001,34,0,0.17708333333333334
DEC_3286,ACT_070,CHEMBL35468,c1ccc(COC[C@H]2CCCCC23OOC2(CCCC[C@H]2COCc2ccccc2)OO3)cc1,468.5900000000002,6.103000000000007,0,6,8,55.38000000000001,34,0,0.17721518987341772
DEC_3287,ACT_070,CHEMBL276416,O=C(O)COc1cccc2c1CCC(CC1=NC(C(c3ccccc3)c3ccccc3)=NC1)C2,452.55400000000014,5.330200000000005,1,4,8,71.25,34,0,0.17777777777777778
DEC_3288,ACT_070,CHEMBL11010,O=C(O)COc1cccc2c1CCC(CC1C=NC(C(c3ccccc3)c3ccccc3)=N1)C2,452.55400000000014,5.328600000000005,1,4,8,71.25,34,0,0.17777777777777778
DEC_3289,ACT_070,CHEMBL13493,CCN(CC)C(=O)c1ccc(N(c2ccccc2)[C@H]2C[C@H]3CC[C@@H](C2)N3Cc2ccco2)cc1,457.61800000000034,6.095300000000007,0,4,8,39.93000000000001,34,0,0.17777777777777778
DEC_3290,ACT_070,CHEMBL428868,Clc1ccc2ccc(/C=C/c3ccc(OCc4ccccc4Cc4nnn[nH]4)cc3)nc2c1,453.9330000000001,5.741500000000005,1,5,7,76.58000000000001,33,0,0.17777777777777778
DEC_3291,ACT_070,CHEMBL289023,CC(C)(O)c1ccc(C(Cc2cc[n+]([O-])cc2)c2ccc(OC(F)F)c(OC(F)F)c2)cc1,465.44300000000004,5.124800000000004,1,4,9,65.63000000000001,33,0,0.17777777777777778
DEC_3292,ACT_070,CHEMBL280785,CN1CCN(CCCCC2(C)COC(c3nc(-c4ccccc4)c(-c4ccccc4)[nH]3)OC2)CC1,474.6490000000002,5.213100000000004,1,5,8,53.620000000000005,35,0,0.17857142857142858
DEC_3293,ACT_070,CHEMBL11563,C/C(CC1CCc2c(cccc2OCC(=O)O)C1)=N\OC(c1ccccc1)c1ccccn1,444.5310000000001,5.222100000000005,1,5,9,81.01,33,0,0.17894736842105263
DEC_3294,ACT_070,CHEMBL15929,CCN(C/C=C/C#CC(C)(C)C)Cc1cccc(OC[Si](C)(C)c2ccc(C#N)cc2)c1,444.69500000000016,5.519480000000006,0,3,9,36.26,32,0,0.17894736842105263
DEC_3295,ACT_070,CHEMBL40286,CCCCCc1nc2c(n1Cc1ccc(-c3ccccc3-c3nn[nH]n3)cc1)C(=O)CCCC2,454.57800000000026,5.420300000000005,1,5,8,89.35,34,0,0.17894736842105263
DEC_3296,ACT_070,CHEMBL290917,CCCCc1nc2c(n1Cc1ccc(-c3ccccc3-c3nn[nH]n3)cc1)CCCCC2=O,440.5510000000003,5.030200000000003,1,5,7,89.35,33,0,0.17894736842105263
DEC_3297,ACT_070,CHEMBL42200,CCCCC1=NC2(CCCC2)CC(=O)N1Cc1ccc(-c2ccccc2-c2nn[nH]n2)cc1,442.56700000000006,5.167500000000005,1,5,7,87.13000000000001,33,0,0.17894736842105263
DEC_3298,ACT_070,CHEMBL40415,Fc1ccc(C(OCCN2CCN(C/C=C/Cc3ccccc3)CC2)c2ccc(F)cc2)cc1,462.5840000000001,5.487300000000006,0,3,10,15.71,34,0,0.1791044776119403
DEC_3299,ACT_070,CHEMBL39967,COP(=O)(Nc1ccc(Nc2c3ccccc3nc3ccccc23)c(N(C)C)c1)OC,436.4520000000002,6.010400000000005,2,6,7,75.72,31,0,0.1797752808988764
DEC_3300,ACT_070,CHEMBL10742,O=C(O)COc1cccc2c1CCC(C/C=N/OC(c1ccccc1)c1ccccc1)C2,429.5160000000001,5.437000000000005,1,4,9,68.12,32,0,0.18072289156626506
DEC_3301,ACT_070,CHEMBL9829,CCSc1ccnc(C[S+]([O-])c2nc3ccccc3n2CSc2ccccc2)c1C,453.6580000000002,5.9093200000000055,0,5,8,53.77,30,0,0.18085106382978725
DEC_3302,ACT_070,CHEMBL287233,CC1(CCCCN2CCOCC2)COC(c2nc(-c3ccccc3)c(-c3ccccc3)[nH]2)OC1,461.60600000000017,5.297900000000005,1,5,8,59.61,34,0,0.18085106382978725
DEC_3303,ACT_070,CHEMBL40340,CCCCc1nc2c(n1Cc1ccc(-c3ccccc3-c3nn[nH]n3)cc1)C(=O)CCCC2,440.5510000000003,5.030200000000003,1,5,7,89.35,33,0,0.18085106382978725
DEC_3304,ACT_070,CHEMBL7623,O=C1c2ccc(OCc3cccnc3)cc2CCC1CCN1CCC(c2ccccc2)CC1,440.58700000000033,5.675400000000006,0,4,7,42.43,33,0,0.18181818181818182
DEC_3305,ACT_070,CHEMBL268051,C/C(C[C@H]1CCc2c(cccc2OCC(=O)O)C1)=N\OC(c1ccccc1)c1ccccc1,443.5430000000001,5.827100000000006,1,4,9,68.12,33,0,0.18181818181818182
DEC_3306,ACT_070,CHEMBL11088,C/C(CC1CCc2c(cccc2OCC(=O)O)C1)=N\OC(c1ccccc1)c1ccccc1,443.5430000000001,5.827100000000006,1,4,9,68.12,33,0,0.18181818181818182
DEC_3307,ACT_070,CHEMBL418338,C/C(C[C@@H]1CCc2c(cccc2OCC(=O)O)C1)=N\OC(c1ccccc1)c1ccccc1,443.5430000000001,5.827100000000006,1,4,9,68.12,33,0,0.18181818181818182
DEC_3308,ACT_071,CHEMBL20483,CCCn1c(=O)c2c(nc(-c3ccc(S(=O)(=O)O)cc3)n2C)n(CCC)c1=O,406.46400000000017,1.6303999999999998,1,5,6,116.19,28,0,0.1875
DEC_3309,ACT_071,CHEMBL429215,CC1(CN)CCN(c2c(F)cc3c(=O)c(C(=O)O)cn(C4CC4)c3c2F)C1,377.39100000000013,2.4879000000000007,2,4,4,88.56,27,0,0.18823529411764706
DEC_3310,ACT_071,CHEMBL29296,NCC1CN(c2c(F)cc3c(=O)c(C(=O)O)cn(C4CC4)c3c2F)CCCO1,393.39000000000027,1.8667999999999993,2,5,4,97.79,28,0,0.18867924528301888
DEC_3311,ACT_071,CHEMBL19412,CCNCC1(C)CN(c2c(F)cc3c(=O)c(C(=O)O)cn4c3c2OC[C@@H]4C)C1,389.42700000000013,2.2279999999999998,2,5,5,83.8,28,0,0.18888888888888888
DEC_3312,ACT_071,CHEMBL284218,NCC1CN(c2c(F)cc3c(=O)c(C(=O)O)cn(C4CC4)c3c2Cl)CCO1,395.8180000000002,1.9909999999999994,2,5,4,97.79,27,0,0.1896551724137931
DEC_3313,ACT_071,CHEMBL276102,CC1CN(c2c(F)c(O)c3c(=O)c(C(=O)O)cn(C4CC4)c3c2F)CCN1,379.36300000000017,1.8165,3,5,3,94.80000000000001,27,0,0.19090909090909092
DEC_3314,ACT_071,CHEMBL13008,O=C(O)COC1CCN(C(=O)N2CCC3(CCN(c4ccncc4)CC3)C2)CC1,402.4950000000002,2.059499999999999,1,5,4,86.21,29,0,0.19101123595505617
DEC_3315,ACT_071,CHEMBL18867,CC(C)c1ccc(C2=C(c3ccc(S(C)(=O)=O)cc3)C(C)(O)OC2=O)cc1,386.4690000000001,3.3896000000000015,1,5,4,80.67000000000002,27,0,0.1917808219178082
DEC_3316,ACT_071,CHEMBL277404,CN1CCN(c2c(F)c(F)c3c(=O)c(C(=O)O)cn(C4CC4)c3c2F)CC1,381.35400000000016,2.2037000000000004,1,4,3,65.78,27,0,0.19230769230769232
DEC_3317,ACT_071,CHEMBL12631,O=C(O)COC1CCN(C(=O)N2CCC3(CC2)CCN(c2ccncc2)C3)CC1,402.4950000000001,2.059499999999999,1,5,4,86.21,29,0,0.19318181818181818
DEC_3318,ACT_071,CHEMBL22390,CCCc1cc(N)cc(=O)n1Cc1ccc(-c2ccccc2-c2nn[nH]n2)cc1,386.45900000000006,3.2784000000000013,2,5,6,102.48,29,0,0.1935483870967742
DEC_3319,ACT_071,CHEMBL429064,Cc1ccc(S(=O)(=O)N(C)NP(=O)(c2ccccc2)c2ccccc2)cc1,400.44000000000005,3.049220000000002,1,3,6,66.48,27,0,0.1935483870967742
DEC_3320,ACT_071,CHEMBL15372,CCOc1c(N2CCNC(C)C2)c(F)cc2c(=O)c(C(=O)O)cn(C3CC3)c12,389.4270000000002,2.3705000000000007,2,5,5,83.80000000000001,28,0,0.19387755102040816
DEC_3321,ACT_071,CHEMBL269417,O=C1NC(=O)C(CC#Cc2ccccc2Cl)(S(=O)(=O)c2ccccc2)S1,405.8840000000001,3.2348000000000026,1,5,3,80.31,26,0,0.19402985074626866
DEC_3322,ACT_071,CHEMBL12054,Cc1ccc(S(=O)(=O)C2(CC#Cc3ccc(F)cc3)SC(=O)NC2=O)cc1,403.4560000000001,3.028920000000001,1,5,3,80.31,27,0,0.19444444444444445
DEC_3323,ACT_071,CHEMBL15151,CCn1cc(C(=O)O)c(=O)c2c(N)c(F)c(N3CC(C)NC(C)C3)c(F)c21,380.39500000000004,1.7666000000000004,3,5,3,100.59,27,0,0.19444444444444445
DEC_3324,ACT_071,CHEMBL16030,Cc1c(F)c(N2CCNC(C)C2)c(F)c2c1c(=O)c(C(=O)O)cn2C1CC1,377.39100000000013,2.41932,2,4,3,74.57,27,0,0.19480519480519481
DEC_3325,ACT_071,CHEMBL33807,CC(C)S(=O)(=O)NCCCn1c2c(c3ccccc31)C(=O)CN1CCCCC21,403.5480000000003,3.0825000000000014,1,4,6,71.41,28,0,0.19480519480519481
DEC_3326,ACT_071,CHEMBL15541,CCNCC1CCN(c2c(F)cc3c(=O)c(C(=O)O)cn4c3c2OCC4C)C1,389.42700000000013,2.2279999999999998,2,5,5,83.8,28,0,0.19491525423728814
DEC_3327,ACT_071,CHEMBL12877,O=C(O)COc1ccc(C(=O)N2CCC3(CC2)CCN(c2ccncc2)C3)cc1,395.45900000000006,2.6777000000000015,1,5,5,82.97,29,0,0.1951219512195122
DEC_3328,ACT_071,CHEMBL9516,c1cc(C2=NCCN2)ccc1CC1CCCN(c2ccc(C3=NCCN3)cc2)C1,387.5310000000001,2.845300000000001,2,5,5,52.02,29,0,0.19540229885057472
DEC_3329,ACT_071,CHEMBL15417,CC1CN(c2cc3c(cc2F)c(=O)c(C(=O)O)cn3C(C)(C)C)CC(C)N1,375.4440000000001,2.780400000000001,2,4,2,74.57,27,0,0.1956521739130435
DEC_3330,ACT_071,CHEMBL32,COc1c(N2C[C@@H]3CCCN[C@@H]3C2)c(F)cc2c(=O)c(C(=O)O)cn(C3CC3)c12,401.4380000000002,2.3705000000000007,2,5,4,83.80000000000001,29,0,0.1956521739130435
DEC_3331,ACT_071,CHEMBL31805,CC1(C)CN1P(=O)(NC(=O)OCc1ccc([N+](=O)[O-])cc1)N1CC1(C)C,382.35700000000014,3.1175000000000015,1,5,6,104.56,26,0,0.19696969696969696
DEC_3332,ACT_071,CHEMBL12087,O=C1NC(=O)C(CC#Cc2ccccc2)(S(=O)(=O)c2ccc(Cl)cc2)S1,405.8840000000001,3.2348000000000026,1,5,3,80.31,26,0,0.19718309859154928
DEC_3333,ACT_071,CHEMBL275470,O=C1NC(=O)C(CC#Cc2ccc(Cl)cc2)(S(=O)(=O)c2ccccc2)S1,405.8840000000001,3.2348000000000026,1,5,3,80.31,26,0,0.19718309859154928
DEC_3334,ACT_071,CHEMBL28527,NS(=O)(=O)c1ccc(-n2nc(C(F)(F)F)cc2-c2ccc(F)cc2)cc1,385.34200000000004,3.3446000000000016,1,3,3,77.98,26,0,0.19718309859154928
DEC_3335,ACT_071,CHEMBL29257,NS(=O)(=O)c1ccc(-c2cc(C(F)(F)F)nn2-c2ccc(F)cc2)cc1,385.342,3.3446000000000016,1,3,3,77.98000000000002,26,0,0.19718309859154928
DEC_3336,ACT_071,CHEMBL12878,O=C(O)CC1CCN(C(=O)N2CCC3(CC2)CCN(c2ccncc2)C3)CC1,386.4960000000001,2.680600000000001,1,4,3,76.98,28,0,0.19753086419753085
DEC_3337,ACT_071,CHEMBL418199,Cc1cc(-n2ncc(=O)[nH]c2=O)ccc1S(=O)(=O)c1ccc(Br)cc1,422.2600000000001,1.8245199999999997,1,5,3,101.88999999999999,25,0,0.19753086419753085
DEC_3338,ACT_071,CHEMBL16739,Cc1c(N2CC[C@H](N)C2)c(F)cn2c(=O)c(C(=O)O)cc(CC(C)(C)C)c12,375.4440000000002,2.5712200000000003,2,4,3,88.04,27,0,0.19767441860465115
DEC_3339,ACT_071,CHEMBL282390,NS(=O)(=O)c1ccc(-n2nc(C(F)(F)F)cc2-c2ccc(O)cc2)cc1,383.35100000000006,2.911100000000001,2,4,3,98.21000000000001,26,0,0.19767441860465115
DEC_3340,ACT_071,CHEMBL15089,CCCCN1CCN(c2cc3c(cc2F)c(=O)c(C(=O)O)cn3C2CC2)CC1,387.4550000000002,3.0958000000000014,1,4,6,65.78,28,0,0.19791666666666666
DEC_3341,ACT_071,CHEMBL7391,Cc1c(N2CC[C@@H]([C@H](C)N)C2)c(F)c(N)c2c(=O)c(C(=O)O)cn([C@@H]3C[C@@H]3F)c12,406.43300000000005,2.1858200000000005,3,5,4,114.57999999999998,29,0,0.19801980198019803
DEC_3342,ACT_071,CHEMBL15426,COc1c(N2CC(C)NC(C)C2)c(F)cc2c(=O)c(C(=O)O)cn(C3CC3)c12,389.42700000000013,2.3689,2,5,4,83.80000000000001,28,0,0.19801980198019803
DEC_3343,ACT_071,CHEMBL29175,CON=C1CCN(c2c(F)cc3c(=O)c(C(=O)O)cn(C4CC4)c3c2F)CC1,391.3740000000002,2.9154000000000018,1,5,4,84.13,28,0,0.19801980198019803
DEC_3344,ACT_071,CHEMBL279842,Cc1c(F)c(N2CCC(N)C2)c(Cl)c2c1c(=O)c(C(=O)O)cn2C1CC1,379.81900000000013,2.6729200000000013,2,4,3,88.56,26,0,0.1981981981981982
DEC_3345,ACT_071,CHEMBL15152,C/N=C(\NC#N)NCCSCn1nc(-c2ccc(Cl)cc2)ccc1=O,376.8730000000001,1.9004800000000002,2,5,6,95.1,25,0,0.2
DEC_3346,ACT_071,CHEMBL268276,Cc1ccc(S(=O)(=O)C2(CC#Cc3ccccc3)SC(=O)NC2=O)cc1,385.46600000000007,2.889820000000001,1,5,3,80.31,26,0,0.2
DEC_3347,ACT_071,CHEMBL276390,Cc1ccc(S(=O)(=O)C2(CC#Cc3ccc(Cl)cc3)SC(=O)NC2=O)cc1,419.91100000000006,3.5432200000000016,1,5,3,80.31,27,0,0.2
DEC_3348,ACT_071,CHEMBL412422,Cc1ccc(C#CCC2(S(=O)(=O)c3ccccc3)SC(=O)NC2=O)cc1,385.4660000000001,2.889820000000001,1,5,3,80.31,26,0,0.2
DEC_3349,ACT_071,CHEMBL276482,CC(CC(=O)O)N1CCC(C(=O)N2CCC3(CC2)CCN(c2ccncc2)C3)CC1,414.5500000000002,2.475699999999999,1,5,5,76.98,30,0,0.2
DEC_3350,ACT_071,CHEMBL13919,CCCc1c(O)n(Cc2ccc(F)cc2)c2nc3c(n2c1=O)C(=O)N(C)CN3C,399.4260000000002,1.8207999999999998,1,5,4,83.07999999999998,29,0,0.2
DEC_3351,ACT_071,CHEMBL15391,NCC1CCN(c2c(F)c(N)c3c(=O)c(C(=O)O)cn(C4CC4)c3c2F)C1,378.37900000000013,1.68,3,5,4,114.57999999999998,27,0,0.2
DEC_3352,ACT_071,CHEMBL276516,CC(C)CN1CCN(c2cc3c(cc2F)c(=O)c(C(=O)O)cn3C2CC2)CC1,387.4550000000002,2.9517000000000015,1,4,5,65.78,28,0,0.2
DEC_3353,ACT_071,CHEMBL279156,Nc1c(F)c(N2CCC(N)C2)c(Cl)c2c1c(=O)c(C(=O)O)cn2C1CC1,380.80700000000013,1.9467,3,5,3,114.57999999999998,26,0,0.2
DEC_3354,ACT_071,CHEMBL277768,O=C1c2[nH]c(Br)nc2N(Cc2ccc(Cl)cc2)C2=NCCN12,380.6330000000001,2.6576000000000013,1,4,2,64.59,22,0,0.2
DEC_3355,ACT_071,CHEMBL21928,COP(=O)([O-])Nc1ccc(Nc2c3ccccc3nc3ccccc23)cc1.[Na+],401.33800000000014,1.6622999999999994,2,5,5,86.31,28,0,0.2
DEC_3356,ACT_071,CHEMBL283562,CCN1C(=O)c2[nH]c(Cc3ccccc3)nc2N2C[C@@H](Cc3ccccc3)N=C12,385.4710000000001,3.2635000000000023,1,4,5,64.59,29,0,0.2
DEC_3357,ACT_071,CHEMBL24562,O=C(O)COC1CCN(C(=O)N2CCC3(CC2)CCN(c2ccncc2)CC3)CC1,416.52200000000016,2.4495999999999993,1,5,4,86.21,30,0,0.2
DEC_3358,ACT_072,CHEMBL284019,O=C(O)CCC/C=C\CC1=CCC[C@@H]1NS(=O)(=O)c1cccc2cccnc12,400.50000000000017,3.8031000000000024,2,4,9,96.36,28,0,0.17721518987341772
DEC_3359,ACT_072,CHEMBL422752,O=C(O)CCCCCCCNC(=O)c1cc(I)ccc1O,405.232,3.151800000000002,3,3,9,86.63000000000001,21,0,0.1774193548387097
DEC_3360,ACT_072,CHEMBL28619,O=C1N(Cc2ccccc2)C2CS[C@@H](CCCCCO)C2N1Cc1ccccc1,410.58300000000014,4.529700000000004,1,3,9,43.78000000000001,29,0,0.1791044776119403
DEC_3361,ACT_072,CHEMBL18339,c1ccc2nc(COc3ccc(COc4ccc(-c5nn[nH]n5)cc4)cc3)ccc2c1,409.449,4.572900000000003,1,6,7,85.81,31,0,0.18072289156626506
DEC_3362,ACT_072,CHEMBL26910,C=CC(C)(C)c1c(OCOCCOC)cc2oc(-c3ccccc3)cc(=O)c2c1O,410.46600000000007,4.628500000000004,1,6,9,78.13,30,0,0.1827956989247312
DEC_3363,ACT_072,CHEMBL275453,CN1CCC23c4c5ccc(O)c4OC2[C@H]2OC[C@@]2(CCCCCc2ccccc2)CC3C1C5,445.6030000000003,4.859400000000004,1,4,6,41.93000000000001,33,0,0.1827956989247312
DEC_3364,ACT_072,CHEMBL279746,CCOC(=O)/C(=N\O)c1ccc(Sc2cc(F)cc(C3CCOCC3)c2)cc1,403.47500000000025,4.612300000000004,1,6,6,68.12,28,0,0.1836734693877551
DEC_3365,ACT_072,CHEMBL21967,CCN(Cc1ccccc1)Cc1ccc(-c2cc(S(=O)(=O)CC)ccc2OC)[nH]1,412.5550000000001,4.506000000000003,1,4,9,62.4,29,0,0.1839080459770115
DEC_3366,ACT_072,CHEMBL23656,CCCc1cc(SC)cc(=O)n1Cc1ccc(-c2ccccc2-c2nn[nH]n2)cc1,417.53800000000007,4.418100000000003,1,5,7,76.46000000000001,30,0,0.18446601941747573
DEC_3367,ACT_072,CHEMBL282797,CCN(CC)CCn1nc2c3c(c(NCCC(=O)O)ccc31)C(=O)c1ccccc1-2,406.4860000000001,3.4761000000000015,2,5,9,87.46000000000001,30,0,0.18518518518518517
DEC_3368,ACT_072,CHEMBL290614,CCCC1=NC2(CCCCC2)C(=O)N1Cc1ccc(-c2ccccc2-c2nn[nH]n2)cc1,428.5400000000001,4.777400000000004,1,5,6,87.13000000000001,32,0,0.18604651162790697
DEC_3369,ACT_072,CHEMBL8804,CC(C)=CC[C@@H](OC(=O)Cc1ccccc1)C1=CC(=O)c2c(O)ccc(O)c2C1=O,406.4340000000002,3.9140000000000037,2,6,6,100.9,30,0,0.1875
DEC_3370,ACT_072,CHEMBL35679,Cc1cccc(Cc2nc(SC3CCCCC3)nc(N/N=C(/N)S)c2C)c1,401.6050000000001,4.6804400000000035,3,5,6,76.19,27,0,0.1875
DEC_3371,ACT_072,CHEMBL17961,O=S(=O)(NCCc1cccc(OCc2ccc3ccccc3n2)c1)C(F)(F)F,410.41700000000003,3.7955000000000023,1,4,7,68.29,28,0,0.18823529411764706
DEC_3372,ACT_072,CHEMBL276136,c1cc(COc2ccc(-c3nn[nH]n3)cc2)cc(OCc2ccc3ccccc3n2)c1,409.4490000000001,4.572900000000003,1,6,7,85.81,31,0,0.18823529411764706
DEC_3373,ACT_072,CHEMBL281569,CN1CCN(Cc2ccc(-c3cc(NCCN4CCCC4)c4ccccc4n3)cc2)CC1,429.6120000000002,4.156900000000004,1,5,7,34.64,32,0,0.18823529411764706
DEC_3374,ACT_072,CHEMBL283653,CCCN(CCCCN1C(=O)c2ccccc2C1=O)C1COc2cccc(O)c2C1,408.4980000000002,3.4841000000000024,1,5,8,70.08000000000001,30,0,0.18888888888888888
DEC_3375,ACT_072,CHEMBL535,CCN(CC)CCNC(=O)c1c(C)[nH]c(/C=C2\C(=O)Nc3ccc(F)cc32)c1C,398.48200000000014,3.3349400000000013,3,3,7,77.23,29,0,0.189873417721519
DEC_3376,ACT_072,CHEMBL278480,O=c1nc(/N=C/N(c2ccccc2)c2ccccc2)ccn1C1CSC(CO)O1,408.4830000000002,3.321800000000002,1,6,6,79.95,29,0,0.19
DEC_3377,ACT_072,CHEMBL26837,CCCn1c(=O)c2nc(/C=C/c3cc(OC)c(OC)cc3OC)[nH]c2n(CCC)c1=O,428.48900000000026,2.9025000000000007,1,6,9,100.37,31,0,0.19101123595505617
DEC_3378,ACT_072,CHEMBL283770,COCc1c(OCc2ccc(-c3ccccc3-c3nn[nH]n3)cc2)cc(C)nc1C,401.4700000000001,4.270940000000003,1,6,7,85.81,30,0,0.19148936170212766
DEC_3379,ACT_072,CHEMBL282250,CCCC(=O)N(Cc1c(C)cc(Cl)cc1Cl)c1c(NC(C)(C)CC)c(=O)c1=O,425.3560000000003,4.8316200000000045,1,4,8,66.48,28,0,0.1927710843373494
DEC_3380,ACT_072,CHEMBL430537,OC1CCCCC1CN1CCN(CCOC(c2ccccc2)c2ccccc2)CC1,408.5860000000001,3.961300000000003,1,4,8,35.94,30,0,0.1927710843373494
DEC_3381,ACT_072,CHEMBL12292,C=CCOC(=O)C1C2C(=O)CC(c3ccc(O)cc32)C1C(=O)OCC[Si](C)(C)C,416.5460000000002,3.3888000000000025,1,6,7,89.90000000000002,29,0,0.1935483870967742
DEC_3382,ACT_072,CHEMBL26832,COCCOCOc1cc(O)c2c(=O)cc(-c3ccccc3)oc2c1CC=C(C)C,410.4660000000002,4.673600000000004,1,6,9,78.13000000000001,30,0,0.1935483870967742
DEC_3383,ACT_072,CHEMBL281556,CCCCCCCCCOc1ccc2c3c1OC1C(O)C=CC4C(C2)N(C)CCC341,411.5860000000002,4.621900000000004,1,4,9,41.93,30,0,0.1935483870967742
DEC_3384,ACT_072,CHEMBL416523,COc1cccc2c1CC(CNCCCCN1C(=O)CC3(CCCC3)CC1=O)CO2,414.54600000000033,3.3255000000000017,1,5,8,67.87,30,0,0.19387755102040816
DEC_3385,ACT_072,CHEMBL20212,O=C(O)CCC/C=C\C[C@H]1[C@H](F)CC[C@@H]1NS(=O)(=O)c1ccccc1[N+](=O)[O-],414.45500000000015,3.1910000000000016,2,5,10,126.61000000000001,28,0,0.19480519480519481
DEC_3386,ACT_072,CHEMBL21296,O=C1N(CC2CC2)[C@@H](Cc2ccccc2)C(O)[C@H](Cc2ccccc2)N1CC1CC1,404.55400000000026,4.127500000000004,1,2,8,43.78000000000001,30,0,0.19480519480519481
DEC_3387,ACT_072,CHEMBL21352,CN(C)CCNc1cc(-c2ccc(CN3CCN(C)CC3)cc2)nc2ccccc12,403.5740000000001,3.622700000000002,1,5,7,34.64,30,0,0.1951219512195122
DEC_3388,ACT_072,CHEMBL280609,CCN(CC)CCn1nc2c3c(c(CNC=O)ccc31)Sc1ccc(OC)cc1-2,410.5430000000002,3.7643000000000013,1,5,9,59.39,29,0,0.1956521739130435
DEC_3389,ACT_072,CHEMBL285137,C/C(=N\OCC(=O)O)c1ccc(Sc2cc(F)cc(C3CCOCC3)c2)cc1,403.47500000000025,4.696100000000004,1,5,7,68.12,28,0,0.1958762886597938
DEC_3390,ACT_072,CHEMBL13828,O=c1[nH]c2ccccc2n1CCCN1CCN(C(c2ccccc2)c2ccccc2)CC1,426.5640000000001,4.126900000000004,1,3,7,44.27,32,0,0.19718309859154928
DEC_3391,ACT_072,CHEMBL22607,CC(C)c1cccc(C(C)C)c1OS(=O)(=O)NC(=O)Oc1c(F)cccc1F,413.44200000000006,4.623800000000004,1,5,6,81.7,28,0,0.19718309859154928
DEC_3392,ACT_072,CHEMBL279513,CC(C)c1cccc(C(C)C)c1OC(=O)NS(=O)(=O)Oc1c(F)cccc1F,413.44200000000006,4.623800000000004,1,5,6,81.7,28,0,0.19718309859154928
DEC_3393,ACT_072,CHEMBL280451,COc1ccccc1C(OCC(O)CN1C(C)CCCC1C)c1ccccc1OC,413.55800000000016,4.433600000000004,1,5,9,51.16,30,0,0.19736842105263158
DEC_3394,ACT_072,CHEMBL34956,CCc1cc(C(C)=O)c(O)cc1OCc1cccc(C(=O)N(CC)CCC(=O)O)n1,414.45800000000025,3.0680000000000014,2,6,10,117.03,30,0,0.19767441860465115
DEC_3395,ACT_072,CHEMBL431887,CCCCc1nn(CC)c(C(=O)O)c1Cc1ccc(-c2ccccc2-c2nn[nH]n2)cc1,430.5120000000001,4.381700000000003,2,5,9,109.58,32,0,0.19767441860465115
DEC_3396,ACT_072,CHEMBL282330,CCOc1ccc(CNc2nc(C#CC(C)(O)CC)nc3c2ncn3C(C)C)cc1,407.5180000000001,3.930500000000003,2,6,7,85.09,30,0,0.1978021978021978
DEC_3397,ACT_072,CHEMBL24860,CS(=O)(=O)c1ccc(Cc2cc3c(cc2O)CC(CCc2ccccc2)O3)cc1,408.5190000000001,4.3228000000000035,1,4,6,63.60000000000001,29,0,0.1978021978021978
DEC_3398,ACT_072,CHEMBL27140,CCCn1c(=O)c2nc(/C=C/c3ccc(OC)c(OC)c3OC)[nH]c2n(CCC)c1=O,428.48900000000026,2.9025000000000007,1,6,9,100.37,31,0,0.1978021978021978
DEC_3399,ACT_072,CHEMBL27542,CCN(CC)CCn1nc2c3c(c(CNC(=O)OC)ccc31)Sc1ccccc1-2,410.5430000000001,4.365700000000003,1,5,7,59.39,29,0,0.19791666666666666
DEC_3400,ACT_072,CHEMBL12209,CCCOC(=O)C1C2C(=O)CC(c3ccc(O)cc32)C1C(=O)OCC[Si](C)(C)C,418.56200000000024,3.6128000000000027,1,6,7,89.90000000000002,29,0,0.2
DEC_3401,ACT_072,CHEMBL279958,COc1cc2c(c(OC)c1OC)-c1ccc(SC)c(=O)cc1[C@@H](NC=O)CC2,401.4840000000002,3.1948000000000016,1,6,6,73.86000000000001,28,0,0.2
DEC_3402,ACT_072,CHEMBL268553,CN1CCN(c2ccc(-c3cc(NCCN4CCCC4)c4ccccc4n3)cc2)CC1,415.58500000000015,4.161300000000003,1,5,6,34.64,31,0,0.2
DEC_3403,ACT_072,CHEMBL31118,CN(C)CCOc1cc2c(Nc3cccc(Br)c3)c(C#N)cnc2cn1,412.2910000000001,3.947980000000002,1,6,6,74.07,26,0,0.2
DEC_3404,ACT_072,CHEMBL36215,O=C(O)c1ccc(C(=O)OC[C@@H]2[C@H](Cc3ccccc3)C(=O)N2C(=O)c2ccccc2)cc1,443.45500000000015,3.4517000000000024,1,5,7,100.97999999999999,33,0,0.2
DEC_3405,ACT_072,CHEMBL38717,N#Cc1ccc(-c2ccc(OCC(CN3C(=O)c4ccccc4C3=O)N(O)C=O)cc2)cc1,441.4430000000001,3.116480000000001,1,6,8,110.94,33,0,0.2
DEC_3406,ACT_072,CHEMBL282911,CCCc1cc(OC)cc(=O)n1Cc1ccc(-c2ccccc2-c2nn[nH]n2)cc1,401.47,3.7048000000000023,1,5,7,85.69000000000001,30,0,0.20202020202020202
DEC_3407,ACT_072,CHEMBL22446,CCCCc1nc(C)cc(=O)n1Cc1ccc(-c2ccccc2-c2nn[nH]n2)cc1,400.48600000000005,3.7897200000000018,1,5,7,89.35000000000001,30,0,0.20212765957446807
DEC_3408,ACT_073,CHEMBL31607,O=C(/C=C/c1ccc(O)c(O)c1)O[C@H]1CCCC[C@@H]1OC(=O)/C=C/c1ccc(O)c(O)c1,440.4480000000001,3.633200000000003,4,8,6,133.52,32,0,0.18840579710144928
DEC_3409,ACT_073,CHEMBL266267,CCC(C)Nc1nc2ccc(Cl)cc2c2nc(-c3ccco3)nn12.CS(=O)(=O)O,437.90900000000016,3.905300000000003,2,7,4,122.61999999999999,29,0,0.19387755102040816
DEC_3410,ACT_073,CHEMBL36164,OCCN(CCO)Cc1c[nH]c2cc3ncnc(Nc4cccc(Br)c4)c3cc12,456.3440000000001,3.4038000000000004,4,6,8,97.3,29,0,0.19753086419753085
DEC_3411,ACT_073,CHEMBL422047,C/C(=N\OCC(O)CO)c1ccc(S(=O)(=O)c2cccc(C3CCOCC3)c2)cc1,433.5260000000003,2.507200000000001,2,7,8,105.42,30,0,0.19767441860465115
DEC_3412,ACT_073,CHEMBL267910,O=C1[C@@H](NS(=O)(=O)c2ccc(-c3ccccn3)s2)CCN1CCNc1ccncc1,443.55400000000026,2.1963999999999997,2,7,8,104.28999999999999,30,0,0.19801980198019803
DEC_3413,ACT_073,CHEMBL418017,Cc1cccc(CNC(=O)Cn2c(Cl)cnc(NCC(F)(F)c3cccc[n+]3[O-])c2=O)c1,463.8720000000001,2.3588200000000006,2,5,8,102.96000000000001,32,0,0.20192307692307693
DEC_3414,ACT_073,CHEMBL21943,Nc1nc2c(cnn2CCc2ccccc2)c2nc(-c3ccc(OCC(=O)O)cc3)nn12,429.44000000000017,2.4292999999999996,2,7,7,133.45000000000002,32,0,0.20224719101123595
DEC_3415,ACT_073,CHEMBL17437,CC(C)NCc1ccc([C@H]2C[C@H](SC3=C(C(=O)O)N4C(=O)[C@H]([C@@H](C)O)[C@H]4[C@H]3C)CN2)cc1,459.61200000000014,2.4745,4,6,8,101.9,32,0,0.20238095238095238
DEC_3416,ACT_073,CHEMBL12742,C=CCOC(=O)NC1C2C(=O)CC(c3ccc(O)cc32)C1C(=O)OCC[Si](C)(C)C,431.56100000000026,3.324200000000002,2,6,7,101.92999999999999,30,0,0.20408163265306123
DEC_3417,ACT_073,CHEMBL285796,Cc1ccccc1CNC(=O)Cn1c(Cl)cnc(NCC(F)(F)c2cccc[n+]2[O-])c1=O,463.8720000000002,2.3588199999999997,2,5,8,102.96000000000001,32,0,0.20430107526881722
DEC_3418,ACT_073,CHEMBL6313,COc1cc2nc(N3CCN(/C(S)=N/c4ccc(N=[N+]=[N-])cc4)CC3)nc(N)c2cc1OC,465.5430000000003,3.9105000000000025,2,8,5,137.85999999999999,33,0,0.20454545454545456
DEC_3419,ACT_073,CHEMBL17632,CS(=O)(=O)NC[C@H]1CC[C@H](Nc2nc(Nc3ccccc3)c3ccccc3n2)CC1,425.55800000000016,3.8933000000000018,3,6,7,96.01,30,0,0.20512820512820512
DEC_3420,ACT_073,CHEMBL266960,COc1ccc(CNc2nnc(N3CCC(O)CC3)c3ccc(C#N)cc23)cc1Cl,423.9040000000001,3.7366800000000024,2,7,5,94.30000000000001,30,0,0.20618556701030927
DEC_3421,ACT_073,CHEMBL24630,CC(=N)N1CCC(Oc2ccc(NC/C=C/c3cccc(C(=N)N)c3)cc2[N+](=O)[O-])CC1,436.51600000000025,3.844540000000002,4,6,8,141.36,32,0,0.20652173913043478
DEC_3422,ACT_073,CHEMBL8112,O=C1[C@@H](NS(=O)(=O)c2cc3nc(Cl)ccc3s2)CCN1CCNc1ccncc1,451.96100000000024,2.3360000000000003,2,7,7,104.28999999999999,29,0,0.20689655172413793
DEC_3423,ACT_073,CHEMBL266132,O=C1[C@@H](NS(=O)(=O)c2cc3c(Cl)nccc3s2)CCN1CCNc1ccncc1,451.96100000000024,2.3360000000000003,2,7,7,104.28999999999999,29,0,0.20689655172413793
DEC_3424,ACT_073,CHEMBL8861,O=C1[C@@H](NS(=O)(=O)c2cc3ccnc(Cl)c3s2)CCN1CCNc1ccncc1,451.96100000000024,2.3360000000000003,2,7,7,104.28999999999999,29,0,0.20689655172413793
DEC_3425,ACT_073,CHEMBL29656,O=C(Cn1c(Cl)cnc(NCC(F)(F)c2ccccn2)c1=O)NCc1ccccc1F,451.8360000000001,2.951100000000001,2,5,8,88.91,31,0,0.20689655172413793
DEC_3426,ACT_073,CHEMBL43861,Cc1nc2c(n1Cc1ccc(-c3ccccc3-c3nn[nH]n3)cc1)C(O)(CC(=O)O)CCCC2,458.5220000000003,3.475620000000002,3,6,6,129.81,34,0,0.20689655172413793
DEC_3427,ACT_073,CHEMBL40145,NC1CCC(CNC(=O)[C@@H]2CCCN2C(=O)[C@@H](N)C(C2CCCCC2)C2CCCCC2)CC1,460.7070000000005,3.715200000000002,3,4,7,101.45,33,0,0.2073170731707317
DEC_3428,ACT_073,CHEMBL289395,NC1CCC(CNC(=O)[C@@H]2CCCN2C(=O)[C@H](N)C(C2CCCCC2)C2CCCCC2)CC1,460.7070000000005,3.715200000000002,3,4,7,101.45,33,0,0.2073170731707317
DEC_3429,ACT_073,CHEMBL8046,O=C1[C@@H](NS(=O)(=O)c2cc3nc(Cl)ccc3s2)CCN1Cc1cc2[nH]cccc-2n1,461.95600000000024,2.857000000000001,2,6,5,108.05,30,0,0.20754716981132076
DEC_3430,ACT_073,CHEMBL29758,CNC(=O)[C@@H](NC(=O)[C@H](CC(C)C)[C@@H](C(=O)NO)C1CCC(C(C)(C)C)CC1)C(C)(C)C,453.66800000000035,3.899700000000001,4,4,8,107.53000000000002,32,0,0.2077922077922078
DEC_3431,ACT_073,CHEMBL274013,O=C(Nc1ccc(Cn2cnc3ncnc-3c2O)cc1)c1ccc(S(=O)(=O)F)cc1,427.41700000000014,2.4423000000000004,2,7,5,127.07,30,0,0.20833333333333334
DEC_3432,ACT_073,CHEMBL7868,CCn1ncc2c(NCc3ccc(OC)c(Cl)c3)c(C(=O)NCc3ccncc3)cnc21,450.9300000000002,4.050300000000003,2,6,8,93.96,32,0,0.20833333333333334
DEC_3433,ACT_073,CHEMBL20884,O=C(O)Cc1nn(Cc2nc3cc(C(F)(F)F)c(O)cc3s2)c(=O)c2ccccc12,435.38300000000015,3.4060000000000006,2,6,4,105.31,30,0,0.2087912087912088
DEC_3434,ACT_073,CHEMBL266554,O=C1[C@@H](NS(=O)(=O)c2cc3ccc(Cl)nc3s2)CCN1CCNc1ccncc1,451.96100000000024,2.3360000000000003,2,7,7,104.28999999999999,29,0,0.20930232558139536
DEC_3435,ACT_073,CHEMBL38796,CCOC(=O)COc1ccc(C(=O)c2ccc(O)c(CNC(C)=O)c2)c(Cl)c1Cl,440.2790000000002,3.508000000000002,2,6,8,101.93,29,0,0.20930232558139536
DEC_3436,ACT_073,CHEMBL31276,CN(C)C/C=C/C(=O)Nc1cc2c(Nc3cccc(Br)c3)c(C#N)cnc2cn1,451.3280000000001,4.063880000000002,2,6,6,93.94,29,0,0.20987654320987653
DEC_3437,ACT_073,CHEMBL276025,CNC(=O)c1cccc2c(Nc3ccc(NS(C)(=O)=O)cc3OC)c3ccccc3nc12,450.52000000000027,3.8713000000000024,3,6,6,109.42000000000002,32,0,0.21052631578947367
DEC_3438,ACT_073,CHEMBL268100,C#CCN(Cc1ccc2nc(C)nc(O)c2c1)c1ccc(C(=O)NCc2cccc(C#N)c2)cc1,461.52500000000015,4.085300000000003,2,6,7,102.13999999999999,35,0,0.2111111111111111
DEC_3439,ACT_073,CHEMBL30054,O=C(Cn1c(Cl)cnc(NCC(F)(F)c2ccccn2)c1=O)NCc1ncccc1F,452.8240000000001,2.3461,2,6,8,101.8,31,0,0.21153846153846154
DEC_3440,ACT_073,CHEMBL8501,Cc1c(C(=O)NCCC(=O)O)s/c(=N\C(=O)c2ccc(C(=N)N)cc2)n1Cc1ccccc1,465.53500000000014,2.1359899999999987,4,5,8,150.63000000000002,33,0,0.21176470588235294
DEC_3441,ACT_073,CHEMBL418708,Cc1cc(Cl)cc(NS(=O)(=O)c2ccc(-n3ncc(=O)[nH]c3=O)cc2Cl)c1,427.2690000000001,2.3368199999999995,2,5,4,113.91999999999999,27,0,0.2125
DEC_3442,ACT_073,CHEMBL29332,CSc1sc(C(=N)N)cc1-c1nc(-c2ccc(NS(C)(=O)=O)cc2)cs1,424.5980000000001,3.9160700000000013,3,7,6,108.93,26,0,0.2125
DEC_3443,ACT_073,CHEMBL441518,CN(C)C/C=C/C(=O)Nc1cnc2ncc(C#N)c(Nc3cccc(Br)c3)c2c1,451.32800000000003,4.063880000000002,2,6,6,93.94,29,0,0.2125
DEC_3444,ACT_073,CHEMBL274203,CC1=C(C(=O)OC(c2ccccc2)c2ccccc2)N2C(=O)[C@@H](NC3=NCCN3)C2SC1,448.54800000000023,2.4257,2,7,5,83.03,32,0,0.2127659574468085
DEC_3445,ACT_073,CHEMBL277146,COc1ccc2c(c1)c(CC(=O)OCC(O)CO)c(C)n2C(=O)c1ccc(Cl)cc1,431.87200000000007,2.7391200000000007,2,6,7,97.99000000000001,30,0,0.2127659574468085
DEC_3446,ACT_073,CHEMBL417526,COc1cc(NS(C)(=O)=O)ccc1Nc1c2ccccc2nc2c(C(N)=O)cccc12,436.4930000000002,3.6106000000000016,3,6,6,123.41,31,0,0.2127659574468085
DEC_3447,ACT_073,CHEMBL9086,COc1ccccc1-c1ccc(C[C@H](CC(=O)NO)C(=O)N[C@H]2c3ccccc3C[C@H]2O)cc1,460.53000000000014,3.190900000000001,4,5,8,107.89,34,0,0.21359223300970873
DEC_3448,ACT_073,CHEMBL429014,Cc1nccn1N[C@@H]1c2cc(S(=O)(=O)N3CCCCC3)ccc2OC(C)(C)[C@H]1O,420.53500000000025,2.18282,2,6,4,96.69000000000001,29,0,0.21428571428571427
DEC_3449,ACT_073,CHEMBL11183,Cc1nccn1N[C@H]1c2cc(S(=O)(=O)N3CCCCC3)ccc2OC(C)(C)[C@@H]1O,420.53500000000025,2.18282,2,6,4,96.69000000000001,29,0,0.21428571428571427
DEC_3450,ACT_073,CHEMBL38113,O=C(O)C(CCCCn1cnc2c1NC=NCC2O)Cc1cccc(Br)c1,435.3220000000001,3.2466000000000017,3,5,8,99.74,27,0,0.21428571428571427
DEC_3451,ACT_073,CHEMBL7032,COc1ccc2c(c1O)-c1cc(O)cc3c1C(C2)N(C(=O)CN(CCCl)CCCl)CC3,465.3770000000003,3.534900000000002,2,5,7,73.24,31,0,0.21495327102803738
DEC_3452,ACT_073,CHEMBL290865,COC(=O)c1ccc(C(O)c2cccc(/C(C#N)=C(\N)Sc3ccccc3N)c2)cc1,431.5170000000001,4.080280000000001,3,7,6,122.35999999999999,31,0,0.21505376344086022
DEC_3453,ACT_073,CHEMBL418222,CN1CCN(C(=O)NCc2cc(Nc3ccnc4cc(Cl)ccc34)ccc2O)CC1,425.92000000000013,3.794400000000002,3,5,4,80.73,30,0,0.21518987341772153
DEC_3454,ACT_073,CHEMBL273480,O=C(NCc1ccccc1)c1cccn1-c1cc2nc(O)c(O)nc2cc1C(F)(F)F,428.3700000000001,3.7805000000000017,3,5,4,100.27000000000001,31,0,0.21518987341772153
DEC_3455,ACT_073,CHEMBL276065,CC1=NN(C(=O)Nc2cccc([N+](=O)[O-])c2)C(C)=NN1C(=O)Nc1cccc([N+](=O)[O-])c1,440.37600000000015,3.551400000000002,2,8,4,175.67999999999998,32,0,0.21518987341772153
DEC_3456,ACT_073,CHEMBL9817,CCCc1c(C(=O)NCCCO)cnn1-c1nc(-c2cccc(C(F)(F)F)c2)cs1,438.475,4.079300000000003,2,5,8,80.04,30,0,0.2159090909090909
DEC_3457,ACT_073,CHEMBL416032,CC(NC(=O)OC(C)(C)C)C(=O)N1CCN(CCNc2ccnc3cc(Cl)ccc23)CC1,461.9940000000001,3.3575000000000017,2,6,6,86.8,32,0,0.2159090909090909
DEC_3458,ACT_074,CHEMBL415964,CCC[C@@H]1C[C@H](NCC)c2cc(S(N)(=O)=O)sc2S1(=O)=O,352.50300000000004,1.3922,2,6,5,106.32999999999998,21,0,0.13924050632911392
DEC_3459,ACT_074,CHEMBL273599,CCC[C@H]1C[C@H](NCC)c2cc(S(N)(=O)=O)sc2S1(=O)=O,352.50300000000004,1.3922,2,6,5,106.32999999999998,21,0,0.13924050632911392
DEC_3460,ACT_074,CHEMBL277000,O=C(O)c1ccc2oc3ccc(S(=O)(=O)CCO)cc3c(=O)c2c1,348.33200000000005,1.4103999999999999,2,6,4,121.88,24,0,0.14942528735632185
DEC_3461,ACT_074,CHEMBL29957,CCn1cc(C(=O)O)c(=O)c2cc([N+](=O)[O-])c(N3CCNCC3)cc21,346.34300000000013,1.0373999999999999,2,6,4,117.71,25,0,0.15053763440860216
DEC_3462,ACT_074,CHEMBL417070,CC(C)(C)CC(C)(C)NS(=O)(=O)c1ccc(-n2ncc(=O)[nH]c2=O)cc1,380.4700000000001,1.4139,2,5,5,113.91999999999999,26,0,0.15384615384615385
DEC_3463,ACT_074,CHEMBL11027,CCn1c(=O)c2nc(-c3ccc(S(N)(=O)=O)cc3)[nH]c2n(CC)c1=O,363.3990000000001,0.24049999999999888,2,5,4,132.83999999999997,25,0,0.15714285714285714
DEC_3464,ACT_074,CHEMBL23684,NS(=O)(=O)c1ccc(NS(=O)(=O)c2ccc([N+](=O)[O-])cc2)cc1,357.3690000000001,1.0430000000000001,2,6,5,149.47,23,0,0.15789473684210525
DEC_3465,ACT_074,CHEMBL286004,NS(=O)(=O)c1nnc(NC(=O)CCCCC(F)(F)C(F)(F)F)s1,382.33599999999996,1.8819999999999997,2,6,7,115.04000000000002,23,0,0.15789473684210525
DEC_3466,ACT_074,CHEMBL278615,O=C(O)Cc1cccc2c1Cc1c-2nc(O)c2nc(CP(=O)(O)O)cn12,375.27700000000004,1.3109,4,5,4,145.25,26,0,0.15841584158415842
DEC_3467,ACT_074,CHEMBL10288,C(CN1CCC(C2=NCCN2)CC1)CN1CCC(C2=NCCN2)CC1,346.52300000000014,0.8039000000000023,2,6,6,55.26,25,0,0.15942028985507245
DEC_3468,ACT_074,CHEMBL19309,CCN(C(=O)N1C[C@@H](C(=O)O)[C@@H](N)[C@@H]1CNC(=O)C(F)(F)F)C(C)C,368.35600000000005,0.22750000000000203,3,4,5,115.97,25,0,0.16
DEC_3469,ACT_074,CHEMBL17894,NC1C(OCc2ccccc2)OC(CO)C(OCc2ccccc2)C1N,358.43800000000005,1.160399999999999,3,6,7,99.96000000000001,26,0,0.16129032258064516
DEC_3470,ACT_074,CHEMBL22290,C#CCN(CC1CCc2nc(N)nc(O)c2C1)c1ccc(C(=O)O)cc1,352.39400000000006,1.7073000000000003,3,6,5,112.57000000000001,26,0,0.16161616161616163
DEC_3471,ACT_074,CHEMBL281633,CCCn1c(=O)[nH]c(=O)c2[nH]c(-c3ccc(S(=O)(=O)O)cc3)nc21,350.35600000000005,0.7365999999999999,3,5,4,137.91,24,0,0.1686746987951807
DEC_3472,ACT_074,CHEMBL31024,CSC(CNC(=O)N(CCCl)N=O)n1cc(F)c(=O)[nH]c1=O,353.7630000000001,0.46909999999999996,2,6,7,116.63,22,0,0.1686746987951807
DEC_3473,ACT_074,CHEMBL31810,CC1=C(C(=O)O)N2C(=O)C(NC(=O)CCON=C3CCCCC3)C2SC1,381.45400000000024,1.4717,2,6,6,108.30000000000001,26,0,0.17045454545454544
DEC_3474,ACT_074,CHEMBL288140,CC(C)C(=NOCC(O)CNC(C)(C)C)C(C)C.O=C(O)C(=O)O,348.44000000000005,1.5756000000000008,4,6,7,128.45,24,0,0.17142857142857143
DEC_3475,ACT_074,CHEMBL287346,Cc1cn(C2CC(N=[N+]=[N-])C(COP(=O)(O)C(F)F)O2)c(=O)[nH]c1=O,381.232,1.23602,2,6,6,159.38,25,0,0.17142857142857143
DEC_3476,ACT_074,CHEMBL24726,O=C(NC(CO)C(O)c1ccc([N+](=O)[O-])cc1)C(Cl)(Cl)Cl,357.577,1.4754999999999998,3,5,5,112.70000000000002,21,0,0.171875
DEC_3477,ACT_074,CHEMBL18540,C=CC1=C(C(=O)O)N2C(=O)[C@@H](NC(=O)[C@H](N)c3ccc(O)cc3)[C@H]2SC1,375.40600000000006,0.3166000000000004,4,6,5,132.96,26,0,0.1724137931034483
DEC_3478,ACT_074,CHEMBL32296,CC1=C(C(=O)O)N2C(=O)C(NC(=O)CCON=C3CCCC3)C2SC1,367.4270000000002,1.0816000000000001,2,6,6,108.30000000000001,25,0,0.1724137931034483
DEC_3479,ACT_074,CHEMBL281030,O=C(O)CCc1cn2c3c(nc(O)c2n1)-c1cccc(CC(=O)O)c1C3,353.3340000000002,1.6503999999999999,3,5,5,125.02,26,0,0.1728395061728395
DEC_3480,ACT_074,CHEMBL11141,CCn1c(=O)c2nc(-c3ccc(S(=O)(=O)O)cc3)[nH]c2n(CC)c1=O,364.38300000000015,0.8397999999999999,2,5,4,127.05000000000001,25,0,0.17391304347826086
DEC_3481,ACT_074,CHEMBL22401,CC(=O)N[C@@H](C)C(=O)N1CCC[C@H]1C(=O)NC(C(=O)C(F)(F)F)C(C)C,379.379,0.7741999999999996,2,4,6,95.58000000000001,26,0,0.175
DEC_3482,ACT_074,CHEMBL12614,CC1(C)C=C(n2ccccc2=O)c2cc(S(=O)(=O)NCCO)ccc2O1,376.43400000000014,1.1791,2,5,5,97.63000000000001,26,0,0.17857142857142858
DEC_3483,ACT_074,CHEMBL15529,CC1(C)C=C(C(=O)NCC(O)CNC(=O)c2cccs2)C(C)(C)N1,351.4720000000001,1.0418,4,5,6,90.46000000000001,24,0,0.1794871794871795
DEC_3484,ACT_074,CHEMBL16724,C=CCn1c(=O)c2nc(-c3ccc(OCC(=O)O)cc3)[nH]c2n(CC=C)c1=O,382.37600000000015,1.3886999999999998,2,5,8,119.21000000000001,28,0,0.1794871794871795
DEC_3485,ACT_074,CHEMBL428826,C=CCOc1ccc(/C=C(\C)C(=O)N[C@@H]2[C@H](O)CCC[C@@H]2O)cc1O,347.4110000000001,1.7507999999999995,4,5,6,99.02000000000001,25,0,0.1797752808988764
DEC_3486,ACT_074,CHEMBL416163,C/N=C(\NC#N)NCCSCCn1nc(-c2ccccc2)ccc1=O,356.45500000000004,1.2895799999999997,2,5,7,95.1,25,0,0.18072289156626506
DEC_3487,ACT_074,CHEMBL277547,CC/N=C(\NC#N)NCCSCn1nc(-c2ccccc2)ccc1=O,356.45500000000004,1.63718,2,5,7,95.1,25,0,0.18072289156626506
DEC_3488,ACT_074,CHEMBL15545,C/N=C(\NC#N)NCCSCn1nc(-c2ccc(C)cc2)ccc1=O,356.4550000000001,1.5555,2,5,6,95.1,25,0,0.18072289156626506
DEC_3489,ACT_074,CHEMBL29572,NCC1CN(c2c(F)cc3c(=O)c(C(=O)O)cn(C4CC4)c3c2F)CCO1,379.3630000000002,1.4766999999999995,2,5,4,97.79,27,0,0.1826086956521739
DEC_3490,ACT_074,CHEMBL273934,CC1=C(C(=O)OC(C)C)C(c2cccc([N+](=O)[O-])c2)N(C(N)=O)C(=O)N1,362.3420000000001,1.9653999999999998,2,6,4,144.86999999999998,26,0,0.18604651162790697
DEC_3491,ACT_074,CHEMBL11154,CCn1c(=O)c2nc(-c3cccc(S(=O)(=O)O)c3)[nH]c2n(CC)c1=O,364.38300000000015,0.8397999999999999,2,5,4,127.05000000000001,25,0,0.1891891891891892
DEC_3492,ACT_074,CHEMBL266157,NS(=O)(=O)c1ccc(CNSC(=S)N2CCOCC2)cc1,347.4870000000002,0.6888999999999998,2,6,4,84.66,21,0,0.189873417721519
DEC_3493,ACT_074,CHEMBL22491,CC1CCC(/C=N/c2ccc([N+](=O)[O-])cc2)=C2NC=C(C(=O)O)C(=O)N21,356.33800000000014,2.0912999999999995,2,6,4,125.14,26,0,0.189873417721519
DEC_3494,ACT_074,CHEMBL14109,CN1CN(C)c2nc3n(Cc4ccccc4)c(O)c(CCO)c(=O)n3c2C1=O,383.40800000000024,0.2639999999999996,2,6,4,103.31,28,0,0.189873417721519
DEC_3495,ACT_074,CHEMBL264318,CCn1cc(C(=O)O)c(=O)c2cc(SC)c(N3CCNCC3)cc21,347.44000000000017,1.8511,2,5,4,74.57000000000001,24,0,0.19047619047619047
DEC_3496,ACT_074,CHEMBL281396,CCNS(=O)(=O)c1ccc2c(c1)C[C@H]1[C@H](CNC(C)=O)OC(=O)N21,353.40000000000015,0.3707999999999992,2,5,5,104.81000000000002,24,0,0.19101123595505617
DEC_3497,ACT_074,CHEMBL282030,O=C(O)CCC(=O)NC1c2ccccc2-c2nc(O)c3nc(C(=O)O)cn3c21,382.33200000000016,1.1838999999999997,4,6,5,154.11999999999998,28,0,0.19101123595505617
DEC_3498,ACT_074,CHEMBL8565,CCCn1c(=O)[nH]c2nc(-c3ccc(S(=O)(=O)O)cc3)[nH]c2c1=O,350.35600000000005,0.7365999999999997,3,5,4,137.91,24,0,0.1917808219178082
DEC_3499,ACT_074,CHEMBL8541,Cc1nc(N(C)C(=O)c2ccc(C(=N)N)cc2)sc1CCC(=O)O,346.41200000000015,2.02939,3,5,6,120.37000000000002,24,0,0.19318181818181818
DEC_3500,ACT_074,CHEMBL23567,CN(CCO)S(=O)(=O)c1ccc2oc3ccc(C(=O)O)cc3c(=O)c2c1,377.37400000000014,1.2571999999999999,2,6,5,125.12,26,0,0.19318181818181818
DEC_3501,ACT_074,CHEMBL13975,NS(=O)(=O)c1ccc(CCNSC(=S)N2CCOCC2)cc1,361.5140000000002,0.7314,2,6,5,84.66,22,0,0.19402985074626866
DEC_3502,ACT_074,CHEMBL283577,CC1CCC(/C=N/c2ccccc2C(=O)O)=C2NC=C(C(=O)O)C(=O)N21,355.35000000000014,1.8812999999999998,3,5,4,119.3,26,0,0.19480519480519481
DEC_3503,ACT_074,CHEMBL23029,CC1CC(/C=N/c2ccccc2C(=O)O)=C2NC=C(C(=O)O)C(=O)N2C1,355.35000000000014,1.7388000000000001,3,5,4,119.3,26,0,0.19480519480519481
DEC_3504,ACT_074,CHEMBL29597,CCn1cc(C(=O)O)c(=O)c2cc(F)c(N3CCN(CCO)CC3)cc21,363.3890000000001,0.9729999999999999,2,5,5,86.01,26,0,0.1951219512195122
DEC_3505,ACT_074,CHEMBL416055,COc1cc2c(c(OC)c1OC)C(C)=NCC2.O=C(O)/C=C/C(=O)O,351.355,1.7893000000000001,2,6,5,114.64999999999999,25,0,0.19540229885057472
DEC_3506,ACT_074,CHEMBL280510,CC1(C)C=C(C(=O)NCCCNC(=O)Cc2cccs2)C(C)(C)N1,349.50000000000006,1.9998999999999998,3,4,7,70.23,24,0,0.19540229885057472
DEC_3507,ACT_074,CHEMBL12492,CNn1cc(C(=O)O)c(=O)c2cc(F)c(N3CCN(C(C)C)CC3)cc21,362.4050000000001,1.5424999999999998,2,5,4,77.81,26,0,0.1956521739130435
DEC_3508,ACT_075,CHEMBL6465,Nc1nc(N)c2nc(Sc3cc(Cl)c(Cl)cc3Cl)cnc2n1,373.6560000000001,3.6955999999999998,2,7,2,103.6,22,0,0.11904761904761904
DEC_3509,ACT_075,CHEMBL6929,Nc1nc(S)c2cc(S(=O)(=O)c3ccc4ccccc4c3)ccc2n1,367.45500000000004,3.4867000000000017,2,6,2,85.94,25,0,0.14285714285714285
DEC_3510,ACT_075,CHEMBL536,CC12CCC(=O)C=C1CCC1C2C(=O)CC2(C)C1CC[C@]2(O)C(=O)CO,360.45000000000016,1.9898000000000002,2,5,2,91.67,26,0,0.17073170731707318
DEC_3511,ACT_075,CHEMBL281962,Nc1nc(N)c2c3c(oc2n1)CN(Cc1c(Cl)cccc1Cl)CC3,364.2360000000001,3.2523000000000017,2,6,2,94.19999999999999,24,0,0.17142857142857143
DEC_3512,ACT_075,CHEMBL278738,CC1(O)OC(=O)C(c2ccc(O)cc2)=C1c1ccc(S(C)(=O)=O)cc1,360.38700000000006,1.9718,2,6,3,100.9,25,0,0.1724137931034483
DEC_3513,ACT_075,CHEMBL24520,CCn1cc(C(=O)O)c(=O)c2c(N3CCOCC3)c(F)c(F)c(F)c21,356.29999999999995,1.9735,1,4,3,71.77000000000001,25,0,0.17894736842105263
DEC_3514,ACT_075,CHEMBL31199,Cc1csc2c(C(=O)O)c(=O)c3cc(F)c(N4CCNCC4)cc3n12,361.39800000000014,2.0695200000000002,2,5,2,74.05,25,0,0.1797752808988764
DEC_3515,ACT_075,CHEMBL25679,CCn1cc(C(=O)O)c(=O)c2c(F)c(F)c(N3CCOCC3)c(F)c21,356.3000000000001,1.9735000000000003,1,4,3,71.77000000000001,25,0,0.18181818181818182
DEC_3516,ACT_075,CHEMBL268445,CCOC(=O)c1cc2c3cc(-n4cnnc4)c(Cl)cc3nc(O)n2n1,358.7450000000001,1.9988999999999995,1,7,3,107.43,25,0,0.18478260869565216
DEC_3517,ACT_075,CHEMBL417461,CC1(C)N=C(N)N=C(N)N1c1cccc(COc2cccc(Cl)c2)c1,357.845,3.1045000000000016,2,6,4,89.22999999999999,25,0,0.18518518518518517
DEC_3518,ACT_075,CHEMBL283403,CC(C)S(=O)(=O)n1c(N)nc2ccc(/C(=N/O)c3ccccc3)cc21,358.42300000000006,2.4314,2,6,4,110.57000000000001,25,0,0.18518518518518517
DEC_3519,ACT_075,CHEMBL287579,Nc1nc(N)c2c3c(oc2n1)CN(Cc1ccc(Cl)cc1Cl)CC3,364.2360000000001,3.2523000000000026,2,6,2,94.19999999999999,24,0,0.18518518518518517
DEC_3520,ACT_075,CHEMBL21339,CCC1=CCc2c(O)c3c(c(O)c2[C@H]1C(=O)OC)C(=O)c1cccc(O)c1C3=O,394.37900000000013,2.727900000000002,3,7,2,121.13000000000002,29,0,0.18556701030927836
DEC_3521,ACT_075,CHEMBL26141,CC(C)(C)n1cc(C(=O)O)c(=O)c2cc(F)c(N3CC4CC3CN4)cc21,359.4010000000001,2.1443000000000003,2,4,2,74.57000000000001,26,0,0.18681318681318682
DEC_3522,ACT_075,CHEMBL7748,Nc1nc2ccc(OCc3ccccc3)cc2c2nc(-c3ccco3)nn12,357.3730000000001,3.6987000000000023,1,6,4,91.47,27,0,0.18823529411764706
DEC_3523,ACT_075,CHEMBL279608,CC(C)(C)c1cc(-c2nsc(NS(C)(=O)=O)n2)cc(C(C)(C)C)c1O,383.53900000000016,3.8772000000000024,2,6,3,92.18,25,0,0.18823529411764706
DEC_3524,ACT_075,CHEMBL274948,COc1cc2c(c(OC)c1OC)OC[C@H]1[C@H](CO)Cc3cc4c(cc3[C@@H]21)OCO4,400.4270000000002,2.7462000000000018,1,7,4,75.61000000000001,29,0,0.18823529411764706
DEC_3525,ACT_075,CHEMBL18321,COc1cc([C@]23OC[C@H](Cc4cc5c(cc42)OCO5)[C@@H]3CO)cc(OC)c1OC,400.4270000000002,2.4957000000000003,1,7,5,75.61000000000001,29,0,0.18823529411764706
DEC_3526,ACT_075,CHEMBL276560,COc1cc([C@]23OC[C@H](Cc4cc5c(cc42)OCO5)[C@H]3CO)cc(OC)c1OC,400.4270000000002,2.4957000000000003,1,7,5,75.61000000000001,29,0,0.18823529411764706
DEC_3527,ACT_075,CHEMBL281407,O=C(O)Cc1nn(CSc2nc3ccccc3s2)c(=O)c2ccccc12,383.4540000000001,3.3831000000000024,1,6,5,85.07999999999998,26,0,0.18823529411764706
DEC_3528,ACT_075,CHEMBL280148,CN(C)CCNc1cc(-c2ccc(N3CCN(C)CC3)cc2)nc2ccccc12,389.54700000000014,3.627100000000002,1,5,6,34.64,29,0,0.18888888888888888
DEC_3529,ACT_075,CHEMBL16001,Cc1c(F)c(N2CCNCC2)c(F)c2c1c(=O)c(C(=O)O)cn2C1CC1,363.3640000000001,2.03082,2,4,3,74.57,26,0,0.1891891891891892
DEC_3530,ACT_075,CHEMBL281006,Nc1cc2c(Nc3ccc4c(cnn4Cc4ccccc4)c3)ncnc2cn1,367.41600000000005,3.7486000000000015,2,6,4,94.53999999999999,28,0,0.1891891891891892
DEC_3531,ACT_075,CHEMBL15613,CC1CN(c2c(F)cc3c(=O)c(C(=O)O)cn(C4CC4)c3c2F)CCN1,363.36400000000015,2.1109,2,4,3,74.57,26,0,0.18947368421052632
DEC_3532,ACT_075,CHEMBL22837,Cc1cc(OCc2ccc(-c3ccccc3-c3nn[nH]n3)cc2)c(C=O)c(C)n1,385.4270000000001,3.9370400000000023,1,6,6,93.65,29,0,0.18947368421052632
DEC_3533,ACT_075,CHEMBL11006,COc1cc(CC(C)NCC#N)c(OC)cc1I,360.19499999999994,2.3525800000000006,1,4,6,54.28,18,0,0.189873417721519
DEC_3534,ACT_075,CHEMBL441017,O=C(O)C1CCN(C(=O)N2CCC3(CC2)CCN(c2ccncc2)C3)CC1,372.4690000000001,2.2904999999999998,1,4,2,76.98,27,0,0.189873417721519
DEC_3535,ACT_075,CHEMBL28886,CC1(C)Oc2cc([N+](=O)[O-])sc2[C@@H](N2Cc3ccccc3C2=O)[C@@H]1O,360.3910000000001,2.8853000000000013,1,6,2,92.91000000000001,25,0,0.189873417721519
DEC_3536,ACT_075,CHEMBL428508,Cc1ccc(Sc2cncc3sc(C(=O)NCC(O)CO)cc23)cc1,374.48700000000014,2.8389200000000008,3,6,6,82.45,25,0,0.19047619047619047
DEC_3537,ACT_075,CHEMBL279039,CCS(=O)(=O)c1ccc(OC)c(-c2ccc(CN3CCCCCC3)[nH]2)c1,376.5220000000002,3.8599000000000023,1,4,6,62.400000000000006,26,0,0.19047619047619047
DEC_3538,ACT_075,CHEMBL21118,CCS(=O)(=O)c1ccc(OC)c(-c2ccc(CN3CCCCC3)[nH]2)c1,362.4950000000002,3.469800000000002,1,4,6,62.400000000000006,25,0,0.19047619047619047
DEC_3539,ACT_075,CHEMBL282838,NS(=O)(=O)c1ccc(-n2nc(CO)cc2-c2ccc(Cl)cc2)cc1,363.826,2.3324000000000007,2,4,4,98.21000000000001,24,0,0.19047619047619047
DEC_3540,ACT_075,CHEMBL262701,CN1C(C(=O)Nc2nc3ccccc3s2)=C(O)c2ccccc2S1(=O)=O,387.4420000000001,2.7957,2,6,2,99.6,26,0,0.19148936170212766
DEC_3541,ACT_075,CHEMBL7206,COc1ccc2c(c1O)-c1cccc3c1C(C2)N(CCOCCCl)CC3,373.8800000000002,3.778500000000003,1,4,6,41.93000000000001,26,0,0.19230769230769232
DEC_3542,ACT_075,CHEMBL9337,CC1(C)C(=O)N(c2ccc(C#N)c(C(F)(F)F)c2)C(=O)N1CCCCO,369.3430000000002,2.896780000000002,1,4,5,84.64,26,0,0.19230769230769232
DEC_3543,ACT_075,CHEMBL11392,CCOC(=O)N(c1ccccc1)C1c2cc(C#N)ccc2OC(C)(C)C1O,366.41700000000014,3.7943800000000025,1,5,3,82.79,27,0,0.19230769230769232
DEC_3544,ACT_075,CHEMBL14990,CCOc1c(N2CCC(C)C2)c(F)cc2c(=O)c(C(=O)O)cn(C3CC3)c12,374.41200000000015,3.4186000000000014,1,4,5,71.77000000000001,27,0,0.19230769230769232
DEC_3545,ACT_075,CHEMBL273354,Oc1ccc2c(c1)OC[C@@H](N1CCC(O)(Cc3ccccc3)CC1)[C@H]2O,355.4340000000001,2.2562,3,5,3,73.16000000000001,26,0,0.19230769230769232
DEC_3546,ACT_075,CHEMBL16250,CCn1cc(C(=O)O)c(=O)c2c(C)c(F)c(N3CC(C)NC(C)C3)cc21,361.41700000000003,2.35372,2,4,3,74.57000000000001,26,0,0.1926605504587156
DEC_3547,ACT_075,CHEMBL6264,Cc1ccc(Sc2cncc3sc(/C=N/OCC(N)=O)cc23)cc1,357.46000000000015,3.5917200000000022,1,6,6,77.57,24,0,0.1927710843373494
DEC_3548,ACT_075,CHEMBL280827,Cc1cccc2c1CCCC2N1CCC2(CC1)C(=O)NCN2c1ccccc1,375.516,3.8009200000000023,1,3,2,35.580000000000005,28,0,0.1927710843373494
DEC_3549,ACT_075,CHEMBL274691,CCOC(=O)C(=O)Nc1nc(-c2ccc3oc(C)c(C)c(=O)c3c2)cs1,372.4020000000001,3.0349400000000015,1,7,3,98.5,26,0,0.19318181818181818
DEC_3550,ACT_075,CHEMBL26868,CN1CC=C(c2c[nH]c3ccc(N4C(=O)c5ccccc5C4=O)cc23)CC1,357.4130000000002,3.687400000000002,1,3,2,56.410000000000004,27,0,0.19318181818181818
DEC_3551,ACT_075,CHEMBL9091,COc1cc(OC)cc([C@@H]2c3cc4c(cc3N[C@@H]3COC(=O)N23)OCCO4)c1,384.3880000000002,2.7682,1,7,3,78.49000000000001,28,0,0.19318181818181818
DEC_3552,ACT_075,CHEMBL266137,COc1cc(OC)cc([C@@H]2c3cc4c(cc3N[C@H]3COC(=O)N23)OCCO4)c1,384.3880000000002,2.7682,1,7,3,78.49000000000001,28,0,0.19318181818181818
DEC_3553,ACT_075,CHEMBL13552,CC(C)N1C(S)=NC(c2cccc([N+](=O)[O-])c2)c2cc3c(cc21)OCO3,371.41800000000023,3.927100000000003,1,6,3,77.2,26,0,0.1935483870967742
DEC_3554,ACT_075,CHEMBL278036,O=C(O)c1cn(C2CC2)c2c(Cl)c(N3CCNCC3)c(F)cc2c1=O,365.79200000000014,2.2367,2,4,3,74.57,25,0,0.1935483870967742
DEC_3555,ACT_075,CHEMBL26023,CC(C)(C)n1cc(C(=O)O)c(=O)c2cc(F)c(N3CC4CCC3CN4)cc21,373.42800000000017,2.5344000000000007,2,4,2,74.57000000000001,27,0,0.1935483870967742
DEC_3556,ACT_075,CHEMBL29548,CCCCCCOc1ccc2c3c1OC1C(O)C=CC4C(C2)N(C)CCC341,369.50500000000017,3.4516000000000018,1,4,6,41.93,27,0,0.1935483870967742
DEC_3557,ACT_075,CHEMBL20507,Cc1ccc(S(=O)(=O)Nc2cccc(-c3nccc4nc(N)nn34)c2)cc1,380.4330000000001,2.4827200000000005,2,6,4,115.27,27,0,0.1935483870967742
DEC_3558,ACT_076,CHEMBL417692,C=C[C@@]1(C)CC[C@](C)(C(C)C)c2cc3c4c(c[nH]c4c21)C[C@@H](CO)NC(=O)[C@H](C(C)C)N3C,451.6550000000002,4.813100000000004,3,3,4,68.36,33,0,0.1523809523809524
DEC_3559,ACT_076,CHEMBL9858,OC[C@@]1(CCCc2ccccc2)CC2C3Cc4ccc(O)c5c4C2(CCN3CC2CCC2)C(O5)[C@@H]1O,489.6560000000004,4.203900000000004,3,5,7,73.16000000000001,36,0,0.16161616161616163
DEC_3560,ACT_076,CHEMBL275354,O=S1(=O)c2cccc3cccc(c23)N1CCN1CCC(Cc2c[nH]c3cccc(F)c23)CC1,463.57800000000026,4.923600000000005,1,3,5,56.410000000000004,33,0,0.17045454545454544
DEC_3561,ACT_076,CHEMBL6436,C#CCN(Cc1cc2c(O)nc(C)nc2cc1C)c1ccc(C(=O)N[C@@H](C(=O)O)C(C)(C)C)c(F)c1,492.5510000000002,3.9602400000000024,3,6,7,115.64999999999999,36,0,0.17346938775510204
DEC_3562,ACT_076,CHEMBL7084,C/C(=C\Cn1oc(=O)[nH]c1=O)c1cccc(COc2cc(C(F)(F)F)cc(C(F)(F)F)c2)c1,474.357,4.849700000000003,1,4,6,77.23,33,0,0.17525773195876287
DEC_3563,ACT_076,CHEMBL33811,Cc1cc(NCc2ccc(-c3ccccc3-c3nn[nH]n3)cc2)c(I)c(C)n1,482.32900000000006,4.762240000000003,2,5,5,79.38000000000001,28,0,0.17582417582417584
DEC_3564,ACT_076,CHEMBL266576,CNc1ncc(C#CC[C@H](NS(=O)(=O)c2ccc3ccccc3c2)C(=O)N(C)C2CCCC2)cn1,491.61700000000036,3.161200000000002,2,6,7,104.28999999999999,35,0,0.17647058823529413
DEC_3565,ACT_076,CHEMBL276450,Oc1ccc2c3c1OC1[C@H]4OC[C@@]4(CCc4ccccc4)CC4C(C2)N(CC2CCC2)CCC341,457.6140000000004,4.859400000000004,1,4,5,41.93,34,0,0.17708333333333334
DEC_3566,ACT_076,CHEMBL26864,CCNC(=O)Cc1c(C)nc(O)c2c1ccc1nc(Nc3c(Cl)cccc3Cl)n(C)c12,458.3490000000001,4.864520000000002,3,5,5,92.07,31,0,0.1797752808988764
DEC_3567,ACT_076,CHEMBL22391,Cc1cc(OCc2ccc(-c3ccccc3-c3nn[nH]n3)cc2)c(I)c(C)n1,483.31300000000005,4.729140000000003,1,5,5,76.58000000000001,28,0,0.1827956989247312
DEC_3568,ACT_076,CHEMBL41962,CN1CCN(CC#CCCC2(C3(O)c4ccccc4Oc4ccccc43)SCCCS2)CC1,480.6990000000003,4.625600000000004,1,6,4,35.94,33,0,0.18292682926829268
DEC_3569,ACT_076,CHEMBL46628,CCCc1nc2c(n1Cc1ccc(-c3ccccc3-c3nn[nH]n3)cc1)CCCC/C2=C\C(=O)O,468.5610000000003,4.925400000000003,2,5,7,109.58,35,0,0.18446601941747573
DEC_3570,ACT_076,CHEMBL273447,COc1ccc2c3c1OC1[C@H](O)[C@](CO)(CCc4ccccc4)CC4C(C2)N(CC2CCC2)CCC341,489.65600000000035,4.116800000000004,2,5,7,62.160000000000004,36,0,0.18556701030927836
DEC_3571,ACT_076,CHEMBL16672,CCCc1ccc2c(c1)CC=C(c1ccccc1)C(N1CCN(CC)CC1)=N2.O=C(O)/C=C/C(=O)O,489.6160000000003,4.658100000000005,2,5,6,93.44000000000001,36,0,0.18627450980392157
DEC_3572,ACT_076,CHEMBL42995,CCCc1nc2c(n1Cc1ccc(-c3ccccc3-c3nn[nH]n3)cc1)/C(=C/C(=O)O)CCCC2,468.5610000000003,4.925400000000003,2,5,7,109.58,35,0,0.18627450980392157
DEC_3573,ACT_076,CHEMBL268917,O=C1[C@@H](NS(=O)(=O)c2ccc(-c3ccc(Cl)s3)s2)CCN1Cc1cc2c[nH]ccc-2n1,493.03500000000025,4.037300000000002,2,6,6,95.16000000000001,31,0,0.18681318681318682
DEC_3574,ACT_076,CHEMBL266533,O=C1[C@@H](NS(=O)(=O)c2ccc(-c3ccc(Cl)s3)s2)CCN1Cc1cc2[nH]cccc-2n1,493.03500000000025,4.037300000000002,2,6,6,95.16000000000001,31,0,0.18691588785046728
DEC_3575,ACT_076,CHEMBL7251,C/C(=C\Cn1oc(=O)[nH]c1=O)c1cccc(OCc2cc(C(F)(F)F)cc(C(F)(F)F)c2)c1,474.357,4.849700000000003,1,4,6,77.23,33,0,0.1875
DEC_3576,ACT_076,CHEMBL24159,Cn1cncc1C(O)(C#Cc1ccc(C#N)cc1)c1ccc(C#N)c(-c2cccc3cccnc23)c1,465.5160000000002,4.666260000000004,1,5,3,98.52,36,0,0.18811881188118812
DEC_3577,ACT_076,CHEMBL7587,CNc1ccc(C#CC[C@H](NS(=O)(=O)c2ccc3c(c2)CCCC3)C(=O)N(C)C2CCCC2)cc1,493.6730000000005,4.0968000000000035,2,4,7,78.50999999999999,35,0,0.18811881188118812
DEC_3578,ACT_076,CHEMBL264095,C#CCN(Cc1cc2c(O)nc(C)nc2cc1C)c1ccc(C(=O)NCc2cccc(C#N)c2)c(F)c1,493.5420000000002,4.532820000000004,2,6,7,102.13999999999999,37,0,0.18947368421052632
DEC_3579,ACT_076,CHEMBL18940,O=C(O)c1ccccc1Cn1nnc(-c2cccc(CSc3ccc4ccccc4n3)c2)n1,453.52700000000016,4.927100000000004,1,6,7,93.78999999999999,33,0,0.19230769230769232
DEC_3580,ACT_076,CHEMBL19115,O=C(O)c1cccc(Cn2nnnc2-c2cccc(CSc3ccc4ccccc4n3)c2)c1,453.52700000000016,4.927100000000004,1,6,7,93.78999999999999,33,0,0.19230769230769232
DEC_3581,ACT_076,CHEMBL268178,O=C1[C@@H](NS(=O)(=O)c2ccc(-c3ccc(Cl)s3)s2)CCN1Cc1cc2cc[nH]cc-2n1,493.03500000000025,4.037300000000002,2,6,6,95.16000000000001,31,0,0.1926605504587156
DEC_3582,ACT_076,CHEMBL267241,Cc1oc(-c2ccc(C(F)(F)F)cc2)nc1COc1ccc2c(c1)C=C/C2=C\Cn1oc(=O)[nH]c1=O,497.42900000000026,4.801220000000004,1,6,6,103.25999999999999,36,0,0.1935483870967742
DEC_3583,ACT_076,CHEMBL7343,C/C(=C\Cn1oc(=O)[nH]c1=O)c1ccccc1OCc1nc(-c2ccc(C(F)(F)F)cc2)oc1C,487.4340000000002,4.7943200000000035,1,6,7,103.26,35,0,0.1941747572815534
DEC_3584,ACT_076,CHEMBL16511,CCCC(c1cccc(NS(=O)(=O)c2cn(C)cn2)c1)c1c(O)c2c(oc1=O)CCCCCC2,485.6060000000004,4.4707000000000034,2,6,7,114.43,34,0,0.1941747572815534
DEC_3585,ACT_076,CHEMBL11757,O=S(=O)(Nc1nc2nc(-c3ccccc3)cc(-c3ccccc3)n2n1)c1ccc(Cl)cc1,461.9340000000001,4.912500000000002,1,5,5,89.25,32,0,0.19540229885057472
DEC_3586,ACT_076,CHEMBL14805,CC(C)(C)OC(=O)c1ncn2c1CN(C(=O)N1CCCC1)c1cc(Cl)ccc1-2.CCCC(=O)O,490.9880000000004,4.887900000000005,1,5,3,104.97000000000001,34,0,0.1958762886597938
DEC_3587,ACT_076,CHEMBL26068,COc1cccc(-c2cc(Cl)ccc2C#CC(O)(c2ccc(C#N)cc2)c2cncn2C)c1,453.92900000000014,4.9083800000000055,1,4,4,71.07,33,0,0.1958762886597938
DEC_3588,ACT_076,CHEMBL11995,O=C1NC(=O)C(CC#Cc2ccc(C(F)(F)F)cc2)(S(=O)(=O)c2ccc(Cl)cc2)S1,473.8810000000001,4.253600000000002,1,5,3,80.31,30,0,0.19736842105263158
DEC_3589,ACT_076,CHEMBL18750,O=C(O)c1cccc(Cn2nnc(-c3cccc(CSc4ccc5ccccc5n4)c3)n2)c1,453.5270000000001,4.927100000000004,1,6,7,93.78999999999999,33,0,0.19736842105263158
DEC_3590,ACT_076,CHEMBL266574,Cc1oc(-c2ccc(C(F)(F)F)cc2)nc1COc1cccc(C#CC(C)n2oc(=O)[nH]c2=O)c1,485.41800000000023,4.303520000000004,1,6,5,103.25999999999999,35,0,0.1978021978021978
DEC_3591,ACT_076,CHEMBL416914,O=C1c2ccccc2C(=O)N1CCCCn1c(C2CCNCC2)nc2cc(Cl)c(Cl)cc21,471.3880000000002,4.886500000000004,1,4,6,67.23,32,0,0.19791666666666666
DEC_3592,ACT_076,CHEMBL11742,O=C1NC(=O)C(CC#Cc2ccc(C(F)(F)F)cc2)(S(=O)(=O)c2ccc(F)cc2)S1,457.4260000000001,3.739300000000002,1,5,3,80.31,30,0,0.2
DEC_3593,ACT_076,CHEMBL274728,O=S1(=O)N(CCN2CCC(Cc3c[nH]c4ccc(F)cc34)CC2)c2cccc3c2N1CCC3,468.59800000000035,4.079100000000003,1,3,5,59.650000000000006,33,0,0.2
DEC_3594,ACT_076,CHEMBL29424,NS(=O)(=O)c1ccc(-n2nc(COCc3ccccc3)cc2-c2ccc(Cl)cc2)cc1,453.951,4.556900000000003,1,4,7,87.21000000000001,31,0,0.2
DEC_3595,ACT_076,CHEMBL28560,O=C(O)CCc1c(-c2cccnc2)ccc2c1CCC(NS(=O)(=O)c1ccc(Cl)cc1)C2,470.9780000000002,4.2550000000000034,2,4,7,96.35999999999999,32,0,0.2
DEC_3596,ACT_076,CHEMBL40564,COc1cccc2c1CCC1CN(CCCn3c(=O)[nH]c4c(sc5ccccc54)c3=O)CC21,461.58700000000016,3.9650000000000025,1,5,5,67.33,33,0,0.2
DEC_3597,ACT_076,CHEMBL289758,COc1cccc2c1CCC1CN(CCCCn3c(=O)[nH]c4c(sc5ccccc54)c3=O)CC21,475.61400000000015,4.355100000000004,1,5,6,67.33,34,0,0.2
DEC_3598,ACT_076,CHEMBL432454,O=C1c2ccc(OCCN3CCCCC3)cc2C(=O)C12C(c1ccc(O)cc1)=Cc1cc(O)ccc12,481.5480000000002,4.8337000000000065,2,6,5,87.07000000000001,36,0,0.2
DEC_3599,ACT_076,CHEMBL291697,O=C(O)C(=O)[C@H]1Cc2cc([N+](=O)[O-])ccc2CN1S(=O)(=O)c1ccc(-c2ccc(F)cc2)cc1,484.4610000000001,3.1702000000000012,1,6,6,134.89,34,0,0.2
DEC_3600,ACT_076,CHEMBL301014,O=C(O)C(=O)[C@H]1Cc2ccc([N+](=O)[O-])cc2CN1S(=O)(=O)c1ccc(-c2ccc(F)cc2)cc1,484.4610000000001,3.1702000000000012,1,6,6,134.89,34,0,0.2
DEC_3601,ACT_076,CHEMBL6599,C/C(=C\Cn1oc(=O)[nH]c1=O)c1ccc(OCc2nc(-c3ccc(C(F)(F)F)cc3)oc2C)cc1,487.43400000000014,4.7943200000000035,1,6,7,103.26,35,0,0.20192307692307693
DEC_3602,ACT_076,CHEMBL42070,CCc1nc2c(n1Cc1ccc(-c3ccccc3-c3nn[nH]n3)cc1)CCCC/C2=C\C(=O)O,454.5340000000003,4.535300000000003,2,5,6,109.58,34,0,0.20202020202020202
DEC_3603,ACT_076,CHEMBL415479,CNc1ccc(C#CC[C@H](NS(=O)(=O)c2ccc3ccccc3c2)C(=O)N(C)C2CCCC2)cc1,489.64100000000036,4.371200000000004,2,4,7,78.50999999999999,35,0,0.20202020202020202
DEC_3604,ACT_076,CHEMBL276922,O=S1(=O)c2cccc3cccc(c23)N1CCN1CCN(Cc2c[nH]c3ccc(F)cc23)CC1,464.56600000000026,3.7867000000000024,1,4,5,59.650000000000006,33,0,0.20212765957446807
DEC_3605,ACT_076,CHEMBL39037,COc1cccc2c1CC[C@H]1CN(CCn3c(=O)[nH]c4c(sc5cccc(C)c54)c3=O)C[C@@H]21,461.58700000000016,3.883320000000003,1,5,4,67.33,33,0,0.20212765957446807
DEC_3606,ACT_076,CHEMBL16736,CCN1CCN(C2=Nc3ccc(C(C)C)cc3CC=C2c2ccccc2)CC1.O=C(O)/C=C/C(=O)O,489.61600000000027,4.829000000000003,2,5,5,93.44000000000001,36,0,0.20224719101123595
DEC_3607,ACT_076,CHEMBL16588,CCc1ccc2c(c1)CC=C(c1ccccc1)C(N1CCN(C(C)C)CC1)=N2.O=C(O)/C=C/C(=O)O,489.6160000000003,4.656500000000003,2,5,5,93.44000000000001,36,0,0.20224719101123595
DEC_3608,ACT_077,CHEMBL282888,Nc1nc2c(cnn2CCCc2ccc3c(c2)OC(CO)(CO)O3)c2nc(-c3ccco3)nn12,463.4540000000002,1.4010999999999998,3,10,7,158.98,34,0,0.14678899082568808
DEC_3609,ACT_077,CHEMBL22202,Nc1nc2c(cnn2CCc2ccc(N(CCO)CCO)cc2)c2nc(-c3ccco3)nn12,448.4870000000002,1.3498999999999997,3,9,9,143.76000000000002,33,0,0.16326530612244897
DEC_3610,ACT_077,CHEMBL22355,Nc1nc2c(cnn2CCCc2ccc3c(c2)O[C@H](C(=O)O)O3)c2nc(-c3ccco3)nn12,447.4110000000002,2.1308999999999996,2,9,6,155.82000000000002,33,0,0.1651376146788991
DEC_3611,ACT_077,CHEMBL290852,CNC(=O)OCCN(CCOC(=O)NC)Cc1cc(O)c2c(c1)C(=O)c1cccc(O)c1C2=O,471.46600000000024,1.3872,4,9,8,154.5,34,0,0.17582417582417584
DEC_3612,ACT_077,CHEMBL17700,C[C@@H](O)[C@H]1C(=O)N2C(C(=O)O)=C(S[C@@H]3CN[C@@H](c4ccc(CN)c5ccccc45)C3)[C@H](C)[C@H]12,467.5910000000003,2.5884,4,6,6,115.89,33,0,0.17592592592592593
DEC_3613,ACT_077,CHEMBL41523,COC(=O)/C(C#N)=C/c1cc(OC)c(O)c(-c2cc(/C=C(\C#N)C(=O)OC)cc(OC)c2O)c1,464.4300000000003,2.9419600000000017,2,10,7,159.09999999999997,34,0,0.18421052631578946
DEC_3614,ACT_077,CHEMBL274664,CC(=O)OCC1=C(C(=O)OC(C)(C)C)N2C(=O)[C@@H](Nc3nc4ccc[nH]c-4n3)C2SC1,445.5010000000001,1.7639999999999991,2,9,5,126.51,31,0,0.18627450980392157
DEC_3615,ACT_077,CHEMBL287089,CCc1cc(C(C)=O)c(O)cc1OCc1cncc(C(=O)Nc2nc(CC(=O)O)cs2)n1,456.4800000000002,2.8621,3,9,9,151.60000000000002,32,0,0.1875
DEC_3616,ACT_077,CHEMBL13672,CC(=O)OCC1=C(C(=O)OC(C)(C)C)N2C(=O)[C@@H](Nc3nc4cc[nH]cc-4n3)C2SC1,445.5010000000001,1.7639999999999991,2,9,5,126.51,31,0,0.19
DEC_3617,ACT_077,CHEMBL33839,Cc1nc(N)ccc1CNC(=O)Cn1c(C)cc(S(=O)(=O)c2cccs2)c(N)c1=O,447.54200000000014,1.2352399999999994,3,8,6,150.17,30,0,0.1919191919191919
DEC_3618,ACT_077,CHEMBL288510,CC1(C)NC(=O)N(CCC(COc2ccc(-c3ccc(C#N)cc3)cc2)N(O)C=O)C1=O,436.46800000000013,2.54078,2,6,9,122.97,32,0,0.19230769230769232
DEC_3619,ACT_077,CHEMBL37650,O=C(O)C(CCCCn1cnc2c1NC=NCC2O)C(=O)NCc1ccc(Cl)cc1,433.8960000000002,2.2112,4,6,9,128.84,30,0,0.1927710843373494
DEC_3620,ACT_077,CHEMBL33480,Cc1nc(N)ccc1CNC(=O)Cn1c(C)cc(S(=O)(=O)CC2CCCC2)c(N)c1=O,447.5610000000003,1.3048399999999993,3,7,7,150.17,31,0,0.19318181818181818
DEC_3621,ACT_077,CHEMBL289367,Cc1cc(OCCCON=C(N)N)cc(OS(=O)(=O)c2cccc3c2NCCC3)c1,434.51800000000026,2.0947199999999997,3,7,9,138.26,30,0,0.1935483870967742
DEC_3622,ACT_077,CHEMBL412637,C[C@H](CSSC[C@@H](C)C(=O)N1CCC[C@@H]1C(=O)O)C(=O)N1CCC[C@@H]1C(=O)O,432.56400000000025,1.7912,2,6,9,115.22000000000001,28,0,0.19736842105263158
DEC_3623,ACT_077,CHEMBL22811,COc1cc(Cc2cnc(N)nc2N)ccc1OCc1cc(OC)c(OC)c(OC)c1,426.4730000000003,2.845200000000001,2,9,9,123.97000000000001,31,0,0.19753086419753085
DEC_3624,ACT_077,CHEMBL35162,O=C(/C=C/c1ccc(O)cc1)O[C@@H]1C[C@](OCc2cccs2)(C(=O)O)C[C@@H](O)[C@H]1O,434.46600000000007,1.9344999999999994,4,8,7,133.52,30,0,0.19767441860465115
DEC_3625,ACT_077,CHEMBL32881,Cc1nc(N)ccc1CNC(=O)Cn1c(C)cc(S(=O)(=O)C2CCCCC2)c(N)c1=O,447.5610000000003,1.4473399999999994,3,7,6,150.17,31,0,0.1978021978021978
DEC_3626,ACT_077,CHEMBL287077,CCc1cc(C(C)=O)c(O)cc1OCc1nccc(C(=O)Nc2nc(CC(=O)O)cs2)n1,456.4800000000002,2.8621000000000008,3,9,9,151.60000000000002,32,0,0.19791666666666666
DEC_3627,ACT_077,CHEMBL22392,CCOC(=O)c1cnc2ccc(C3(CCC(=O)NCCC(C)C)CCC(=O)NC3=O)cc2c1O,469.53800000000035,2.7340000000000004,3,7,9,134.68999999999997,34,0,0.19811320754716982
DEC_3628,ACT_077,CHEMBL428880,O=C(O)c1cc(=O)c2c(OCC(O)COc3cccc4oc(C(=O)O)cc(=O)c34)cccc2o1,468.37000000000023,2.1145,3,9,8,173.70999999999998,34,0,0.2
DEC_3629,ACT_077,CHEMBL17630,CCNCc1ccc([C@H]2C[C@H](SC3=C(C(=O)O)N4C(=O)[C@H]([C@@H](C)O)[C@H]4[C@H]3C)CN2)cc1,445.5850000000001,2.0859999999999994,4,6,8,101.9,31,0,0.2
DEC_3630,ACT_077,CHEMBL22691,CCCCNC(=O)CCC1(c2ccc3ncc(C(=O)OCC)c(O)c3c2)CCC(=O)NC1=O,455.5110000000003,2.4880000000000004,3,7,9,134.69,33,0,0.2
DEC_3631,ACT_077,CHEMBL29657,O=C(Cn1c(Cl)cnc(NCC(F)(F)c2cccc[n+]2[O-])c1=O)NCc1ncccc1F,468.82300000000015,1.5844999999999994,2,6,8,115.85000000000001,32,0,0.2
DEC_3632,ACT_077,CHEMBL30306,CCSc1ccc(S(N)(=O)=O)cc1C(=O)NCC1CN(Cc2ccccc2)CCO1,449.59800000000024,2.0767999999999995,2,6,8,101.73,30,0,0.2
DEC_3633,ACT_077,CHEMBL32825,Cc1ccc(S(=O)(=O)c2cc(C)n(CC(=O)NCc3ccc(N)nc3C)c(=O)c2N)cc1,455.54000000000025,1.4821600000000006,3,7,6,150.17000000000002,32,0,0.2
DEC_3634,ACT_077,CHEMBL36309,CC#CCOc1ccc(S(=O)(=O)N(C)c2c(C(=O)NO)cnc3onc(C)c23)cc1,430.4420000000001,1.8774199999999996,2,8,6,134.86,30,0,0.2
DEC_3635,ACT_077,CHEMBL431920,COc1ccc(S(=O)(=O)N/N=C/c2cc3c(cc2[N+](=O)[O-])NC(CNC(C)C)CC3)cc1,461.54400000000027,2.6405000000000003,3,8,9,134.96,32,0,0.20202020202020202
DEC_3636,ACT_077,CHEMBL289398,O=C(O)C(CCCCn1cnc2c1NC=NCC2O)(Cc1ccc(C(F)(F)F)cc1)C(=O)O,468.4320000000002,2.957700000000001,4,6,9,137.04,33,0,0.20238095238095238
DEC_3637,ACT_077,CHEMBL282238,CCCCn1c(=O)c2c(ncn2S(=O)(=O)c2ccc(NO)cc2)n(CCCC)c1=O,435.5060000000002,1.9979999999999998,2,7,9,128.22,30,0,0.20454545454545456
DEC_3638,ACT_077,CHEMBL24604,CC(C)[C@H](NC(=O)Cn1c(-c2cccnc2)ncc(N)c1=O)C(=O)c1nnc(C(C)(C)C)o1,453.5030000000003,1.5916999999999994,2,9,7,158.89,33,0,0.20454545454545456
DEC_3639,ACT_077,CHEMBL279325,CNCc1ccc([C@H]2C[C@H](SC3=C(C(=O)O)N4C(=O)[C@H]([C@@H](C)O)[C@H]4[C@H]3C)CN2)cc1,431.5580000000001,1.6958999999999997,4,6,7,101.9,30,0,0.20481927710843373
DEC_3640,ACT_077,CHEMBL428860,C[C@@H](O)[C@H]1C(=O)N2C(C(=O)O)=C(S[C@@H]3CN[C@@H](c4ccc(C5(N)CC5)cc4)C3)[C@H](C)[C@H]12,443.5690000000003,1.9242999999999992,4,6,6,115.89,31,0,0.20481927710843373
DEC_3641,ACT_077,CHEMBL9343,COc1cc(-c2csc(-n3ncc(C(=O)NCCCO)c3C)n2)cc(OC)c1OC,432.5020000000003,2.44222,2,8,9,107.73000000000002,30,0,0.20618556701030927
DEC_3642,ACT_077,CHEMBL35963,CCc1cc(C(C)=O)c(O)cc1OCc1cccc(C(=O)Nc2cccc(CC(=O)O)[n+]2[O-])n1,465.4620000000002,2.6439999999999992,3,7,9,152.76,34,0,0.20618556701030927
DEC_3643,ACT_077,CHEMBL38077,NS(=O)(=O)c1cscc1C(=O)NCCCOc1cccc(CN2CCCCC2)c1,437.5870000000003,2.5803000000000003,2,6,9,101.73,29,0,0.2079207920792079
DEC_3644,ACT_077,CHEMBL416546,CC(C)C[C@H](N)C(=O)N[C@@H]1CN(c2nc3c(cc2F)c(=O)c(C(=O)O)cn3C2CC2)[C@H]1C,445.49500000000023,1.6354000000000002,3,6,7,130.54999999999998,32,0,0.20833333333333334
DEC_3645,ACT_077,CHEMBL38180,Cc1nn(C)c2ncc(C(=O)NO)c(N(C)S(=O)(=O)c3ccc(Oc4ccncc4)cc3)c12,468.49500000000023,2.4081200000000003,2,8,6,139.54,33,0,0.2087912087912088
DEC_3646,ACT_077,CHEMBL277401,CC(C)[C@H](NC(=O)Cn1c(-c2ccc(F)cc2)ncc(N)c1=O)C(=O)c1nnc(C2(C)CC2)o1,468.4890000000004,2.0897999999999994,2,8,8,146.0,34,0,0.2111111111111111
DEC_3647,ACT_077,CHEMBL19037,Cc1ccc(NS(=O)(=O)Cc2ccccc2)c(=O)n1CC(=O)NCc1nc(CN)cs1,461.5690000000003,1.3302199999999995,3,7,9,136.18,31,0,0.21176470588235294
DEC_3648,ACT_077,CHEMBL28678,N#Cc1cccc(COc2ccc(S(=O)(=O)N3C[C@H](O)CC[C@@H]3C(=O)NO)cc2)c1,431.4700000000002,1.1566799999999997,3,7,6,139.95999999999998,30,0,0.21176470588235294
DEC_3649,ACT_077,CHEMBL34518,O=C(/C=C/c1ccc(O)cc1)O[C@@H]1C[C@](OCCCc2ccccc2)(C(=O)O)C[C@@H](O)[C@H]1O,456.49100000000016,2.3055999999999996,4,7,9,133.52,33,0,0.21176470588235294
DEC_3650,ACT_077,CHEMBL288503,COc1cc2c(cc1OC)[C@@](O)(c1cc(OC)c(O)c(OC)c1)[C@H]1C(=O)OC[C@H]1C2=O,430.4090000000002,1.6479999999999997,2,9,5,120.75000000000003,31,0,0.2125
DEC_3651,ACT_077,CHEMBL31924,COc1cc(Cc2cnc(N)nc2N)cc(OCCCCC(=O)O)c1Br,425.2830000000002,2.6365999999999996,3,7,9,133.57999999999998,26,0,0.21348314606741572
DEC_3652,ACT_077,CHEMBL20739,Nc1ncnc2c1ncn2C[C@]1(O)CC[C@H]2CN(C(c3ccccc3)c3ccccc3)CCN2C1,469.5930000000002,2.7092,2,7,5,96.33,35,0,0.21359223300970873
DEC_3653,ACT_077,CHEMBL20503,Nc1ncnc2c1ncn2C[C@@]1(O)CC[C@H]2CN(C(c3ccccc3)c3ccccc3)CCN2C1,469.5930000000002,2.7092,2,7,5,96.33,35,0,0.21359223300970873
DEC_3654,ACT_077,CHEMBL10867,CC(C)C(NC(=O)Cn1c(-c2cccs2)ncc(NC=O)c1=O)C(=O)C(F)(F)F,430.40800000000013,1.8122999999999996,2,6,8,110.16,29,0,0.21428571428571427
DEC_3655,ACT_077,CHEMBL13758,CC(=O)OCC1=C(C(=O)OC(C)(C)C)N2C(=O)[C@@H](Nc3nc4cc(N)ccc4[nH]3)C2SC1,459.52800000000013,1.9995999999999994,3,9,5,139.64000000000001,32,0,0.21428571428571427
DEC_3656,ACT_077,CHEMBL19740,Cc1cnc(NCC(F)(F)c2ccc(F)cc2)c(=O)n1CC(=O)NCc1cnc(N)cn1,447.4210000000002,1.5833199999999996,3,7,8,127.82,32,0,0.21428571428571427
DEC_3657,ACT_077,CHEMBL19527,Cc1nc(N)ncc1CNC(=O)Cn1c(C)cnc(NCC(F)(F)c2ccccc2)c1=O,443.45800000000014,1.7526399999999995,3,7,8,127.82000000000002,32,0,0.21428571428571427
DEC_3658,ACT_078,CHEMBL9114,CCOC(=O)C1=NO[C@]2(C(=O)CO)[C@H]1CC1C3CCC4=CC(=O)C=C[C@]4(C)[C@H]3[C@@H](O)C[C@@]12C,457.52300000000025,1.7406999999999992,2,8,4,122.49000000000002,33,0,0.14444444444444443
DEC_3659,ACT_078,CHEMBL12997,C/N=C/C1=C(O)O[C@H](COC)[C@@]2(C)C1=C(O)C(=O)C1=C2[C@H](OC(C)=O)C[C@]2(C)C(=O)CC[C@@H]12,459.49500000000035,2.5203000000000007,2,9,4,131.72000000000003,33,0,0.14545454545454545
DEC_3660,ACT_078,CHEMBL9030,Cn1c(=O)c2nc(-c3ccc(S(=O)(=O)Oc4ccc([N+](=O)[O-])cc4)cc3)[nH]c2n(C)c1=O,457.42400000000015,1.3032,1,8,5,159.19,32,0,0.16326530612244897
DEC_3661,ACT_078,CHEMBL9034,Cn1c(=O)c2nc(-c3ccc(S(=O)(=O)Oc4cccc([N+](=O)[O-])c4)cc3)[nH]c2n(C)c1=O,457.42400000000015,1.3032,1,8,5,159.19,32,0,0.1650485436893204
DEC_3662,ACT_078,CHEMBL12177,Cc1sc2nc(SCCCN3CCN(c4ncccn4)CC3)n(N)c(=O)c2c1C,431.5910000000002,1.8830399999999996,1,9,6,93.17000000000002,29,0,0.16666666666666666
DEC_3663,ACT_078,CHEMBL13330,COC[C@H]1OC(O)=C(C=N)C2=C(O)C(=O)C3=C([C@H](OC(C)=O)C[C@]4(C)C(=O)CC[C@@H]34)[C@]21C,445.46800000000036,2.46927,3,9,4,143.21,32,0,0.16981132075471697
DEC_3664,ACT_078,CHEMBL26603,NS(=O)(=O)OC[C@@]12OC[C@H]3O[C@@H](c4ccccc4)O[C@H]3[C@@H]1O[C@H](c1ccccc1)O2,435.4540000000001,1.5300000000000002,1,8,5,115.54000000000002,30,0,0.1702127659574468
DEC_3665,ACT_078,CHEMBL416707,CCc1cc2c(=O)n(N)c(SCCCN3CCN(c4ncccn4)CC3)nc2s1,431.5910000000001,1.8285999999999998,1,9,7,93.17,29,0,0.17582417582417584
DEC_3666,ACT_078,CHEMBL12365,O=S(=O)(CS(=O)(=O)C(F)(F)F)c1ccc(NS(=O)(=O)C(F)(F)F)cc1,435.345,1.6139000000000003,1,6,5,114.44999999999999,25,0,0.17857142857142858
DEC_3667,ACT_078,CHEMBL283845,CC1(C)O[C@@H]2[C@@H](CO[C@@]3(COS(=O)(=O)NCc4ccccc4)OC(C)(C)O[C@@H]23)O1,429.49100000000016,1.4356999999999995,1,8,6,101.55000000000001,29,0,0.18556701030927836
DEC_3668,ACT_078,CHEMBL266136,Cc1cn(C2C=CC(COP3(=O)OCc4cc(Cl)ccc4O3)O2)c(=O)[nH]c1=O,426.7490000000001,2.6859200000000003,1,7,4,108.85,28,0,0.18888888888888888
DEC_3669,ACT_078,CHEMBL418437,CN1C(=O)N(CC(COc2cccc(-c3ccc(C#N)cc3)c2)N(O)C=O)C(=O)C1(C)C,436.4680000000002,2.4928800000000004,1,6,8,114.18,32,0,0.19090909090909092
DEC_3670,ACT_078,CHEMBL39921,CN1C(=O)N(CC(COc2ccc(-c3cccc(C#N)c3)cc2)N(O)C=O)C(=O)C1(C)C,436.4680000000002,2.4928800000000004,1,6,8,114.18,32,0,0.19148936170212766
DEC_3671,ACT_078,CHEMBL288067,CN1C(=O)N(CC(COc2ccc(-c3ccc(C#N)cc3)cc2)N(O)C=O)C(=O)C1(C)C,436.4680000000002,2.4928800000000004,1,6,8,114.18,32,0,0.19230769230769232
DEC_3672,ACT_078,CHEMBL440599,COc1ccccc1N1CCN(CCCSc2nc3sccc3c(=O)n2N)CC1,431.58700000000016,2.4848,1,8,7,76.62,29,0,0.19387755102040816
DEC_3673,ACT_078,CHEMBL275262,CCn1c(=O)c2nc(-c3ccc(S(=O)(=O)N4CCSCC4)cc3)[nH]c2n(CC)c1=O,449.5580000000003,1.3305999999999998,1,6,5,110.06,30,0,0.19753086419753085
DEC_3674,ACT_078,CHEMBL13268,CSc1ccc(Cn2c(O)c(CC=C(C)C)c(=O)n3c4c(=O)n(C)c(=O)n(C)c4nc23)cc1,467.5510000000002,2.0310999999999995,1,6,5,103.53000000000002,33,0,0.1978021978021978
DEC_3675,ACT_078,CHEMBL427635,CC1=C(C(=O)OC(c2ccccc2)c2ccccc2)N2C(=O)[C@@H](NC3=NCCN3C)C2SC1,462.5750000000003,2.767900000000001,1,7,5,74.24,33,0,0.1978021978021978
DEC_3676,ACT_078,CHEMBL282999,CC(C)[C@H](NC(=O)OC(C)(C)C)c1cc(Cn2ccc(=O)n(C(=O)c3ccccc3)c2=O)on1,468.51000000000016,2.9566000000000017,1,7,6,125.42999999999998,34,0,0.1978021978021978
DEC_3677,ACT_078,CHEMBL269315,CC(=O)OCC1=C(C(=O)OC(C)(C)C)N2C(=O)[C@@H](Nc3nc4ccccc4n3C)C2SC1,458.54000000000013,2.4278000000000004,1,8,5,102.76000000000002,32,0,0.19801980198019803
DEC_3678,ACT_078,CHEMBL297218,COc1cccc2c1CC[C@H]1CN(CCn3c(=O)[nH]c4c(sc5nc(C)cnc54)c3=O)C[C@@H]21,463.56300000000016,2.6733200000000013,1,7,4,93.10999999999999,33,0,0.19811320754716982
DEC_3679,ACT_078,CHEMBL18052,COC1=C(C)C(=O)c2c(c(COC(N)=O)c3n2CCC3OC(=O)c2cccnc2)C1=O,425.39700000000016,2.0796,1,8,5,139.81000000000003,31,0,0.2
DEC_3680,ACT_078,CHEMBL21550,CCOC(=O)COc1ccc(-c2nc3c4cnn(CCc5ccccc5)c4nc(N)n3n2)cc1,457.4940000000002,2.907800000000001,1,8,8,122.45,34,0,0.20212765957446807
DEC_3681,ACT_078,CHEMBL9440,CN(Cc1ccc(S(=O)(=O)N2CCOCC2)cc1)c1ccc2c3c(cccc13)C(N)=N2,436.5370000000001,2.8475,1,6,5,88.23,31,0,0.20224719101123595
DEC_3682,ACT_078,CHEMBL24034,O=C1OC2(CCN(CC(O)C3COc4ccccc4O3)CC2)CN1Cc1ccccc1,424.4970000000003,2.6743000000000006,1,6,5,71.47,31,0,0.20238095238095238
DEC_3683,ACT_078,CHEMBL287400,Cc1cc(C(N)=O)c2c3ncnc(N4CCN(CCc5ccc(F)c(F)c5)CC4)c3n(C)c2n1,465.5080000000002,2.56672,1,6,5,93.17,34,0,0.2033898305084746
DEC_3684,ACT_078,CHEMBL22200,CCOC(=O)COc1ccc(CCn2ncc3c2nc(N)n2nc(-c4ccco4)nc32)cc1,447.45500000000015,2.5008,1,9,8,135.59,33,0,0.20408163265306123
DEC_3685,ACT_078,CHEMBL29152,CO/N=C1\CCN(c2nc3c(cc2F)c(=O)c(C(=O)O)cn3-c2ccc(F)cc2F)C1,432.3580000000001,2.713700000000001,1,6,4,97.02000000000001,31,0,0.20408163265306123
DEC_3686,ACT_078,CHEMBL23080,CC(C)[C@H](NC(=O)Cn1c(-c2ccc(F)cc2)nccc1=O)C(=O)c1nnc(C2(C)CC2)o1,453.47400000000033,2.5076,1,7,8,119.98,33,0,0.20454545454545456
DEC_3687,ACT_078,CHEMBL283102,COC(=O)[C@@H]1C(/C=N/CCO)=Cc2cc3c(cc2C1c1cc(OC)c(OC)c(OC)c1)OCO3,469.49000000000035,2.822300000000001,1,9,8,105.04000000000002,34,0,0.20618556701030927
DEC_3688,ACT_078,CHEMBL287965,COc1cccc2c1CC[C@H]1CN(CCn3c(=O)[nH]c4c(sc5ccncc54)c3=O)C[C@@H]21,448.5480000000001,2.969900000000001,1,6,4,80.22,32,0,0.20618556701030927
DEC_3689,ACT_078,CHEMBL40754,COc1cccc2c1CC[C@H]1CN(CCn3c(=O)[nH]c4c(sc5cnccc54)c3=O)C[C@@H]21,448.5480000000001,2.969900000000001,1,6,4,80.22,32,0,0.20618556701030927
DEC_3690,ACT_078,CHEMBL431120,Cc1nnsc1S(=O)(=O)NCCCn1c2c(c3ccccc31)C(=O)CN1CCCCC21,459.5970000000003,2.8931200000000015,1,7,6,97.18999999999998,31,0,0.20652173913043478
DEC_3691,ACT_078,CHEMBL25903,Cn1c2nccc(C(N)=O)c2c2ncnc(N3CCN(CCc4ccc(F)c(F)c4)CC3)c21,451.4810000000003,2.2583,1,6,5,93.17,33,0,0.20689655172413793
DEC_3692,ACT_078,CHEMBL281997,CC1=NN(c2ccccc2)C(=O)C1/N=N/c1ccc(S(=O)(=O)Nc2ncccn2)cc1,435.46900000000005,3.152400000000001,1,8,6,129.34,31,0,0.2073170731707317
DEC_3693,ACT_078,CHEMBL34324,COc1cc([C@@H]2c3cc4c(cc3[C@H](O)[C@H]3COC(=O)[C@]23F)OCO4)cc(OC)c1OC,432.40000000000026,2.5012999999999996,1,8,4,92.68,31,0,0.2073170731707317
DEC_3694,ACT_078,CHEMBL29176,CON=C1CCN(c2nc3c(cc2F)c(=O)c(C(=O)O)cn3-c2ccc(F)cc2F)CC1,446.38500000000016,3.1038000000000014,1,6,4,97.02000000000001,32,0,0.20833333333333334
DEC_3695,ACT_078,CHEMBL40650,COc1cccc2c1CC[C@H]1CN(CCn3c(=O)[nH]c4c(sc5cccnc54)c3=O)C[C@@H]21,448.5480000000001,2.969900000000001,1,6,4,80.22,32,0,0.20833333333333334
DEC_3696,ACT_078,CHEMBL291262,COc1cccc2c1CC[C@H]1CN(CCn3c(=O)[nH]c4c(sc5ncccc54)c3=O)C[C@@H]21,448.5480000000001,2.969900000000001,1,6,4,80.22,32,0,0.20833333333333334
DEC_3697,ACT_078,CHEMBL264756,O=c1oc2cc(OCCCN3CCN(Cc4ccccc4)CC3)ccc2c(O)c1[N+](=O)[O-],439.4680000000002,2.9935000000000014,1,8,8,109.29000000000002,32,0,0.2087912087912088
DEC_3698,ACT_078,CHEMBL11900,CCc1cc2c(=O)n(N)c(SCCCN3CCN(c4ccccc4OC)CC3)nc2s1,459.6410000000002,3.047200000000001,1,8,8,76.62,31,0,0.21
DEC_3699,ACT_078,CHEMBL442338,CCOC(=O)c1ccc(CCCn2ncc3c2nc(N)n2nc(-c4ccco4)nc32)cc1,431.45600000000013,3.125700000000001,1,8,7,126.36,32,0,0.21052631578947367
DEC_3700,ACT_078,CHEMBL288530,COc1cccc2c1CC[C@H]1CN(CCn3c(=O)[nH]c4c(sc5nccnc54)c3=O)C[C@@H]21,449.5360000000001,2.3649000000000004,1,7,4,93.10999999999999,32,0,0.21052631578947367
DEC_3701,ACT_078,CHEMBL20199,CS(=O)(=O)c1ccc2sc(Cn3nc(CC(=O)O)c4ccccc4c3=O)nc2c1,429.47900000000016,2.0851,1,7,5,119.22000000000001,29,0,0.2111111111111111
DEC_3702,ACT_078,CHEMBL26102,CCN1C(=O)c2c(nc(C(=O)NC)n2Cc2ccc(OC)c(Cl)c2)N2C1=N[C@@H]1CCC[C@@H]12,456.93400000000025,2.5258000000000003,1,6,5,92.06,32,0,0.21153846153846154
DEC_3703,ACT_078,CHEMBL36651,COc1cc2c(cc1OC)[C@@](O)(c1cc(OC)c(OC)c(OC)c1)[C@H]1C(=O)OC[C@H]1C2=O,444.43600000000026,1.9509999999999998,1,9,6,109.75000000000003,32,0,0.2125
DEC_3704,ACT_078,CHEMBL276608,COc1ccc(Cn2c(O)c(CC=C(C)C)c(=O)n3c4c(=O)n(C)c(=O)n(C)c4nc23)cc1,451.48300000000023,1.3177999999999996,1,6,5,112.76,33,0,0.21348314606741572
DEC_3705,ACT_078,CHEMBL24174,COC(=O)[C@@H]1N2C(=O)[C@@H](NC(=O)c3c(-c4ccccc4Cl)noc3C)[C@H]2SC1(C)C,449.91600000000017,2.6371200000000004,1,7,4,101.74000000000001,30,0,0.21359223300970873
DEC_3706,ACT_078,CHEMBL281317,Cc1onc(-c2ccccc2Cl)c1C(=O)N[C@@H]1C(=O)N2[C@@H]1[S+]([O-])C(C)(C)[C@@H]2C(=O)O,451.8880000000002,1.56422,2,6,4,135.79999999999998,30,0,0.21359223300970873
DEC_3707,ACT_078,CHEMBL12028,COc1ccccc1N1CCN(CCCSc2nc3sc(C)c(C)c3c(=O)n2N)CC1,459.64100000000025,3.1016400000000006,1,8,7,76.62,31,0,0.21428571428571427
DEC_3708,ACT_079,CHEMBL281369,CC(=O)N1CCN(C(=O)/C=C/c2ccc(Sc3ccc4cc[nH]c4c3)c(Cl)c2)CC1,439.9680000000002,4.6764000000000046,1,3,4,56.410000000000004,30,0,0.18085106382978725
DEC_3709,ACT_079,CHEMBL275685,CN(Cc1ccc(S(=O)(=O)c2ccccc2)cc1)c1ccc2c3c(cccc13)C(N)=N2,427.52900000000017,4.659400000000005,1,5,5,75.76,31,0,0.18840579710144928
DEC_3710,ACT_079,CHEMBL19913,CC(=O)N1CCN(C(=O)/C=C/c2ccc(Sc3ccc4[nH]ccc4c3)c(Cl)c2)CC1,439.9680000000002,4.6764000000000046,1,3,4,56.410000000000004,30,0,0.1935483870967742
DEC_3711,ACT_079,CHEMBL10547,O=C(c1ccc(Cl)cc1Cl)C(O)(Cn1cnnc1)c1ccc(Cl)cc1Cl,431.1060000000001,4.662400000000002,1,4,5,68.00999999999999,26,0,0.19718309859154928
DEC_3712,ACT_079,CHEMBL269679,O=C1NCCN1CCN1CCC(c2cn(-c3ccc(F)cc3)c3ccc(F)cc23)CC1,424.4950000000002,4.113300000000003,1,2,5,40.510000000000005,31,0,0.1978021978021978
DEC_3713,ACT_079,CHEMBL417890,COc1cccc2c1CCC1CN(CCn3c(=O)[nH]c4c(oc5ccccc54)c3=O)CC21,431.49200000000013,3.1064000000000016,1,5,4,80.47,32,0,0.1981981981981982
DEC_3714,ACT_079,CHEMBL267304,Cc1ccc2c(c1)c(C1CCN(CCN3CCNC3=O)CC1)cn2-c1ccc(F)cc1,420.5320000000001,4.282620000000003,1,2,5,40.51,31,0,0.2
DEC_3715,ACT_079,CHEMBL16135,C=CCN1CCCC1CNC(=O)c1c(OC)c(Br)cc(OC)c1OC,413.3120000000001,2.855100000000001,1,5,8,60.030000000000015,25,0,0.2
DEC_3716,ACT_079,CHEMBL280214,Cc1cc(C(=O)Nc2cc(C(=N)N(C)C)cs2)n(-c2cc3ccccc3cc2F)n1,421.50100000000015,4.673790000000003,2,4,4,74.01,30,0,0.2
DEC_3717,ACT_079,CHEMBL416015,CCc1nc2ccc(C)cc2c(=O)n1Cc1ccc(-c2ccccc2-c2nn[nH]n2)cc1,422.4920000000001,4.162720000000002,1,5,5,89.35000000000001,32,0,0.2
DEC_3718,ACT_079,CHEMBL282360,COc1ccc(-c2cc(C(F)(F)F)nn2-c2ccc(S(N)(=O)=O)cc2)cc1OC,427.40400000000017,3.2227000000000006,1,5,5,96.44000000000001,29,0,0.2
DEC_3719,ACT_079,CHEMBL10401,O=C(c1ccc(Cl)cc1Cl)C(O)(Cn1cncn1)c1ccc(Cl)cc1Cl,431.1060000000001,4.662400000000002,1,4,5,68.00999999999999,26,0,0.2
DEC_3720,ACT_079,CHEMBL27861,N#Cc1c2n(c3c(N4CCN(CCc5c[nH]c6ccccc56)CC4)ncnc13)CCCC2,425.5400000000003,3.485280000000002,1,5,4,76.77000000000001,32,0,0.20192307692307693
DEC_3721,ACT_079,CHEMBL278505,CC(C)S(=O)(=O)c1c(O)n(Cc2ccc(F)c(F)c2)c(=O)c2ccc(Cl)cc12,427.85600000000017,3.869100000000002,1,4,4,76.37,28,0,0.20224719101123595
DEC_3722,ACT_079,CHEMBL23415,CCCc1cc(OCC)cc(=O)n1Cc1ccc(-c2ccccc2-c2nn[nH]n2)cc1,415.49700000000007,4.094900000000003,1,5,8,85.69000000000001,31,0,0.20224719101123595
DEC_3723,ACT_079,CHEMBL290871,C/N=C(/S)[C@@]1(c2cccnc2)CCCC[C@@H]1CCNS(=O)(=O)c1ccc(Cl)cc1,452.0450000000001,4.489700000000004,2,4,7,71.42,29,0,0.20224719101123595
DEC_3724,ACT_079,CHEMBL18647,O=S(=O)(c1nc(-c2ccc(F)cc2)c(-c2ccc(F)cc2)[nH]1)C(F)(F)C(F)F,420.334,4.653500000000002,1,3,5,62.82,28,0,0.2028985507246377
DEC_3725,ACT_079,CHEMBL14108,Cn1c2c(c3ccccc31)C(C)(c1ccc(OCC(=O)O)cc1)c1cc(C(=O)O)sc1C2=O,461.4950000000001,4.300100000000002,2,5,5,105.83000000000001,33,0,0.20408163265306123
DEC_3726,ACT_079,CHEMBL20249,O=C1c2ccccc2C(=O)N1CCn1c(C2CCNCC2)nc2cc(Cl)c(Cl)cc21,443.3340000000001,4.106300000000003,1,4,4,67.23,30,0,0.20430107526881722
DEC_3727,ACT_079,CHEMBL22702,COc1cccc(-c2cc(C#N)ccc2C#CC(O)(c2ccc(C#N)cc2)c2cncn2C)c1,444.49400000000014,4.126660000000004,1,5,4,94.85999999999999,34,0,0.20430107526881722
DEC_3728,ACT_079,CHEMBL289361,COc1cccc2c1CCC1CN(CCn3c(=O)[nH]c4c(sc5ccccc54)c3=O)CC21,447.5600000000001,3.574900000000002,1,5,4,67.33,32,0,0.20430107526881722
DEC_3729,ACT_079,CHEMBL273246,N#Cc1ccccc1N1CCN(CCCCC23CCCc4cccc(c42)NC3=O)CC1,414.5530000000001,4.076980000000003,1,4,6,59.370000000000005,31,0,0.20454545454545456
DEC_3730,ACT_079,CHEMBL10986,CC(C)[C@@H](CN1CC[C@@](C)(c2cccc(O)c2)[C@@H](C)C1)NC(=O)CCc1ccc(O)cc1,438.6120000000003,4.470900000000005,3,4,8,72.8,32,0,0.20454545454545456
DEC_3731,ACT_079,CHEMBL417305,OC1CCCCCC1CN1CCN(CCOC(c2ccccc2)c2ccccc2)CC1,422.6130000000001,4.351400000000004,1,4,8,35.94,31,0,0.20481927710843373
DEC_3732,ACT_079,CHEMBL287355,O=C1N(CC2CCC2)[C@H](Cc2ccccc2)[C@H](O)[C@@H](O)[C@@H](Cc2ccccc2)N1CC1CCC1,462.6340000000003,4.268600000000004,2,3,8,64.01,34,0,0.20512820512820512
DEC_3733,ACT_079,CHEMBL12186,O=C1NCCN1CCN1CC=C(c2cn(-c3ccc(F)cc3)c3ccc(Cl)cc23)CC1,438.93400000000025,4.537300000000004,1,2,5,40.510000000000005,31,0,0.20618556701030927
DEC_3734,ACT_079,CHEMBL41984,CC(C)(C)C(=O)c1ccc(C(=O)N(CC(=O)O)C(=O)c2ccc(C(=O)C(C)(C)C)cc2)cc1,451.5190000000002,4.511400000000004,1,5,6,108.82,33,0,0.20634920634920634
DEC_3735,ACT_079,CHEMBL288653,CC(C)C(=O)Nc1sc2c(c1C(=O)c1ccccc1Cl)CCN(C(=O)C1CC1)C2,430.9570000000002,4.521700000000004,1,4,5,66.48,29,0,0.20652173913043478
DEC_3736,ACT_079,CHEMBL40296,CCN(CC)C(=O)Nc1sc2c(c1C(=O)c1ccccc1Cl)CCN(C(C)=O)C2,433.9610000000002,4.410800000000003,1,4,5,69.72,29,0,0.20652173913043478
DEC_3737,ACT_079,CHEMBL15484,CCCC1Nc2ccccc2C(=O)N1Cc1ccc(-c2ccccc2-c2nn[nH]n2)cc1,424.50800000000004,4.727800000000003,2,5,6,86.8,32,0,0.20689655172413793
DEC_3738,ACT_079,CHEMBL283364,O=C(O)Cc1nn(Cc2nc3c(Cl)c(Cl)ccc3s2)c(=O)c2ccccc12,420.27700000000016,3.988400000000002,1,5,4,85.07999999999998,27,0,0.20689655172413793
DEC_3739,ACT_079,CHEMBL7369,CCCCc1nc2cnn(C)c(=O)c2n1Cc1ccc(-c2ccccc2C(=O)O)cc1,416.4810000000001,3.8861000000000026,1,4,7,90.01,31,0,0.2073170731707317
DEC_3740,ACT_079,CHEMBL10836,O=C(O)COc1cccc2c1CCC(CC(=O)NN(c1ccccc1)c1ccccc1)C2,430.5040000000001,4.514500000000004,2,4,8,78.86999999999999,32,0,0.2073170731707317
DEC_3741,ACT_079,CHEMBL35537,CCN(Cc1cc(Nc2ccnc3cc(Cl)ccc23)ccc1O)C(=O)N1CCN(C)CC1,453.97400000000033,4.5267000000000035,2,5,5,71.94,32,0,0.2073170731707317
DEC_3742,ACT_079,CHEMBL12755,FC(F)(F)c1ccc(CN2CCN(CCCN3CCc4c([nH]c5ccccc45)C3)CC2)cc1,456.55600000000027,4.752700000000004,1,3,6,25.509999999999998,33,0,0.2077922077922078
DEC_3743,ACT_079,CHEMBL29083,CCc1c(C(F)(F)F)nn(-c2ccc(S(N)(=O)=O)cc2)c1-c1ccc(Cl)cc1,429.8510000000001,4.421300000000003,1,3,4,77.98,28,0,0.2077922077922078
DEC_3744,ACT_079,CHEMBL297585,O=C(c1ccccc1Cl)c1c(NC(=O)C2CC2)sc2c1CCN(C(=O)C1CC1)C2,428.94100000000026,4.275700000000003,1,4,5,66.48,29,0,0.2077922077922078
DEC_3745,ACT_079,CHEMBL273766,O=c1[nH]c2ccccc2c(=O)n1CCN1CCC(C(c2ccccc2)c2ccccc2)CC1,439.5590000000001,4.233900000000004,1,3,6,58.1,33,0,0.20833333333333334
DEC_3746,ACT_079,CHEMBL40310,COc1cccc2c1CC[C@H]1CN(CCn3c(=O)[nH]c4c(sc5ccc(C)cc54)c3=O)C[C@@H]21,461.58700000000016,3.883320000000003,1,5,4,67.33,33,0,0.20833333333333334
DEC_3747,ACT_079,CHEMBL20575,O=C(O)Cc1nn(Cc2nc3c(Cl)cc(Cl)cc3s2)c(=O)c2ccccc12,420.27700000000016,3.988400000000002,1,5,4,85.07999999999998,27,0,0.2087912087912088
DEC_3748,ACT_079,CHEMBL15017,CC(C)N1CCN(c2cc3c(cc2F)c(=O)c(C(=O)O)cn3-c2ccc(F)cc2F)CC1,445.44100000000014,3.6366000000000023,1,4,4,65.78,32,0,0.2087912087912088
DEC_3749,ACT_079,CHEMBL284074,O=C(NCCCOc1ccc2nc(O)ccc2c1)N(C1CCCCCC1)[C@H]1CCCC[C@@H]1O,455.59900000000044,4.747200000000006,3,5,7,94.92,33,0,0.2087912087912088
DEC_3750,ACT_079,CHEMBL286393,CC(C)=CCN1C(=O)N(CC=C(C)C)[C@H](Cc2ccccc2)[C@H](O)[C@@H](O)[C@H]1Cc1ccccc1,462.6340000000001,4.600800000000004,2,3,8,64.01,34,0,0.208955223880597
DEC_3751,ACT_079,CHEMBL414405,O=C(O)Cc1nn(Cc2ccc(-c3nc4ccccc4s3)cc2)c(=O)c2ccccc12,427.4850000000002,4.348600000000002,1,5,5,85.07999999999998,31,0,0.20930232558139536
DEC_3752,ACT_079,CHEMBL21038,O=C(O)Cc1nn(Cc2nc3cccc(Br)c3s2)c(=O)c2ccccc12,430.28300000000013,3.4441000000000015,1,5,4,85.07999999999998,26,0,0.20930232558139536
DEC_3753,ACT_079,CHEMBL32681,N#Cc1c(-c2ccc(Cl)cc2)c(-c2ccc(Cl)cc2)nn(CCCC(=O)O)c1=O,428.27500000000026,4.620580000000003,1,4,6,95.97999999999999,29,0,0.20930232558139536
DEC_3754,ACT_079,CHEMBL36232,O=C(NN1CCCCC1)c1nn(-c2ccc(Cl)cc2Cl)c2c([N+](=O)[O-])cccc12,434.28300000000013,4.371200000000003,1,5,4,93.30000000000001,29,0,0.20930232558139536
DEC_3755,ACT_079,CHEMBL41596,CCCCN1CCN(c2cc3c(cc2F)c(=O)c(C(=O)O)cn3-c2ccc(F)cc2)CC1,441.4780000000002,3.8892000000000024,1,4,6,65.78,32,0,0.20930232558139536
DEC_3756,ACT_079,CHEMBL12380,CC1(C)C=C(n2ccccc2=O)c2cc(S(=O)(=O)Nc3ccc(C#N)cc3)ccc2O1,433.48900000000015,3.580980000000002,1,5,4,101.19000000000001,31,0,0.20952380952380953
DEC_3757,ACT_079,CHEMBL287646,COc1c(Cl)cc(-c2cc(C(F)F)nn2-c2ccc(S(N)(=O)=O)cc2)cc1Cl,448.27800000000013,4.439700000000001,1,4,5,87.21000000000001,28,0,0.20987654320987653
DEC_3758,ACT_080,CHEMBL54633,Nc1ccccc1Cn1c2c(c3ccccc31)C[C@@]1(O)[C@H]3Cc4ccc(O)c5c4[C@@]1(CCN3CC1CC1)[C@H]2O5,519.6450000000004,4.676500000000004,3,5,4,83.88,39,0,0.1346153846153846
DEC_3759,ACT_080,CHEMBL34273,C=C(Cl)CN1C[C@H](OCC23C[C@@H]4[C@H](C)CC[C@H]4C4(C=O)CC2C=C(C(C)C)[C@@]34C(=O)O)O[C@H](C)[C@H]1C,520.1100000000002,5.115400000000005,1,5,8,76.07000000000001,36,0,0.14423076923076922
DEC_3760,ACT_080,CHEMBL297584,CC(C)C1=CC2CC3(C=O)[C@@H]4CC[C@@H](C)[C@H]4CC2(CO[C@H]2C[C@H]4[C@H](OC[C@H]4C(C)C)[C@@H](C)O2)C13C(=O)O,514.7030000000003,5.349700000000006,1,5,7,82.06,37,0,0.14563106796116504
DEC_3761,ACT_080,CHEMBL443788,CC(C)C1=CC2CC3(C=O)[C@@H]4CC[C@@H](C)[C@H]4CC2(CO[C@H]2C[C@H]4[C@H](OC[C@@H]4C(C)C)[C@@H](C)O2)C13C(=O)O,514.7030000000003,5.349700000000006,1,5,7,82.06,37,0,0.14563106796116504
DEC_3762,ACT_080,CHEMBL287408,CC(C)C1=CC2CC3(C=O)[C@@H]4CC[C@@H](C)[C@H]4CC2(CO[C@H]2CN(C4C=CCCC4)[C@H](C)CO2)[C@]13C(=O)O,511.7030000000004,5.083100000000004,1,5,7,76.07,37,0,0.1509433962264151
DEC_3763,ACT_080,CHEMBL416809,CN(CCCn1c(N)nc2cc(Cl)c(Cl)cc21)CCCn1c(N)nc2cc(Cl)c(Cl)cc21,515.2760000000003,5.576200000000004,2,5,8,90.92,32,0,0.15714285714285714
DEC_3764,ACT_080,CHEMBL273257,OC[C@@]1(CCCCc2ccccc2)CC2C3Cc4ccc(O)c5c4C2(CCN3CC2CCC2)C(O5)[C@@H]1O,503.6830000000004,4.594000000000006,3,5,8,73.16000000000001,37,0,0.16
DEC_3765,ACT_080,CHEMBL29566,Cc1nc(O)c2c(ccc3nc(Nc4c(Cl)cccc4Cl)n(C)c32)c1CCCN1CCOCC1,500.43000000000046,5.450720000000005,2,6,6,75.44000000000001,34,0,0.16666666666666666
DEC_3766,ACT_080,CHEMBL295556,Cc1cc(CC(N)=O)cc(-c2c(O)nc3cc(Cl)c([N+](=O)[O-])cc3c2OCCC2CCCCN2)c1,498.96700000000044,4.416220000000003,3,7,8,140.61,35,0,0.16666666666666666
DEC_3767,ACT_080,CHEMBL446399,Nc1ccc(Cn2c3c(c4ccccc42)C[C@@]2(O)[C@H]4Cc5ccc(O)c6c5[C@@]2(CCN4CC2CC2)[C@H]3O6)cc1,519.6450000000004,4.676500000000004,3,5,4,83.88,39,0,0.16831683168316833
DEC_3768,ACT_080,CHEMBL295865,CC(C)CSc1nnc([C@@H]2C[C@@H](S)CN2S(=O)(=O)c2ccc3ccccc3c2)n1-c1ccccc1,524.7370000000002,5.602700000000005,1,6,7,68.09,35,0,0.16842105263157894
DEC_3769,ACT_080,CHEMBL73564,CCCc1nc(-n2cccc2C(=O)C(F)(F)F)c(C#N)n1Cc1ccc(-c2ccccc2-c2nn[nH]n2)cc1,530.5140000000002,5.138380000000004,1,6,8,118.07000000000001,39,0,0.1717171717171717
DEC_3770,ACT_080,CHEMBL26147,Cc1nc(O)c2c(ccc3nc(Nc4c(Cl)cccc4Cl)n(C)c32)c1CCC(=O)N1CCOCC1,514.4130000000004,4.977320000000004,2,6,5,92.51,35,0,0.17204301075268819
DEC_3771,ACT_080,CHEMBL19994,O=C1c2cccc([N+](=O)[O-])c2C(=O)N1CCCCCn1c(C2CCNCC2)nc2cc(Cl)c(Cl)cc21,530.4120000000003,5.1848000000000045,1,6,8,110.36999999999999,36,0,0.17204301075268819
DEC_3772,ACT_080,CHEMBL16572,CC(C)C(c1cccc(NS(=O)(=O)c2ccc(F)cc2)c1)c1c(O)c2c(oc1=O)CCCCCC2,499.60400000000044,5.732200000000006,2,5,6,96.61000000000001,35,0,0.17582417582417584
DEC_3773,ACT_080,CHEMBL281675,Cc1nc(O)c2c(ccc3nc(Nc4c(Cl)cccc4Cl)n(C)c32)c1CC(=O)N1CCOCC1,500.3860000000004,4.587220000000004,2,6,4,92.51,34,0,0.17582417582417584
DEC_3774,ACT_080,CHEMBL59475,Nc1cccc(Cn2c3c(c4ccccc42)C[C@@]2(O)[C@H]4Cc5ccc(O)c6c5[C@@]2(CCN4CC2CC2)[C@H]3O6)c1,519.6450000000004,4.676500000000004,3,5,4,83.88,39,0,0.17647058823529413
DEC_3775,ACT_080,CHEMBL278807,CC(C)(C)c1ccc(/C=C/NC(=O)NC2C(=O)N3C2SC(C)(C)[C@@H]3C(=O)O)cc1.CCN(CC)CC,518.7240000000003,4.117600000000003,3,5,7,101.98,36,0,0.17757009345794392
DEC_3776,ACT_080,CHEMBL31626,CCCC(=O)N[C@@H](c1ccccc1)[C@@H](O)C(=O)OC1CC2C(C)(C)C1(C)[C@@]13C[C@H](C)c4ccccc4[C@@]21O3,517.6660000000004,5.154400000000005,2,5,7,88.16000000000001,38,0,0.17757009345794392
DEC_3777,ACT_080,CHEMBL19018,CCCCc1nn(-c2ccccc2C(F)(F)F)c(=O)n1Cc1ccc(-c2ccccc2-c2nn[nH]n2)cc1,519.5310000000002,5.290800000000005,1,5,8,94.27999999999999,38,0,0.17777777777777778
DEC_3778,ACT_080,CHEMBL19884,O=C1c2ccc([N+](=O)[O-])cc2C(=O)N1CCCCCn1c(C2CCNCC2)nc2cc(Cl)c(Cl)cc21,530.4120000000003,5.1848000000000045,1,6,8,110.36999999999999,36,0,0.17777777777777778
DEC_3779,ACT_080,CHEMBL283462,COC(=O)N[C@@H](c1ccccc1)[C@@H](O)C(=O)OC1CC2C(C)(C)C1(C)[C@@]13C[C@H](C)c4ccccc4[C@@]21O3,505.6110000000004,4.5941000000000045,2,6,5,97.39,37,0,0.1797752808988764
DEC_3780,ACT_080,CHEMBL6571,CCN(CCOc1ccc(/C=C2\SC(=O)NC2=O)cc1)CC1(C)CCc2c(C)c(O)c(C)c(C)c2O1,510.65600000000046,5.125960000000005,2,7,8,88.10000000000001,36,0,0.18
DEC_3781,ACT_080,CHEMBL31307,CCOC(=O)N[C@@H](c1ccsc1)[C@@H](O)C(=O)OC1CC2C(C)(C)C1(C)[C@@]13C[C@@H](C)c4ccccc4[C@@]21O3,525.6670000000004,5.045700000000005,2,7,6,97.39,37,0,0.18018018018018017
DEC_3782,ACT_080,CHEMBL417488,CCOC(=O)N[C@@H](c1ccsc1)[C@@H](O)C(=O)OC1CC2C(C)(C)C1(C)[C@@]13C[C@H](C)c4ccccc4[C@@]21O3,525.6670000000004,5.045700000000005,2,7,6,97.39,37,0,0.18018018018018017
DEC_3783,ACT_080,CHEMBL283414,CCOC(=O)N[C@@H](c1cccnc1)[C@@H](O)C(=O)OC1CC2C(C)(C)C1(C)[C@@]13C[C@H](C)c4ccccc4[C@@]21O3,520.6260000000003,4.379200000000004,2,7,6,110.28000000000002,38,0,0.18018018018018017
DEC_3784,ACT_080,CHEMBL49293,Cc1cc(C)cc(-c2c(O)nc3cc(Cl)c(NC(=O)c4cncnc4)cc3c2OCC[C@@H]2CCCCN2)c1,532.0440000000004,5.8309400000000045,3,7,7,109.26000000000002,38,0,0.18018018018018017
DEC_3785,ACT_080,CHEMBL42700,Cc1cn(C2OC(COC(c3ccccc3)(c3ccccc3)c3ccccc3)C(F)C2F)c(=O)[nH]c1=O,504.53300000000013,4.4273200000000035,1,4,7,73.32,37,0,0.18072289156626506
DEC_3786,ACT_080,CHEMBL277660,COC(=O)[C@@]1(C)CCC[C@@]2(C)C1CC[C@H](CO)[C@@H]2CCc1ccc2c(OC(C)=O)ccc(OC(C)=O)c2c1,524.6540000000005,5.627200000000006,1,7,7,99.13000000000002,38,0,0.18085106382978725
DEC_3787,ACT_080,CHEMBL22550,COC(=O)[C@@]1(C)CCC[C@@]2(C)C1CC[C@@H](CO)[C@@H]2CCc1ccc2c(OC(C)=O)ccc(OC(C)=O)c2c1,524.6540000000005,5.627200000000006,1,7,7,99.13000000000002,38,0,0.18085106382978725
DEC_3788,ACT_080,CHEMBL290824,O=S(=O)(Nc1c(O)nc2cc(C(F)(F)F)ccc2c1Cc1cc(Cl)ccc1O)C(F)(F)F,500.8040000000001,5.170500000000003,3,5,4,99.52000000000001,32,0,0.18085106382978725
DEC_3789,ACT_080,CHEMBL50335,CNc1cc(NS(C)(=O)=O)ccc1Nc1c2ccccc2nc2cc(I)ccc12,518.3800000000001,5.1494000000000035,3,5,5,83.11999999999999,29,0,0.18085106382978725
DEC_3790,ACT_080,CHEMBL45501,Cc1cc(C)cc(-c2c(O)nc3cc(Cl)c(CC(=O)Nc4ccncn4)cc3c2OCCC2CCCCN2)c1,546.0710000000003,5.759840000000005,3,7,8,109.26000000000002,39,0,0.1826086956521739
DEC_3791,ACT_080,CHEMBL54810,Cc1oc(-c2ccc3ccccc3c2)nc1CCS(=O)(=O)c1ccc(CC2SC(=O)NC2=O)cc1,506.6050000000002,4.713720000000004,1,7,7,106.34,35,0,0.18269230769230768
DEC_3792,ACT_080,CHEMBL16777,O=c1c2c(oc(O)c1C(c1cccc(NS(=O)(=O)c3cccc([N+](=O)[O-])c3)c1)C1CC1)CCCCCC2,524.5950000000004,5.2553000000000045,2,7,7,139.75,37,0,0.1827956989247312
DEC_3793,ACT_080,CHEMBL417449,CC(C)CC(c1cccc(NS(=O)(=O)c2cn(C)cn2)c1)c1c(O)c2c(oc1=O)CCCCCC2,499.63300000000044,4.716700000000004,2,6,7,114.43,35,0,0.1827956989247312
DEC_3794,ACT_080,CHEMBL7285,C/C(=C\Cn1oc(=O)[nH]c1=O)c1ccc2oc(Cc3nc(-c4ccc(C(F)(F)F)cc4)oc3C)cc2c1,511.4560000000002,5.552320000000004,1,6,6,107.17,37,0,0.1834862385321101
DEC_3795,ACT_080,CHEMBL32074,CCOC(=O)N[C@@H](c1ccncc1)[C@@H](O)C(=O)OC1CC2C(C)(C)C1(C)[C@@]13C[C@@H](C)c4ccccc4[C@@]21O3,520.6260000000003,4.379200000000004,2,7,6,110.28000000000002,38,0,0.1834862385321101
DEC_3796,ACT_080,CHEMBL416029,CCOC(=O)N[C@@H](c1cccs1)[C@@H](O)C(=O)OC1CC2C(C)(C)C1(C)[C@@]13C[C@H](C)c4ccccc4[C@@]21O3,525.6670000000004,5.045700000000005,2,7,6,97.39,37,0,0.1834862385321101
DEC_3797,ACT_080,CHEMBL286209,CCOC(=O)N[C@@H](c1ccoc1)[C@@H](O)C(=O)OC1CC2C(C)(C)C1(C)[C@@]13C[C@H](C)c4ccccc4[C@@]21O3,509.5990000000004,4.577200000000004,2,7,6,110.53000000000002,37,0,0.1834862385321101
DEC_3798,ACT_080,CHEMBL30890,CCOC(=O)N[C@@H](c1ccncc1)[C@@H](O)C(=O)OC1CC2C(C)(C)C1(C)[C@@]13C[C@H](C)c4ccccc4[C@@]21O3,520.6260000000003,4.379200000000004,2,7,6,110.28000000000002,38,0,0.1834862385321101
DEC_3799,ACT_080,CHEMBL289318,Cc1cc(-c2ccccc2)ccc1C(=O)N[C@@H](CCCN=C(N)N)B1O[C@@H]2CC3CC(C3(C)C)[C@]2(C)O1,502.46800000000036,4.081520000000002,3,4,8,111.96000000000001,37,0,0.1834862385321101
DEC_3800,ACT_080,CHEMBL278741,CCCCc1nn(-c2c(Cl)cccc2Cl)c(=O)n1Cc1ccc(-c2ccccc2-c2nn[nH]n2)cc1,520.4240000000002,5.578800000000005,1,5,8,94.27999999999999,36,0,0.1836734693877551
DEC_3801,ACT_080,CHEMBL34740,O=C(O)c1cc(Br)cc2c(=O)cc(-c3cccc(OCc4ncc5ccccc5n4)c3)oc12,503.3080000000002,5.4429000000000025,1,6,5,102.52,33,0,0.1839080459770115
DEC_3802,ACT_080,CHEMBL285560,CCc1cc(OCc2ccc(-c3ccccc3-c3nn[nH]n3)cc2)c(I)c(CC)n1,511.36700000000013,5.237100000000003,1,5,7,76.58000000000001,30,0,0.1839080459770115
DEC_3803,ACT_080,CHEMBL30405,Cc1noc(NS(=O)(=O)c2ccccc2-c2ccc(-c3ncco3)cc2CN2CC(C)(C)CC2=O)c1C,520.6110000000004,5.172740000000005,1,7,7,118.53999999999999,37,0,0.18421052631578946
DEC_3804,ACT_080,CHEMBL29972,Cc1noc(NS(=O)(=O)c2ccccc2-c2ccc(-c3ncco3)cc2CN2CCC(C)(C)C2=O)c1C,520.6110000000004,5.172740000000005,1,7,7,118.53999999999999,37,0,0.18421052631578946
DEC_3805,ACT_080,CHEMBL52278,Cc1cc(C)cc(-c2c(O)nc3cc(Cl)c(C(=O)Nc4ccncn4)cc3c2OCC[C@@H]2CCCCN2)c1,532.0440000000004,5.830940000000005,3,7,7,109.26000000000002,38,0,0.18421052631578946
DEC_3806,ACT_080,CHEMBL278916,N#Cc1cccc(S(=O)(=O)Nc2cccc(C(c3c(O)oc4c(c3=O)CCCCCC4)C3CC3)c2)c1,504.6080000000005,5.218780000000004,2,6,6,120.4,36,0,0.18478260869565216
DEC_3807,ACT_080,CHEMBL24550,CCCCc1nc2cc(C3=NNC(=O)CC3C)ccc2n1Cc1ccc(-c2ccccc2-c2nn[nH]n2)cc1,518.6250000000002,5.134400000000004,2,6,8,113.74,39,0,0.18518518518518517
DEC_3808,ACT_081,CHEMBL416767,C=C1/C(=C\C=C2/CCC[C@]3(C)C([C@H](C)C[C@H](O)CC(O)(C(F)(F)F)C(F)(F)F)CC[C@@H]23)C[C@@H](O)C[C@@H]1O,540.5850000000003,5.760300000000008,4,4,6,80.92,37,0,0.1111111111111111
DEC_3809,ACT_081,CHEMBL418455,O=C(O)c1cc(/C=C/c2ccc(/C=C/c3ccc(O)c(C(=O)O)c3)c(I)c2)ccc1O,528.2980000000001,5.439600000000005,4,4,6,115.06,31,0,0.15942028985507245
DEC_3810,ACT_081,CHEMBL286531,N#Cc1cccc(CN2C(=O)N(Cc3cccc(C#N)c3)[C@H](Cc3ccccc3)[C@H](O)[C@@H](O)[C@H]2Cc2ccccc2)c1,556.6660000000003,4.812160000000004,2,5,8,111.59,42,0,0.18461538461538463
DEC_3811,ACT_081,CHEMBL304639,CCCCc1nc(Cl)c(C(=O)O)n1Cc1ccc2oc(-c3ccccc3-c3nnn[nH]3)c(Br)c2c1,555.8200000000002,5.981400000000004,2,6,8,122.72,35,0,0.18518518518518517
DEC_3812,ACT_081,CHEMBL58684,CN(C)CC(C)(C)CNc1ncc2cc(-c3c(Cl)cccc3Cl)c(NC(=O)NC(C)(C)C)nc2n1,518.4930000000002,5.918300000000005,3,6,7,95.07,35,0,0.18556701030927836
DEC_3813,ACT_081,CHEMBL415983,CCCCc1nc2ccc(C(O)C(C)(C)C)cc2c(=O)n1Cc1ccc(-c2ccccc2-c2nn[nH]n2)cc1,522.6530000000002,5.714000000000006,2,6,8,109.58,39,0,0.18691588785046728
DEC_3814,ACT_081,CHEMBL23587,N/C(=N\c1ccc(Cl)c(Cl)c1)Nc1nc(Nc2ccc(O)c(CN3CCCC3)c2)cc(C(F)(F)F)n1,540.3770000000003,5.9055000000000035,4,6,6,111.69,36,0,0.18823529411764706
DEC_3815,ACT_081,CHEMBL286456,N#CN=C1N(CC2CCCCC2)[C@H](Cc2ccccc2)[C@H](O)[C@@H](O)[C@@H](Cc2ccccc2)N1CC1CCCCC1,542.768,5.546080000000006,2,4,8,83.09,40,0,0.18823529411764706
DEC_3816,ACT_081,CHEMBL417624,O=c1c2c(oc(O)c1C(c1cccc(NS(=O)(=O)c3ccc(F)cc3F)c1)C1CC1)CCCCCC2,515.5780000000003,5.625300000000005,2,5,6,96.60999999999999,36,0,0.18867924528301888
DEC_3817,ACT_081,CHEMBL286608,CCNC(=O)N[C@@H](c1ccccc1)[C@@H](O)C(=O)OC1CC2C(C)(C)C1(C)[C@@]13C[C@H](C)c4ccccc4[C@@]21O3,518.6540000000003,4.5572000000000035,3,5,6,100.19000000000001,38,0,0.18867924528301888
DEC_3818,ACT_081,CHEMBL23752,CC(C)c1ccc(S(=O)(=O)NC(=O)C(c2ccc3c(c2)OCO3)c2c[nH]c3cc(C(=O)O)ccc23)cc1,520.5630000000003,4.355200000000003,3,6,7,134.79,37,0,0.19
DEC_3819,ACT_081,CHEMBL16547,O=c1c2c(oc(O)c1C(c1cccc(NS(=O)(=O)c3cccc(Cl)c3)c1)C1CC1)CCCCCC2,514.0430000000003,6.000500000000005,2,5,6,96.60999999999999,35,0,0.19101123595505617
DEC_3820,ACT_081,CHEMBL295649,COc1cc(NS(C)(=O)=O)ccc1Nc1c2ccccc2nc2cc(I)ccc12,519.3640000000001,5.116300000000003,2,5,5,80.32,29,0,0.1917808219178082
DEC_3821,ACT_081,CHEMBL31862,CCCCOC(=O)N[C@@H](c1ccccc1)[C@@H](O)C(=O)OC1CC2C(C)(C)C1(C)[C@@]13C[C@H](C)c4ccccc4[C@@]21O3,547.6920000000003,5.764400000000006,2,6,8,97.39,40,0,0.19230769230769232
DEC_3822,ACT_081,CHEMBL16234,O=c1c2c(oc(O)c1C(c1cccc(NS(=O)(=O)c3ccc(Cl)cc3)c1)C1CC1)CCCCCC2,514.0430000000003,6.000500000000004,2,5,6,96.60999999999999,35,0,0.19318181818181818
DEC_3823,ACT_081,CHEMBL29488,Cc1nc(O)c2c(ccc3nc(Nc4c(Cl)cccc4Cl)n(C)c32)c1CC(=O)N1CCN(C)CC1,513.4290000000004,4.502420000000004,2,6,4,86.52,35,0,0.19318181818181818
DEC_3824,ACT_081,CHEMBL36361,O=S(=O)(c1ccccc1)N(Cc1c[nH]cn1)c1ccc(N2CCN(C(=S)NC3CCCCC3)CC2)cc1,538.7430000000004,4.134400000000004,2,5,7,84.57,37,0,0.19444444444444445
DEC_3825,ACT_081,CHEMBL416153,C[Si](C)(C)CCOC(=O)C1C2CC(=O)C(c3cc(O)ccc32)C1NC(=O)OCc1ccc(-c2ccccc2)cc1,557.7190000000003,6.005400000000007,2,6,8,101.93000000000002,40,0,0.19607843137254902
DEC_3826,ACT_081,CHEMBL25989,CCCCc1nc2ccc(C3=NNC(=O)CC3C)cc2n1Cc1ccc(-c2ccccc2-c2nn[nH]n2)cc1,518.6250000000002,5.134400000000004,2,6,8,113.74,39,0,0.19626168224299065
DEC_3827,ACT_081,CHEMBL69145,Cc1cc(Br)cc(C(=O)NO)c1N(C)S(=O)(=O)c1ccc(Oc2ccc(C(C)(C)C)cc2)cc1,547.4710000000003,5.791420000000005,2,5,6,95.94000000000001,34,0,0.19753086419753085
DEC_3828,ACT_081,CHEMBL26449,CCCCc1nc2cc(C3=NN(Cc4ccc(-c5ccccc5-c5nn[nH]n5)cc4)C(=O)CC3C)ccc2[nH]1,518.6250000000002,5.525300000000005,2,6,8,115.81,39,0,0.19801980198019803
DEC_3829,ACT_081,CHEMBL280447,CN(C)c1ccc(S(=O)(=O)Nc2cccc(C(c3c(O)c4c(oc3=O)CCCCCC4)C3CC3)c2)cc1,522.6670000000006,5.413100000000005,2,6,7,99.85,37,0,0.2
DEC_3830,ACT_081,CHEMBL278913,CC1(c2ccc(OCC(=O)O)cc2)c2cc(C(=O)O)sc2C(=O)c2c1c1ccccc1n2Cc1ccccc1,537.5930000000003,5.811400000000004,2,5,7,105.83000000000001,39,0,0.2
DEC_3831,ACT_081,CHEMBL287220,Nc1ccc(CN2C(=O)N(Cc3ccc(N)cc3)[C@H](Cc3ccccc3)[C@H](O)[C@@H](O)[C@H]2Cc2ccccc2)cc1,536.6760000000003,4.233200000000004,4,5,8,116.05000000000001,40,0,0.2
DEC_3832,ACT_081,CHEMBL308649,Nc1ccc(C[C@@H]2[C@H](O)[C@@H](O)[C@@H](Cc3ccc(N)cc3)N(Cc3ccccc3)C(=O)N2Cc2ccccc2)cc1,536.6760000000003,4.233200000000003,4,5,8,116.05,40,0,0.2
DEC_3833,ACT_081,CHEMBL35677,O=S(=O)(c1ccccc1)N(Cc1c[nH]cn1)c1ccc(N2CCN(C(=S)NCC3CCCCC3)CC2)cc1,552.7700000000003,4.382000000000004,2,5,8,84.57,38,0,0.2018348623853211
DEC_3834,ACT_081,CHEMBL286146,CCOC(=O)N[C@@H](c1ccccc1)[C@@H](O)C(=O)OC1CC2C(C)(C)C1(C)[C@@]13C[C@@H](C)c4ccccc4[C@@]21O3,519.6380000000004,4.984200000000005,2,6,6,97.39,38,0,0.20192307692307693
DEC_3835,ACT_081,CHEMBL431305,CCOC(=O)N[C@@H](c1ccccc1)[C@@H](O)C(=O)OC1CC2C(C)(C)C1(C)[C@@]13C[C@H](C)c4ccccc4[C@@]21O3,519.6380000000004,4.984200000000005,2,6,6,97.39,38,0,0.20192307692307693
DEC_3836,ACT_081,CHEMBL55477,Cc1nc(-c2ccc(C(C)(C)C)cc2)sc1C(=O)N[C@H](C)[C@](O)(Cn1cncn1)c1ccc(F)cc1F,525.6250000000002,4.992020000000005,2,6,7,92.93,37,0,0.20212765957446807
DEC_3837,ACT_081,CHEMBL283810,C=C1C[C@@]23O[C@]2(c2ccccc21)C1CC(OC(=O)[C@H](O)[C@@H](NC(=O)OCCCC)c2ccccc2)C3(C)C1(C)C,545.6760000000002,5.6741000000000055,2,6,8,97.39,40,0,0.20212765957446807
DEC_3838,ACT_081,CHEMBL280753,O=C(Nc1cc(CN2CCCC2)c(O)c(CN2CCCC2)c1)c1cc(Br)sc1Br,543.3250000000002,5.4226000000000045,2,5,6,55.81000000000001,29,0,0.20270270270270271
DEC_3839,ACT_081,CHEMBL16352,CCCCC(c1cccc(NS(=O)(=O)c2ccc(C#N)cc2)c1)c1c(O)c2c(oc1=O)CCCCCC2,520.6510000000004,5.998980000000007,2,6,8,120.4,37,0,0.20388349514563106
DEC_3840,ACT_081,CHEMBL294164,CSc1ccc2c(cc1=O)[C@@H](NC(=O)c1ccc(CBr)cc1)CCc1cc(O)c(O)c(O)c1-2,528.4240000000002,4.8647000000000045,4,6,4,106.86000000000001,33,0,0.20388349514563106
DEC_3841,ACT_081,CHEMBL68823,Nc1ccc(C[C@H]2NC(=O)N([C@H](CC3CCCCC3)C(=O)N3CCC4(CCc5ccccc54)CC3)C2=O)cc1,528.6970000000005,4.577300000000005,2,4,6,95.74000000000001,39,0,0.20388349514563106
DEC_3842,ACT_081,CHEMBL308095,O=C1Nc2ccccc2C(c2ccccc2)=N[C@@H]1NC(=O)[C@@H](c1ccc(F)cc1)[C@H](CCO)c1ccc(F)c(F)c1,557.5720000000003,5.285700000000005,3,4,8,90.79,41,0,0.20430107526881722
DEC_3843,ACT_081,CHEMBL44036,O=C(NC[C@H]1CC[C@H](C(=O)NC2CCc3cc(F)ccc3C2Cc2cccnc2)CC1)Oc1ccccc1,515.6290000000002,5.573000000000006,2,4,7,80.32000000000001,38,0,0.20454545454545456
DEC_3844,ACT_081,CHEMBL31338,CCOC(=O)N[C@@H](c1ccc(Cl)cc1)[C@@H](O)C(=O)OC1CC2C(C)(C)C1(C)[C@@]13C[C@H](C)c4ccccc4[C@@]21O3,554.0830000000003,5.637600000000005,2,6,6,97.39,39,0,0.205607476635514
DEC_3845,ACT_081,CHEMBL23833,CCn1cc(C(C(=O)NS(=O)(=O)c2ccc(C(C)C)cc2)c2ccc3c(c2)OCO3)c2ccc(C(=O)O)cc21,548.6170000000003,4.848500000000004,2,6,8,123.93000000000002,39,0,0.20588235294117646
DEC_3846,ACT_081,CHEMBL52852,CC(C)NC(=O)c1ccc(C2(C3CCN(C4CCN(C(=O)c5cccc6[nH]ccc56)CC4)CC3)OCCO2)cc1,544.6960000000004,4.522500000000004,2,5,6,86.9,40,0,0.20588235294117646
DEC_3847,ACT_081,CHEMBL277938,O=C(Cn1c(C2CCNCC2)nc2cc(Cl)c(Cl)cc21)NNC(=O)NC12C[C@H]3C[C@@H](C1)C[C@@H](C2)C3,519.4770000000002,4.109300000000003,4,4,4,100.08000000000001,35,0,0.20652173913043478
DEC_3848,ACT_081,CHEMBL31694,C=C1C[C@@]23O[C@]2(c2ccccc21)C1CC(OC(=O)[C@H](O)[C@@H](NC(=O)CC(C)(C)C)c2ccccc2)C3(C)C1(C)C,543.7040000000002,5.700200000000006,2,5,6,88.16,40,0,0.20652173913043478
DEC_3849,ACT_081,CHEMBL281235,O=C(Nc1ccncc1)c1cccc2nc3c(N4CCN(CCc5ccc(F)c(F)c5)CC4)[nH]cnc-3c12,513.5520000000002,4.3529000000000035,2,6,6,90.04,38,0,0.20754716981132076
DEC_3850,ACT_081,CHEMBL280277,CC(C)CC(c1cccc(NS(=O)(=O)c2ccc(C#N)cc2)c1)c1c(O)c2c(oc1=O)CCCCCC2,520.6510000000004,5.854880000000007,2,6,7,120.4,37,0,0.2079207920792079
DEC_3851,ACT_081,CHEMBL283293,CC(=N)N1CCC(Oc2ccc3c(nc(C(C)C)n3Cc3ccc4ccc(C(=N)N)cc4c3)c2[N+](=O)[O-])CC1,527.6290000000002,5.393840000000004,3,6,7,147.15,39,0,0.20833333333333334
DEC_3852,ACT_081,CHEMBL36241,Cc1cc(C(=O)c2ccc(I)cc2)cc(C(=O)Nc2ccc([N+](=O)[O-])cc2Cl)c1O,536.7090000000002,5.350120000000004,2,5,5,109.54,30,0,0.20833333333333334
DEC_3853,ACT_081,CHEMBL48717,Cn1c(Cc2ccc(C(=N)N)cc2)nc2cc(NS(=O)(=O)c3cc(C(F)(F)F)cc(C(F)(F)F)c3)ccc21,555.5040000000001,5.286570000000003,3,4,6,113.85999999999999,38,0,0.20833333333333334
DEC_3854,ACT_081,CHEMBL283402,C=C1C[C@@]23O[C@]2(c2ccccc21)C1CC(OC(=O)[C@H](O)[C@@H](NC(=O)CCC)c2ccccc2)C3(C)C1(C)C,515.6500000000002,5.064100000000004,2,5,7,88.16,38,0,0.2087912087912088
DEC_3855,ACT_081,CHEMBL32245,C=C1C[C@@]23O[C@]2(c2ccccc21)C1CC(OC(=O)[C@H](O)[C@@H](NC(=O)NCC)c2ccccc2)C3(C)C1(C)C,516.6380000000001,4.466900000000004,3,5,6,100.19,38,0,0.2087912087912088
DEC_3856,ACT_081,CHEMBL284458,C=C1C[C@@]23O[C@]2(c2ccccc21)C1CC(OC(=O)[C@H](O)[C@@H](NC(=O)NC(C)(C)C)c2ccccc2)C3(C)C1(C)C,544.6920000000001,5.245500000000004,3,5,5,100.19,40,0,0.2087912087912088
DEC_3857,ACT_081,CHEMBL283667,C=C1C[C@@]23O[C@]2(c2ccccc21)C1CC(OC(=O)[C@H](O)[C@@H](NC(=O)CC(C)C)c2ccccc2)C3(C)C1(C)C,529.6770000000001,5.310100000000005,2,5,7,88.16,39,0,0.2087912087912088
DEC_3858,ACT_082,CHEMBL33409,CC1(C)N=C(N)N=C(N)N1c1ccc(C#C[Si](C)(C)C)cc1,313.48100000000005,2.1009999999999995,2,5,1,79.99999999999999,22,0,0.10752688172043011
DEC_3859,ACT_082,CHEMBL22192,Oc1cc(/C=C/C(Br)Br)nc(O)n1,309.945,2.0169,2,4,2,66.24000000000001,13,0,0.125
DEC_3860,ACT_082,CHEMBL273956,CC(C)(C)c1cc(-c2nnc(S)n2N)cc(C(C)(C)C)c1O,320.4620000000001,3.248200000000001,3,5,1,76.96000000000001,22,0,0.13253012048192772
DEC_3861,ACT_082,CHEMBL18951,Cc1cc(/N=c2\c(O)c(O)\c2=N/[C@H](C)C(C)(C)C)ccc1C#N,311.38500000000005,2.7212000000000005,2,5,2,88.97,23,0,0.1326530612244898
DEC_3862,ACT_082,CHEMBL287513,Oc1cc2c(cc1O)[C@H]1c3cc4c(nc3CN[C@@H]1CC2)CCCC4,322.4080000000002,2.921500000000001,3,4,0,65.38,24,0,0.13580246913580246
DEC_3863,ACT_082,CHEMBL21856,Cc1cc(I)c2c(O)cc(C(=O)O)nc2c1,329.0930000000001,2.5516200000000007,2,3,1,70.42,16,0,0.14634146341463414
DEC_3864,ACT_082,CHEMBL284157,CC1(C)N=C(N)N=C(N)N1c1ccc(C#Cc2ccccc2)cc1,317.396,2.2719000000000005,2,5,1,79.99999999999999,24,0,0.14666666666666667
DEC_3865,ACT_082,CHEMBL276112,CC(C)(C)c1cc(CN)c(O)c(I)n1,306.147,2.148,2,3,1,59.14,14,0,0.14925373134328357
DEC_3866,ACT_082,CHEMBL281628,CC(C)(C)/N=c1\c(O)c(O)\c1=N/Cc1ccc(C#N)c(Cl)c1,317.77599999999995,2.2985800000000003,2,5,2,88.97,22,0,0.14925373134328357
DEC_3867,ACT_082,CHEMBL279456,O=C(O)c1ccc2oc3ccc(S(=O)(=O)O)cc3c(=O)c2c1,320.2780000000001,1.8911000000000002,2,5,2,121.88,22,0,0.1511627906976744
DEC_3868,ACT_082,CHEMBL24078,CC(=O)[O-].Cc1c2cc[n+](C)cc2c(C)c2c1[nH]c1ccc(O)cc12,336.3910000000001,2.37744,2,3,0,80.03,25,0,0.1566265060240964
DEC_3869,ACT_082,CHEMBL9126,N=C(N)c1ccc(N2CCN(c3ccc(C(=N)N)cc3)CC2)cc1,322.4160000000001,1.58134,4,4,4,106.22000000000001,24,0,0.15873015873015872
DEC_3870,ACT_082,CHEMBL21529,Cc1cc(I)cc2nc(C(=O)O)cc(O)c12,329.0930000000001,2.551620000000001,2,3,1,70.42,16,0,0.15942028985507245
DEC_3871,ACT_082,CHEMBL22462,O=C(O)c1cc(O)c2c(I)cccc2n1,315.06600000000003,2.2432,2,3,1,70.42,15,0,0.16216216216216217
DEC_3872,ACT_082,CHEMBL278261,CN(Cc1c[nH]c2nc(N)nc(N)c12)c1cccc2ccccc12,318.384,2.911900000000001,3,5,3,96.85,24,0,0.16304347826086957
DEC_3873,ACT_082,CHEMBL23763,CNS(=O)(=O)c1ccc2oc3ccc(C(=O)O)cc3c(=O)c2c1,333.3210000000001,1.5524999999999998,2,5,3,113.68,23,0,0.1643835616438356
DEC_3874,ACT_082,CHEMBL19110,C[C@@H](/N=c1\c(O)c(O)\c1=N/c1ccc2[nH]ncc2c1)C(C)(C)C,312.3730000000001,2.4174000000000007,3,5,2,93.86,23,0,0.16470588235294117
DEC_3875,ACT_082,CHEMBL30252,CC(=O)C1CCC2C(=O)C3=C(O)c4c(O)ccc(O)c4CC3CC2C1,342.39100000000013,3.1335000000000015,3,5,1,94.83000000000001,25,0,0.16470588235294117
DEC_3876,ACT_082,CHEMBL273362,Cc1cc(C#N)ccc1/N=c1\c(O)c(O)\c1=N/[C@H](C)C(C)(C)C,311.38500000000005,2.7212000000000005,2,5,2,88.97,23,0,0.16666666666666666
DEC_3877,ACT_082,CHEMBL19558,CC(C)(C)/N=c1\c(O)c(O)\c1=N/Cc1ccc(C#N)cc1Cl,317.77599999999995,2.2985800000000003,2,5,2,88.97,22,0,0.16666666666666666
DEC_3878,ACT_082,CHEMBL287367,NCCc1c[nH]c(-c2cccc(I)c2)n1,313.142,2.1825,2,2,3,54.7,15,0,0.16666666666666666
DEC_3879,ACT_082,CHEMBL19818,CCC(C)(C)/N=c1\c(O)c(O)\c1=N/Cc1ccc(F)cc1F,308.328,2.4418000000000006,2,4,4,65.18,22,0,0.1686746987951807
DEC_3880,ACT_082,CHEMBL283533,O=C1Nc2ccccc2C(=O)N2Cc3[nH]c4ccccc4c3CC12,317.34800000000007,2.687100000000001,2,2,0,65.2,24,0,0.1686746987951807
DEC_3881,ACT_082,CHEMBL12841,O=Cc1ccn(-c2cc3nc(O)c(O)nc3cc2C(F)(F)F)c1,323.22999999999996,2.663000000000001,2,5,2,88.24000000000001,23,0,0.16901408450704225
DEC_3882,ACT_082,CHEMBL17421,O=S1NC(Cc2c[nH]c3ccc(Br)cc23)=NO1,314.16400000000004,1.9848999999999994,2,3,2,66.48,17,0,0.16901408450704225
DEC_3883,ACT_082,CHEMBL18482,CC(/N=c1\c(O)c(O)\c1=N/c1cccc2cccnc12)C(C)(C)C,323.39600000000013,3.0893000000000015,2,5,2,78.07000000000001,24,0,0.16901408450704225
DEC_3884,ACT_082,CHEMBL19694,CCC(C)(C)/N=c1\c(O)c(O)\c1=N/Cc1ccc(F)c(F)c1,308.328,2.4418000000000006,2,4,4,65.18,22,0,0.16901408450704225
DEC_3885,ACT_082,CHEMBL268228,C/C=C(\NC(=O)C1CC1(Br)Br)C(=O)O,326.97200000000004,1.5970000000000002,2,2,3,66.4,14,0,0.1694915254237288
DEC_3886,ACT_082,CHEMBL28129,O=C(O)c1c(=O)c2cc(F)c(N3CCNCC3)cc2n2ccsc12,347.371,1.7610999999999994,2,5,2,74.05,24,0,0.17045454545454544
DEC_3887,ACT_082,CHEMBL20265,CC(C)(C)/N=c1\c(O)c(O)\c1=N/Cc1ccc(F)cc1Cl,310.756,2.5660000000000016,2,4,2,65.18,21,0,0.17073170731707318
DEC_3888,ACT_082,CHEMBL18971,C[C@@H](/N=c1\c(O)c(O)\c1=N/c1ccc2c[nH]nc2c1)C(C)(C)C,312.3730000000001,2.4174000000000007,3,5,2,93.86,23,0,0.17105263157894737
DEC_3889,ACT_082,CHEMBL23227,Cc1cc(Cl)ccc1NCc1ccc2nc(N)nc(N)c2c1,313.79200000000003,3.3681200000000002,3,5,3,89.85,22,0,0.17105263157894737
DEC_3890,ACT_082,CHEMBL19257,CC(=O)c1ccc(/N=c2\c(O)c(O)\c2=N/C(C)C(C)(C)C)cc1,314.38500000000005,2.7437000000000014,2,5,3,82.25,23,0,0.17142857142857143
DEC_3891,ACT_082,CHEMBL280594,O=C(O)Cc1cccc2c(=O)c3cccc(CC(=O)O)c3oc12,312.27700000000004,2.2003999999999997,2,4,4,104.81,23,0,0.171875
DEC_3892,ACT_082,CHEMBL280209,CC(/N=c1\c(O)c(O)\c1=N/[C@H](C)C(C)(C)C)c1ccc(C#N)cc1,325.41200000000003,2.8422800000000015,2,5,3,88.97,24,0,0.1728395061728395
DEC_3893,ACT_082,CHEMBL23374,Cc1c(CCc2cccc3ccccc23)cnc2nc(N)nc(N)c12,329.4070000000001,3.43602,2,5,3,90.71,25,0,0.17333333333333334
DEC_3894,ACT_082,CHEMBL18829,CC(C)(/N=c1\c(O)c(O)\c1=N/c1ccc(C#N)cc1)c1ccccc1,331.37500000000006,2.9134800000000007,2,5,3,88.97,25,0,0.17391304347826086
DEC_3895,ACT_082,CHEMBL19955,O=C(O)c1cn2c3c(nc(O)c2n1)-c1ccccc1C3N1CC=CC1=O,348.3180000000001,1.6013,2,5,2,108.03,26,0,0.175
DEC_3896,ACT_082,CHEMBL7974,O=C(O)C1Cc2cc3c(-c4ccc(O)cc4)noc3c(Cl)c2O1,331.71100000000007,3.241900000000001,2,5,2,92.79,23,0,0.17525773195876287
DEC_3897,ACT_082,CHEMBL279489,O=C(O)c1cc(O)c2ccc(I)cc2n1,315.06600000000003,2.2432,2,3,1,70.42,15,0,0.17543859649122806
DEC_3898,ACT_082,CHEMBL16303,O=C(O)C1CC2CC(c3ccc(-c4nn[nH]n4)cc3)CCC2CN1,327.38800000000015,1.8130999999999997,3,5,3,103.79,24,0,0.17582417582417584
DEC_3899,ACT_082,CHEMBL288548,CCn1c2cc(N3CCNCC3)c(F)cc2c2c(N)ncnc21,314.368,1.7352999999999998,2,5,2,72.0,23,0,0.17592592592592593
DEC_3900,ACT_082,CHEMBL23575,CNc1cc(S(=O)(=O)c2ccc(N)cc2)cc(Br)n1,342.218,2.3007999999999997,2,5,3,85.08,19,0,0.17647058823529413
DEC_3901,ACT_082,CHEMBL18931,C[C@@H](/N=c1\c(O)c(O)\c1=N/c1ccc(C#N)cc1Cl)C(C)(C)C,331.8030000000001,3.066180000000002,2,5,2,88.97,23,0,0.17708333333333334
DEC_3902,ACT_082,CHEMBL273310,CCn1cc(C(=O)O)c(=O)c2c(C)c(F)c(N3CCNCC3)c(F)c21,351.35300000000007,1.71582,2,4,3,74.57000000000001,25,0,0.17721518987341772
DEC_3903,ACT_082,CHEMBL16289,O=C(O)[C@@H]1C[C@H]2C[C@@H](c3ccccc3Cc3nnn[nH]3)CC[C@H]2CN1,341.41500000000013,1.7368999999999997,3,5,4,103.78999999999999,25,0,0.17721518987341772
DEC_3904,ACT_082,CHEMBL21036,O=[N+]([O-])c1ccc(S(=O)(=O)Nc2cccc3cc(O)[nH]c23)cc1,333.32500000000005,2.5825000000000005,3,5,4,125.33000000000001,23,0,0.17721518987341772
DEC_3905,ACT_082,CHEMBL27135,Nc1ccc(S(=O)(=O)Nc2cc(-c3ccccc3)on2)cc1,315.35400000000004,2.7246000000000006,2,5,4,98.22,22,0,0.1774193548387097
DEC_3906,ACT_082,CHEMBL281427,Cc1noc(NS(=O)(=O)c2ccc3ccc(N)cc3c2)c1C,317.37000000000006,2.8276400000000006,2,5,3,98.22,22,0,0.1780821917808219
DEC_3907,ACT_082,CHEMBL22555,O=C(O)c1cc(O)c2cc(I)ccc2n1,315.06600000000003,2.2432,2,3,1,70.42,15,0,0.17857142857142858
DEC_3908,ACT_083,CHEMBL23216,NC(=O)c1cc(N(CCI)CCI)c([N+](=O)[O-])cc1[N+](=O)[O-],534.0480000000002,2.2783000000000007,1,6,8,132.61,22,0,0.13253012048192772
DEC_3909,ACT_083,CHEMBL23065,NC(=O)c1cc([N+](=O)[O-])cc([N+](=O)[O-])c1N(CCI)CCI,534.048,2.2782999999999998,1,6,8,132.61,22,0,0.13846153846153847
DEC_3910,ACT_083,CHEMBL283188,COC[C@H]1O[C@@H](OCC23C[C@@H]4[C@H](C)CC[C@H]4C4(C=O)CC2C=C(C(C)C)C34C(=O)O)[C@H]2O[C@H]2[C@@H]1OC,504.6200000000003,3.0813000000000015,1,7,9,103.82000000000001,36,0,0.14563106796116504
DEC_3911,ACT_083,CHEMBL13353,CCCCS/C=C1\C(=O)O[C@H](COC)[C@@]2(C)C1=C(O)C(=O)C1=C2[C@H](OC(C)=O)C[C@]2(C)C(=O)CC[C@@H]12,518.6280000000004,3.9939000000000027,1,9,7,116.20000000000002,36,0,0.14655172413793102
DEC_3912,ACT_083,CHEMBL21592,CC(C)C1=CC2CC3(C=O)[C@@H]4CC[C@@H](C)[C@H]4CC2(CO[C@@H]2O[C@H](C)[C@H]4OC(=S)O[C@H]4[C@@H]2O)C13C(=O)O,520.6440000000002,3.102200000000001,2,8,6,111.52000000000002,36,0,0.14705882352941177
DEC_3913,ACT_083,CHEMBL431704,C=C(Cl)CN1C[C@H](OCC23C[C@@H]4[C@H](C)CC[C@H]4C4(C=O)CC2C=C(C(C)C)[C@@]34C(=O)O)OC[C@H]1CO,522.0820000000003,3.699300000000003,2,6,9,96.30000000000001,36,0,0.1509433962264151
DEC_3914,ACT_083,CHEMBL56244,CCC(=O)OCC(=O)[C@@]1(OC(=O)CC)[C@@H](C)C[C@H]2C3CCC4=CC(=O)C=C[C@]4(C)[C@@]3(F)[C@@H](O)[C@@H](O)[C@@]21C,520.5940000000003,2.7883000000000004,2,8,6,127.20000000000002,37,0,0.15294117647058825
DEC_3915,ACT_083,CHEMBL300640,CCC(=O)OCC(=O)[C@@]1(OC(=O)CC)[C@@H](C)C[C@H]2C3CCC4=CC(=O)C=C[C@]4(C)[C@@]3(Cl)[C@@H](O)[C@@H](O)[C@@]21C,537.0490000000002,3.0576000000000016,2,8,6,127.20000000000002,37,0,0.15294117647058825
DEC_3916,ACT_083,CHEMBL58642,COc1c2c(c(OC)c(SC(C)C)c1SC(C)C)[C@H](CO)N1C(C#N)[C@@H]3C[C@@H](C(=O)O)[C@H]([C@@H]1C2)N3C,535.7320000000002,3.644180000000002,2,9,8,106.25999999999999,36,0,0.15454545454545454
DEC_3917,ACT_083,CHEMBL51987,CCCCN(Cc1ccc(-c2ccccc2-c2nn[nH]n2)cc1)c1ncnc2c1nc([S+](C)[O-])n2C,501.6200000000002,3.754500000000002,1,8,9,124.36000000000001,36,0,0.1553398058252427
DEC_3918,ACT_083,CHEMBL33928,CC(C)C1=CC2CC3(C=O)[C@@H]4CC[C@@H](C)[C@H]4CC2(CO[C@H]2CN(S(=O)(=O)C4CC4)[C@H](C)CO2)[C@]13C(=O)O,535.7030000000004,3.4666000000000023,1,6,8,110.21,37,0,0.15841584158415842
DEC_3919,ACT_083,CHEMBL283693,O=[N+]([O-])c1ccc2[nH]c3c(N4CCN(CCc5ccc(F)c(F)c5)CC4)nc(CN4CCOCC4)nc3c2c1,537.5710000000003,3.4944000000000024,1,8,7,103.66,39,0,0.1588785046728972
DEC_3920,ACT_083,CHEMBL435369,O=C(Cc1cccs1)N[C@@H]1C(=O)N2C(C(=O)O)=C(/C=C/[S+]([O-])c3ccc([N+](=O)[O-])cc3)CS[C@H]12,519.5820000000002,2.2589000000000006,2,8,8,152.91000000000003,34,0,0.15966386554621848
DEC_3921,ACT_083,CHEMBL266099,CCCn1c(=O)c2nc(-c3ccc(S(=O)(=O)Oc4cccc([N+](=O)[O-])c4)cc3)[nH]c2n(CCC)c1=O,513.5320000000003,3.049200000000001,1,8,9,159.19,36,0,0.16037735849056603
DEC_3922,ACT_083,CHEMBL55110,O=C(CN(Cc1ccc([N+](=O)[O-])cc1)S(=O)(=O)C(F)(F)C(F)(F)C(F)(F)C(F)(F)F)NO,507.287,2.6577,2,6,9,129.85,32,0,0.16049382716049382
DEC_3923,ACT_083,CHEMBL291450,COC(=O)[C@@H](C)[C@H](O)[C@H](C)[C@H]1OC(=O)/C(OC)=C/C(C)=C/[C@@H](C)C(=O)[C@@H](C)C/C(C)=C/C=C/[C@@H]1OC,506.6360000000003,3.943400000000003,1,8,6,108.36000000000003,36,0,0.1619047619047619
DEC_3924,ACT_083,CHEMBL276865,CCN(/C=C1\C(=O)O[C@H](COC)[C@@]2(C)C1=C(O)C(=O)C1=C2[C@H](OC(C)=O)C[C@]2(C)C(=O)CC[C@@H]12)CC,501.5760000000004,2.8024000000000004,1,9,6,119.44,36,0,0.16216216216216217
DEC_3925,ACT_083,CHEMBL279160,CCN(/C=C1/C(=O)O[C@H](COC)[C@@]2(C)C1=C(O)C(=O)C1=C2[C@H](OC(C)=O)C[C@]2(C)C(=O)CC[C@@H]12)CC,501.5760000000004,2.8024000000000004,1,9,6,119.44,36,0,0.16216216216216217
DEC_3926,ACT_083,CHEMBL299423,CCOCOCCC1(O)C(=O)OCc2c1cc1n(c2=O)Cc2c-1nc1cc3c(cc1c2CCl)OCCO3,528.9450000000004,2.5803000000000003,1,9,7,118.33999999999999,37,0,0.16216216216216217
DEC_3927,ACT_083,CHEMBL299608,CCCCN(Cc1ccc(-c2ccccc2-c2nn[nH]n2)cc1)c1ncnc2c1nc(S(C)(=O)=O)n2C,517.6190000000001,3.420600000000001,1,9,9,135.44,37,0,0.1650485436893204
DEC_3928,ACT_083,CHEMBL81326,CCO/C(O)=C1\C(C)=NC(C)=C(C(=O)OCN2C(=O)c3ccccc3S2(=O)=O)C1c1cccc([N+](=O)[O-])c1,541.5380000000002,3.578400000000003,1,10,7,165.71,38,0,0.1651376146788991
DEC_3929,ACT_083,CHEMBL8865,CCCn1c(=O)c2nc(-c3ccc(S(=O)(=O)Oc4ccc([N+](=O)[O-])cc4)cc3)[nH]c2n(CCC)c1=O,513.5320000000003,3.049200000000001,1,8,9,159.19,36,0,0.16666666666666666
DEC_3930,ACT_083,CHEMBL419853,COC(=O)C(C)NP(=O)(OCC1OC(n2cc(C)c(=O)[nH]c2=O)CC1F)OCC(Cl)(Cl)Cl,540.6960000000001,2.1332199999999997,2,8,9,137.94999999999996,32,0,0.16981132075471697
DEC_3931,ACT_083,CHEMBL299510,C[C@@H](n1cnc2cc(-c3ccc([N+](=O)[O-])cc3)sc2c1=O)[C@](O)(Cn1cncn1)c1ccc(F)cc1F,524.5090000000002,4.0519000000000025,1,8,7,128.97,37,0,0.17272727272727273
DEC_3932,ACT_083,CHEMBL78886,CO/C(O)=C1\C(C)=NC(C)=C(C(=O)OCCN2C(=O)c3ccccc3S2(=O)=O)C1c1cccc([N+](=O)[O-])c1,541.5380000000002,3.230800000000002,1,10,7,165.71,38,0,0.17272727272727273
DEC_3933,ACT_083,CHEMBL46685,COC(OC)[C@]1(C)Oc2ccc([N+](=O)[O-])cc2[C@@H](N(Cc2ncc[nH]2)c2ccc(Br)cc2)[C@@H]1O,533.3790000000002,3.959200000000003,2,8,8,122.98,34,0,0.17307692307692307
DEC_3934,ACT_083,CHEMBL295461,COC(=O)C(C)NP(=O)(OCC1C=CC(n2cc(C)c(=O)[nH]c2=O)O1)Oc1cc(Cl)cc(Cl)c1,534.2890000000003,2.9602200000000005,2,8,9,137.94999999999996,34,0,0.17346938775510204
DEC_3935,ACT_083,CHEMBL57025,C[C@@H](n1cnc2cc(S(=O)(=O)c3ccccc3)ccc2c1=O)[C@](O)(Cn1cncn1)c1ccc(F)cc1F,537.5480000000002,3.248000000000002,1,7,7,119.97,38,0,0.17346938775510204
DEC_3936,ACT_083,CHEMBL301393,COCOCCC1(O)C(=O)OCc2c1cc1n(c2=O)Cc2c-1nc1cc3c(cc1c2CCl)OCCO3,514.9180000000003,2.1902,1,9,6,118.33999999999999,36,0,0.1743119266055046
DEC_3937,ACT_083,CHEMBL26779,Cc1nc2c(c(C(N)=O)c1[N+](=O)[O-])c1ncnc(N3CCN(CCc4ccc(F)c(F)c4)CC3)c1n2C,510.5050000000004,2.47492,1,8,6,136.31000000000003,37,0,0.1746031746031746
DEC_3938,ACT_083,CHEMBL275555,COC(=O)C[C@@H](c1ccc(OC)nc1)N(C)C(=O)CCCCc1nc2c(cc1Br)CCCN2,519.4400000000004,4.081400000000003,1,7,10,93.65,33,0,0.17475728155339806
DEC_3939,ACT_083,CHEMBL31400,O=C1c2cccc3cccc(c23)C(=O)N1CCNCCCNCCN1C(=O)c2cccc3cccc(c23)C1=O,520.5890000000003,3.4545000000000012,2,6,10,98.82,39,0,0.17543859649122806
DEC_3940,ACT_083,CHEMBL266159,COC(=O)C(C)NP(=O)(OCC1OC(n2cc(C)c(=O)[nH]c2=O)CC1N=[N+]=[N-])Oc1ccc(C)cc1,522.4550000000003,2.474639999999999,2,9,10,186.70999999999998,36,0,0.17708333333333334
DEC_3941,ACT_083,CHEMBL290912,CCN(CC)CCOC(=O)C(C)(c1ccc(OC(=O)N(C)C)cc1)c1ccc(OC(=O)N(C)C)cc1,499.60800000000023,3.998400000000003,0,7,10,88.61999999999999,36,0,0.1780821917808219
DEC_3942,ACT_083,CHEMBL55381,C[C@@H](n1cnc2cc(OCC(F)(F)C(F)F)ccc2c1=O)[C@](O)(Cn1cncn1)c1ccc(F)cc1F,527.4250000000002,3.6944000000000026,1,6,9,95.06,37,0,0.1782178217821782
DEC_3943,ACT_083,CHEMBL294446,O=C(Cn1cc(Cc2cncnc2)c(=O)nc1SCc1ccc(F)cc1)N1CCN(c2cncnc2)CC1,532.6050000000001,2.1943,0,9,8,109.99999999999999,38,0,0.1782178217821782
DEC_3944,ACT_083,CHEMBL69977,CCOC(=O)c1cc(NC(=O)c2cc(NC3=CC4=NCCc5cn(C)c(c54)C3=O)cn2COC)cn1COC,534.5730000000003,2.8024000000000013,2,8,10,130.10999999999999,39,0,0.1782178217821782
DEC_3945,ACT_083,CHEMBL12120,CC(CN1CCN(CC(c2ccc(F)cc2)N2CCN(C)CC2)CC1)C(=O)c1ccc([N+](=O)[O-])cc1,497.6150000000004,3.1590000000000016,0,7,9,73.17,36,0,0.17894736842105263
DEC_3946,ACT_083,CHEMBL443263,C[C@@H](n1cnc2cc(N3CCN(C)CC3)ccc2c1=O)[C@](O)(Cn1cncn1)c1ccc(F)cc1F,495.5340000000001,2.167,1,7,6,92.31,36,0,0.1792452830188679
DEC_3947,ACT_083,CHEMBL17294,CCCn1c(=O)c2nc(-c3ccc(/C=C/C(=O)NN4C(=O)C(C)=C(C)C4=O)cc3)[nH]c2n(CCC)c1=O,504.54700000000037,2.1228999999999996,2,6,8,139.16,37,0,0.1797752808988764
DEC_3948,ACT_083,CHEMBL284918,CCc1nn(Cc2ccc(-c3ccccc3-c3nn[nH]n3)cc2)/c(=N/C(=O)C2=C(C(=O)O)CCC2)s1,501.5720000000003,3.394800000000002,2,7,7,139.01,36,0,0.18095238095238095
DEC_3949,ACT_083,CHEMBL275734,C=CCN1CC(=O)N2C(c3ccco3)C(C(=O)OCc3ccccc3)CC2(COCc2ccccc2)C1=O,514.5780000000003,3.8964000000000034,0,6,10,89.29000000000002,38,0,0.18269230769230768
DEC_3950,ACT_083,CHEMBL289778,CCOC(=O)C1=CSCC(=O)N1C1C[C@@H](OC(=O)c2ccc(C)cc2)C(COC(=O)c2ccc(C)cc2)O1,539.6060000000003,3.7807400000000033,0,9,8,108.44000000000001,38,0,0.18292682926829268
DEC_3951,ACT_083,CHEMBL419840,CCO/C(O)=C1\C(COCC(C)(O)Cn2cncn2)=NC(C)=C(C(=O)OC)C1c1cccc(Cl)c1Cl,539.4160000000003,3.844000000000002,2,9,10,128.29,36,0,0.1834862385321101
DEC_3952,ACT_083,CHEMBL311601,CN1CCN(Cc2cccc(C(=O)OCC(NC(=O)C(Cl)Cl)C(O)c3ccc([N+](=O)[O-])cc3)c2)CC1,539.4159999999999,2.5211000000000006,2,8,10,125.25,36,0,0.18446601941747573
DEC_3953,ACT_083,CHEMBL283255,NC(=O)c1cccc2c1c1ncnc(N3CCN(CCc4ccc(F)c(F)c4)CC3)c1n2Cc1ccncc1,527.5790000000003,3.7696000000000023,1,6,7,93.17,39,0,0.18548387096774194
DEC_3954,ACT_083,CHEMBL300889,COC(=O)C(NP(=O)(OCC1C=CC(n2cc(C)c(=O)[nH]c2=O)O1)Oc1ccccc1)C(C)C,493.45300000000026,2.2895199999999996,2,8,10,137.94999999999996,34,0,0.18556701030927836
DEC_3955,ACT_083,CHEMBL52812,CCO/C(O)=C1\C(COCCn2nncc2C(N)=O)=NC(C)=C(C(=O)OC)C1c1cccc(Cl)c1Cl,538.3880000000003,3.191900000000002,2,9,10,151.15,36,0,0.18556701030927836
DEC_3956,ACT_083,CHEMBL287493,CCCn1c(=O)c2nc(-c3cc(NC(=O)Cc4ccc([N+](=O)[O-])cc4)nn3C)[nH]c2n(CCC)c1=O,494.5120000000003,2.1962,2,7,9,162.73999999999998,36,0,0.18604651162790697
DEC_3957,ACT_083,CHEMBL75098,CC(C)CN1CCC(NS(=O)(=O)c2ccc(N(C)C(=O)/C=C/c3ccc(S(C)(=O)=O)cc3)cc2)CC1,533.7160000000001,3.165000000000002,1,6,9,103.85999999999999,36,0,0.18604651162790697
DEC_3958,ACT_084,CHEMBL416763,C=CCCOc1ccccc1C(=O)NCCNCC(O)COc1cccc2c1OCCO2,442.5120000000002,2.171999999999999,3,7,13,98.28000000000002,32,0,0.15306122448979592
DEC_3959,ACT_084,CHEMBL9737,O=C(O)CC(NC(=O)CNC(=O)CCCNc1ccccn1)c1cccc([N+](=O)[O-])c1,429.4330000000001,1.6303000000000007,4,7,12,163.56,31,0,0.18518518518518517
DEC_3960,ACT_084,CHEMBL20737,O=C(O)CN(Cc1ccccc1O)CC(O)CN(CC(=O)O)Cc1ccccc1O,418.4460000000002,0.9321000000000004,5,7,12,141.77,30,0,0.1896551724137931
DEC_3961,ACT_084,CHEMBL264758,NCCCC[C@H](OP(=O)(O)CCCCc1ccccc1)C(=O)N1COC[C@H]1C(=O)O,442.4490000000002,1.9784,3,6,13,139.39,30,0,0.19791666666666666
DEC_3962,ACT_084,CHEMBL35419,NCCCC[C@H](OP(=O)(O)CCCCc1ccccc1)C(=O)N1C[C@@H](O)C[C@H]1C(=O)O,456.47600000000017,1.7552999999999996,4,6,13,150.39,31,0,0.2
DEC_3963,ACT_084,CHEMBL33025,NCCCC[C@H](OP(=O)(O)CCCCc1ccccc1)C(=O)N1C[C@H](O)C[C@H]1C(=O)O,456.47600000000017,1.7552999999999996,4,6,13,150.39,31,0,0.2
DEC_3964,ACT_084,CHEMBL40428,CC(C)C[C@@H](/C=N/NCCO)NC(=O)[C@@H](NS(=O)(=O)c1ccc(F)cc1)C(C)C,430.54600000000016,1.2272000000000005,4,6,12,119.88999999999999,29,0,0.2073170731707317
DEC_3965,ACT_084,CHEMBL33071,CCCCOc1c(OC)cc(CN(CCN(CC(=O)O)CC(=O)O)C(=O)O)cc1OC,442.46500000000015,1.8339000000000008,3,7,15,146.07,31,0,0.2261904761904762
DEC_3966,ACT_084,CHEMBL10814,COc1ccc(CCNCC(O)COc2ccc(-c3nc(CO)c[nH]3)cc2)cc1OC,427.50100000000015,2.1582,4,7,12,108.86,31,0,0.23157894736842105
DEC_3967,ACT_084,CHEMBL12842,CS(=O)(=O)OCCN(CCCl)c1ccc(C(=O)N[C@@H](CCC(=O)O)C(=O)O)cc1,450.8970000000002,0.7558000000000006,3,7,13,150.31,29,0,0.2391304347826087
DEC_3968,ACT_084,CHEMBL11427,COc1ccc(CCNCC(O)COc2ccc(-c3nc(C(N)=O)c[nH]3)cc2)cc1OC,440.50000000000017,1.7647999999999995,4,7,12,131.71999999999997,32,0,0.25
DEC_3969,ACT_084,CHEMBL31595,N[C@@H](CCC(=O)NC(CSCc1ccc(Cl)cc1)C(=O)NCC(=O)O)C(=O)O,431.8980000000002,0.4509000000000007,5,6,12,158.82,28,0,0.25
DEC_3970,ACT_084,CHEMBL32001,N[C@@H](CCC(=O)NC(CSCCCCCc1ccccc1)C(=O)NCC(=O)O)C(=O)O,453.5610000000001,1.0103000000000004,5,6,16,158.82,31,0,0.2714285714285714
DEC_3971,ACT_084,CHEMBL283590,N[C@@H](CCC(=O)NC(CSCc1cccc(Cl)c1)C(=O)NCC(=O)O)C(=O)O,431.8980000000002,0.4508999999999998,5,6,12,158.82,28,0,0.2714285714285714
DEC_3972,ACT_084,CHEMBL32624,N[C@@H](CCC(=O)NC(CSCCCCc1ccccc1)C(=O)NCC(=O)O)C(=O)O,439.5340000000001,0.6202000000000008,5,6,15,158.82,30,0,0.2753623188405797
DEC_3973,ACT_084,CHEMBL283234,N[C@@H](CCC(=O)NC(CSCc1ccccc1Cl)C(=O)NCC(=O)O)C(=O)O,431.8980000000002,0.4508999999999998,5,6,12,158.82,28,0,0.2753623188405797
DEC_3974,ACT_084,CHEMBL31543,N[C@@H](CCC(=O)NC(CSCCCc1ccccc1)C(=O)NCC(=O)O)C(=O)O,425.5070000000001,0.23010000000000097,5,6,14,158.82,29,0,0.27941176470588236
DEC_3975,ACT_084,CHEMBL278596,CNC(Cc1ccccc1)C(=O)N[C@H]1CCCC[C@H]1C(=O)N[C@@H](C=O)CCCN=C(N)N,444.5800000000002,0.22940000000000338,5,5,12,151.70000000000002,32,0,0.2857142857142857
DEC_3976,ACT_084,CHEMBL22147,CNC(Cc1ccccc1)C(=O)N[C@@H]1CCCC[C@H]1C(=O)N[C@@H](C=O)CCCN=C(N)N,444.5800000000002,0.22940000000000338,5,5,12,151.70000000000002,32,0,0.2857142857142857
DEC_3977,ACT_084,CHEMBL430720,CNC(Cc1ccccc1)C(=O)N[C@@H]1CCCC[C@@H]1C(=O)N[C@@H](C=O)CCCN=C(N)N,444.5800000000002,0.22940000000000338,5,5,12,151.70000000000002,32,0,0.2857142857142857
DEC_3978,ACT_084,CHEMBL279953,CNC(Cc1ccccc1)C(=O)N[C@H]1CCCC[C@@H]1C(=O)N[C@@H](C=O)CCCN=C(N)N,444.5800000000002,0.22940000000000338,5,5,12,151.70000000000002,32,0,0.2857142857142857
DEC_3979,ACT_084,CHEMBL286500,CCC(C)C(NC(=O)[C@@H](CC(=O)NO)Cc1ccccc1)C(=O)NC(C(=O)O)C(C)C,435.52100000000013,1.4971000000000005,5,5,12,144.82999999999998,31,0,0.34375
DEC_3980,ACT_084,CHEMBL28029,CCC(C)C(NC(=O)[C@H](CC(=O)NO)Cc1ccccc1)C(=O)NC(C(=O)O)C(C)C,435.52100000000013,1.4971000000000005,5,5,12,144.82999999999998,31,0,0.34375
DEC_3981,ACT_085,CHEMBL299724,CC(C)CNS(=O)(=O)c1ccc2c(c1)/C(=C/c1[nH]c3c(c1CCCN(C)C)CCCC3)C(=O)N2,484.6660000000004,3.814700000000003,3,4,9,94.30000000000001,34,0,0.14545454545454545
DEC_3982,ACT_085,CHEMBL6274,Cn1cc(C2=C(c3cn(CCCCCSC(=N)N)c4ccccc34)C(=O)NC2=O)c2ccccc21,485.61300000000017,4.497170000000002,3,4,8,105.9,35,0,0.16049382716049382
DEC_3983,ACT_085,CHEMBL268469,OC[C@@]1(CCCCc2ccccc2)CC2C3Cc4ccc(O)c5c4C2(CCN3CC2CC2)C(O5)[C@@H]1O,489.65600000000035,4.203900000000005,3,5,8,73.16000000000001,36,0,0.16326530612244897
DEC_3984,ACT_085,CHEMBL42984,CCCCCc1nc2c(n1Cc1ccc(-n3cccc3-c3nn[nH]n3)cc1)/C(=C/C(=O)O)CCCC2,485.5920000000003,4.8293000000000035,2,5,9,114.51,36,0,0.17592592592592593
DEC_3985,ACT_085,CHEMBL267809,CCCCc1cn(-c2ccccc2CC)c(=O)n1Cc1ccc(-c2ccccc2-c2nn[nH]n2)nc1,479.58800000000014,4.834400000000004,1,5,9,94.28,36,0,0.17647058823529413
DEC_3986,ACT_085,CHEMBL36129,N#CN=C1N(CC2CCC2)[C@H](Cc2ccccc2)[C@H](O)[C@@H](O)[C@@H](Cc2ccccc2)N1CC1CCC1,486.6600000000003,3.985680000000003,2,4,8,83.09,36,0,0.17647058823529413
DEC_3987,ACT_085,CHEMBL34656,CC(C)=CCN1C(=NC#N)N(CC=C(C)C)[C@H](Cc2ccccc2)[C@H](O)[C@@H](O)[C@H]1Cc1ccccc1,486.66000000000014,4.317880000000004,2,4,8,83.09,36,0,0.1780821917808219
DEC_3988,ACT_085,CHEMBL40407,CC1(C)C2CC1[C@]1(C)OB([C@H](CCCN=C(N)N)NC(=O)c3ccc(-c4ccncc4)cc3)O[C@@H]1C2,489.42900000000014,3.1681000000000026,3,5,8,124.85,36,0,0.1834862385321101
DEC_3989,ACT_085,CHEMBL290363,CC1(C)C2CC1[C@]1(C)OB([C@H](CCCN=C(N)N)NC(=O)c3cccc(-c4ccccc4)c3)O[C@@H]1C2,488.44100000000014,3.773100000000003,3,4,8,111.96,36,0,0.1891891891891892
DEC_3990,ACT_085,CHEMBL440799,COc1ccc(CCCOC(=O)C2CCCCN2C(=O)NC23CC4CC(CC(C4)C2)C3)cc1OC,484.63700000000034,4.712500000000004,1,5,8,77.10000000000001,35,0,0.19230769230769232
DEC_3991,ACT_085,CHEMBL417297,O=C(O)CCc1cc(Cc2cccnc2)cc2c1CCC(NS(=O)(=O)c1ccc(Cl)cc1)C2,485.0050000000002,4.178800000000003,2,4,8,96.35999999999999,33,0,0.19642857142857142
DEC_3992,ACT_085,CHEMBL45817,Cc1cc(CN/C(S)=N/Cc2ccc(NS(C)(=O)=O)cc2)c(COC(=O)C(C)(C)C)cc1C,491.67900000000037,4.339840000000004,3,5,8,96.86000000000001,33,0,0.19736842105263158
DEC_3993,ACT_085,CHEMBL276880,CC1(C)C2CC1[C@]1(C)OB([C@H](CCCN=C(N)N)NC(=O)c3ccc(-c4ccccc4)cc3)O[C@@H]1C2,488.44100000000014,3.773100000000003,3,4,8,111.96,36,0,0.19791666666666666
DEC_3994,ACT_085,CHEMBL282526,CCCCc1nc2cccc(F)c2c(=O)n1Cc1ccc(-c2ccccc2-c2nn[nH]n2)cc1,454.50900000000007,4.7736000000000045,1,5,7,89.35000000000001,34,0,0.20224719101123595
DEC_3995,ACT_085,CHEMBL55394,Cn1cc(C2=C(c3cn(C4CCN(CC5CC5)CC4)c4ccccc34)C(=O)NC2=O)c2ccccc21,478.5960000000001,4.747100000000004,1,3,5,59.27,36,0,0.20224719101123595
DEC_3996,ACT_085,CHEMBL32153,O=C(O)c1ccc(C(Cc2cc[n+]([O-])cc2)c2ccc(OC(F)F)c(OC(F)F)c2)cc1,451.37200000000007,4.595600000000004,1,4,9,82.7,32,0,0.20253164556962025
DEC_3997,ACT_085,CHEMBL57972,Cc1ccc(-c2cc(CN(Cc3cccc(Br)c3)C(Cc3c[nH]cn3)C(N)=O)no2)cc1,494.39300000000014,4.234420000000002,2,5,9,101.03999999999999,32,0,0.2037037037037037
DEC_3998,ACT_085,CHEMBL553108,CCCc1ccc(S(=O)(=O)N[C@@H](CC#Cc2ccc(NC)cc2)C(=O)N(C)C2CCCC2)cc1,481.66200000000026,4.170500000000004,2,4,9,78.51,34,0,0.20408163265306123
DEC_3999,ACT_085,CHEMBL33860,COc1ccc(CCCOC(=O)C2CCCCN2C(=O)NC23CC4CC(CC(C4)C2)C3)c(OC)c1,484.63700000000034,4.712500000000004,1,5,8,77.10000000000001,35,0,0.20408163265306123
DEC_4000,ACT_085,CHEMBL57815,NC(=O)C(Cc1c[nH]cn1)N(Cc1cccc(Br)c1)Cc1cc(-c2ccccc2)on1,480.36600000000016,3.926000000000003,2,5,9,101.04,31,0,0.20408163265306123
DEC_4001,ACT_085,CHEMBL24828,COc1cc2/c(=N/c3ccc(Br)cc3F)nc[nH]c2cc1OCC1CCN(C)CC1,475.3620000000003,4.426100000000003,1,5,5,62.74,30,0,0.20430107526881722
DEC_4002,ACT_085,CHEMBL266958,O=S(=O)(c1cccs1)N1Cc2ccccc2N(Cc2c[nH]cn2)C(CCc2ccccc2)C1,478.6430000000002,4.6837000000000035,1,5,7,69.30000000000001,33,0,0.205607476635514
DEC_4003,ACT_085,CHEMBL283034,COc1c(C(=O)NCCN2CCN(c3cccc(C)c3)CC2)cc(Br)c2ccccc12,482.4220000000002,4.471320000000004,1,4,6,44.81,31,0,0.20588235294117646
DEC_4004,ACT_085,CHEMBL17103,O=C(O)/C=C/c1ccc(-c2nc3c(=O)n(CC4CCCCC4)c(=O)n(CC4CCCCC4)c3[nH]2)cc1,490.60400000000044,4.8117000000000045,2,4,7,109.97999999999999,36,0,0.20652173913043478
DEC_4005,ACT_085,CHEMBL28924,O=C(O)CCc1c(Cc2cccnc2)ccc2c1CCC(NS(=O)(=O)c1ccc(Cl)cc1)C2,485.0050000000002,4.178800000000003,2,4,8,96.35999999999999,33,0,0.20689655172413793
DEC_4006,ACT_085,CHEMBL48461,CCCCCCNc1nc(NC(=O)c2cccc(I)c2)c2ncn(C)c2n1,478.3380000000001,4.212400000000002,2,5,8,84.73,27,0,0.20689655172413793
DEC_4007,ACT_085,CHEMBL267942,O=S(=O)(c1ccc(F)cc1)N1Cc2ccccc2N(Cc2c[nH]cn2)C(CCc2ccccc2)C1,490.60400000000027,4.761300000000004,1,4,7,69.30000000000001,35,0,0.20754716981132076
DEC_4008,ACT_085,CHEMBL279453,CCCN(CCC)CC1CCCCN1CCNC(=O)N1c2ccccc2C(=O)Nc2cccnc21,478.64100000000013,4.471500000000003,2,5,9,80.81,35,0,0.20909090909090908
DEC_4009,ACT_085,CHEMBL41375,CN(C)c1ccccc1CC(=O)N1C[C@H]2[C@@H](C1)C(c1ccccc1)(c1ccccc1)SC[C@@H]2O,472.65400000000005,4.421200000000005,1,4,5,43.78,34,0,0.20987654320987653
DEC_4010,ACT_085,CHEMBL24043,CCOc1cccc(-c2cc(C#N)ccc2C#CC(O)(c2ccc(C#N)cc2)c2cncn2C)c1,458.52100000000013,4.516760000000004,1,5,5,94.85999999999999,35,0,0.21052631578947367
DEC_4011,ACT_085,CHEMBL417812,O=C(O)COc1ccc(-c2nc3c(=O)n(Cc4ccccc4)c(=O)n(Cc4ccccc4)c3[nH]2)cc1,482.49600000000015,3.1133000000000015,2,5,8,119.21000000000001,36,0,0.21052631578947367
DEC_4012,ACT_085,CHEMBL16926,CN1CCC(S(=O)(=O)c2ccc(-c3nc(-c4ccc(F)cc4)c(-c4ccncc4)[nH]3)cc2)CC1,476.57700000000017,4.812700000000004,1,5,5,78.95,34,0,0.2111111111111111
DEC_4013,ACT_085,CHEMBL53295,COc1ccccc1CC(=O)N1C[C@H]2[C@@]3(c4ccccc4)CC[C@H](c4c(O)cccc43)[C@@]2(C(=O)O)C1,483.5640000000003,4.350000000000003,2,4,5,87.07000000000001,36,0,0.21153846153846154
DEC_4014,ACT_085,CHEMBL46160,Cc1cc(O)cc(C)c1CC(N)C(=O)N1Cc2cc(-c3cc4ccccc4o3)ccc2C[C@H]1C(=O)O,484.55200000000025,4.330140000000002,3,5,5,117.00000000000001,36,0,0.2127659574468085
DEC_4015,ACT_085,CHEMBL18649,CCCC#CCOc1ccc(S(=O)(=O)N(C)c2c(C)cc(Br)cc2C(=O)NO)cc1,495.3950000000001,3.8839200000000016,2,5,7,95.94000000000001,30,0,0.21348314606741572
DEC_4016,ACT_085,CHEMBL266556,O=S(=O)(N1Cc2ccccc2N(Cc2c[nH]cn2)C(CCc2ccccc2)C1)C(F)(F)F,464.5130000000002,4.082900000000003,1,4,6,69.30000000000001,32,0,0.21359223300970873
DEC_4017,ACT_085,CHEMBL43591,CCc1nc2c(n1Cc1ccc(-c3ccccc3-c3nn[nH]n3)cc1)/C(=C/C(=O)O)CCCC2,454.5340000000003,4.535300000000003,2,5,6,109.58,34,0,0.21428571428571427
DEC_4018,ACT_085,CHEMBL9927,CCc1c(C(=O)NCCCN2CCCC2=O)cnn1-c1nc(-c2cccc(C(F)(F)F)c2)cs1,491.53900000000004,4.319300000000004,1,5,8,80.12,34,0,0.21495327102803738
DEC_4019,ACT_085,CHEMBL14979,CC(C)CN1CCN(c2cc3c(cc2F)c(=O)c(C(=O)O)cn3-c2ccc(F)cc2F)CC1,459.4680000000002,3.8842000000000025,1,4,5,65.78,33,0,0.21505376344086022
DEC_4020,ACT_085,CHEMBL22703,COc1cccc(-c2cc(C#N)ccc2CCC(O)(c2ccc(C#N)cc2)c2cncn2C)c1,448.5260000000001,4.707760000000005,1,5,7,94.85999999999999,34,0,0.21505376344086022
DEC_4021,ACT_085,CHEMBL23316,Cc1ccccc1N1CCN(S(=O)(=O)CC23CCC(CC2NC(=O)CC(C)(C)N)C3(C)C)CC1,490.7140000000004,2.885320000000002,2,5,7,95.74,34,0,0.21505376344086022
DEC_4022,ACT_085,CHEMBL29802,CN(Cc1ccccc1)CC1CN(c2c(F)cc3c(=O)c(C(=O)O)cn(C4CC4)c3c2F)CCO1,483.51500000000027,3.650000000000002,1,5,7,75.01,35,0,0.21505376344086022
DEC_4023,ACT_085,CHEMBL15094,N#Cc1ccc(Cn2c(=O)n(Cc3nc4ccccc4n3CCCCO)c3ccccc32)cc1,451.53000000000026,3.893480000000003,1,4,8,88.77,34,0,0.2159090909090909
DEC_4024,ACT_085,CHEMBL269487,CN(C(=O)[C@H](CC#Cc1ccc(CN)cc1)NS(=O)(=O)c1ccc2ccccc2c1)C1CCCC1,489.64100000000036,3.7882000000000025,2,4,7,92.5,35,0,0.2159090909090909
DEC_4025,ACT_085,CHEMBL55835,O=C(O)Cc1ccc(-n2cc(C3CCN(CCN4CCNC4=O)CC3)c3cc(Cl)ccc32)cc1,480.99600000000027,4.115600000000003,2,3,7,77.81,34,0,0.2159090909090909
DEC_4026,ACT_085,CHEMBL278105,COc1ccccc1N1CCN(C(=O)CCc2c(-c3ccncc3)[nH]c3ccc(C)cc23)CC1,454.5740000000001,4.828320000000004,1,4,6,61.46,34,0,0.21649484536082475
DEC_4027,ACT_085,CHEMBL26612,COc1cc(C(=O)O)ccc1Cc1cn(C)c2ccc(C(=O)NCC(C)CC(F)(F)F)cc12,462.4680000000002,4.794200000000004,2,3,8,80.56,33,0,0.21649484536082475
DEC_4028,ACT_085,CHEMBL285486,Cc1c(C(=O)NCCO)nn(-c2ccc(Cl)cc2Cl)c1-c1ccc(Br)cc1,469.1660000000001,4.639120000000002,2,3,5,67.15,27,0,0.21649484536082475
DEC_4029,ACT_085,CHEMBL283497,NS(=O)(=O)c1ccc(-n2nc(C(=O)Nc3cccc(Cl)c3)cc2-c2ccc(F)cc2)cc1,470.9130000000001,4.231500000000001,2,4,5,107.08000000000001,32,0,0.21739130434782608
DEC_4030,ACT_085,CHEMBL12235,O=C1NCCN1CCN1CCC(c2cn(-c3ccc(F)cc3)c3ccc(Br)cc23)CC1,485.4010000000002,4.736700000000004,1,2,5,40.510000000000005,31,0,0.21739130434782608
DEC_4031,ACT_086,CHEMBL19019,O=C1CC[C@@]2(O)[C@H]3Cc4ccc(O)c5c4[C@@]2(CCN3CC2CC2)[C@H]1O5,341.4070000000001,1.5253999999999999,2,5,2,70.0,25,0,0.14942528735632185
DEC_4032,ACT_086,CHEMBL20799,O=C1CC[C@@]2(O)C3Cc4ccc(O)c5c4C2(CCN3CC2CC2)[C@H]1O5,341.4070000000001,1.5253999999999999,2,5,2,70.0,25,0,0.14942528735632185
DEC_4033,ACT_086,CHEMBL10178,C=C[C@]1(CO)CC2C3Cc4ccc(OC)c5c4C2(CCN3C)C(O5)[C@@H]1O,357.45000000000005,1.4996999999999996,2,5,3,62.16000000000001,26,0,0.16216216216216217
DEC_4034,ACT_086,CHEMBL416516,C[C@]12C=CC(=O)C=C1CCC1C2[C@@H](O)C[C@@]2(C)C1CC[C@]2(O)C(=O)CO,360.4500000000002,1.5575999999999999,3,5,2,94.83,26,0,0.16666666666666666
DEC_4035,ACT_086,CHEMBL131,C[C@]12C=CC(=O)C=C1CC[C@@H]1[C@@H]2[C@@H](O)C[C@@]2(C)[C@H]1CC[C@]2(O)C(=O)CO,360.4500000000002,1.5575999999999999,3,5,2,94.83,26,0,0.16666666666666666
DEC_4036,ACT_086,CHEMBL15720,CC12C=CC(=O)C=C1CCC1C2C(=O)CC2(C)C1CC[C@]2(O)C(=O)CO,358.43400000000014,1.7658,2,5,2,91.67,26,0,0.1686746987951807
DEC_4037,ACT_086,CHEMBL635,C[C@]12C=CC(=O)C=C1CC[C@@H]1[C@@H]2C(=O)C[C@@]2(C)[C@H]1CC[C@]2(O)C(=O)CO,358.43400000000014,1.7658,2,5,2,91.67,26,0,0.1686746987951807
DEC_4038,ACT_086,CHEMBL8889,CC[C@]1(CO)CC2C3Cc4ccc(OC)c5c4C2(CCN3C)C(O5)[C@@H]1O,359.46600000000007,1.7236999999999998,2,5,3,62.16000000000001,26,0,0.1702127659574468
DEC_4039,ACT_086,CHEMBL15803,O=C(O)c1cn(C2CC2)c2c(F)c(N3CCNCC3)c(F)c(O)c2c1=O,365.3360000000001,1.4279999999999997,3,5,3,94.80000000000001,26,0,0.17592592592592593
DEC_4040,ACT_086,CHEMBL279648,O=C(O)[C@@H]1C[C@H]2C[C@@H](Cc3cccc(-c4nn[nH]n4)c3)CC[C@H]2CN1,341.41500000000013,1.8881999999999999,3,5,4,103.79,25,0,0.17857142857142858
DEC_4041,ACT_086,CHEMBL14058,CC12CCC(=O)C=C1CCC1C2CCC2(C)C1CC[C@]2(O)C(=O)CO,346.4670000000001,2.8108000000000017,2,4,2,74.6,25,0,0.1794871794871795
DEC_4042,ACT_086,CHEMBL25687,O=C(O)c1cn2c3c(nc(O)c2n1)-c1cccc(CP(=O)(O)O)c1C3,361.2500000000001,1.3819999999999995,4,5,3,145.25,25,0,0.18421052631578946
DEC_4043,ACT_086,CHEMBL440782,C[C@]12C[C@@H](O)[C@H]3[C@@H](CCC4=CC(=O)CC[C@@]43C)[C@@H]1CC[C@@H]2C(=O)CO,346.46700000000016,2.666700000000002,2,4,2,74.6,25,0,0.18518518518518517
DEC_4044,ACT_086,CHEMBL13176,O=C(O)c1cccn1-c1cc2nc(O)c(O)nc2cc1C(F)(F)F,339.229,2.5487,3,5,2,108.47,24,0,0.18571428571428572
DEC_4045,ACT_086,CHEMBL19722,CNC1(C)CN(c2c(F)cc3c(=O)c(C(=O)O)cn4c3c2OC[C@@H]4C)C1,361.37300000000016,1.5902999999999998,2,5,3,83.8,26,0,0.18604651162790697
DEC_4046,ACT_086,CHEMBL14971,CC(C)(C)n1cc(C(=O)O)c(=O)c2cc(F)c(N3CCNCC3)cc21,347.39000000000016,2.0033999999999996,2,4,2,74.57000000000001,25,0,0.18681318681318682
DEC_4047,ACT_086,CHEMBL26891,CC(C)(C)n1cc(C(=O)O)c(=O)c2cc(F)c(N3CCNCC3)nc21,348.37800000000016,1.3983999999999999,2,5,2,87.46000000000001,25,0,0.1875
DEC_4048,ACT_086,CHEMBL16166,C[C@H](CS)C(=O)N1C[C@@H](Sc2ccc(F)cc2)C[C@H]1C(=O)O,343.4450000000001,2.5378,2,4,5,57.61,22,0,0.18840579710144928
DEC_4049,ACT_086,CHEMBL274064,Nc1nccc(-c2c(-c3ccc(F)cc3)ncn2C2CCNCC2)n1,338.39000000000016,2.6529000000000007,2,5,3,81.64999999999999,25,0,0.18888888888888888
DEC_4050,ACT_086,CHEMBL16052,Cc1c(F)c(N2CCNCC2)cc2c1c(=O)c(C(=O)O)cn2C1CC1,345.3740000000001,1.8917199999999998,2,4,3,74.57,25,0,0.18888888888888888
DEC_4051,ACT_086,CHEMBL25990,N=C(N)c1ccc(C(=O)N2CCC3(CCC(C(=O)O)CC3)CC2)cc1,343.4270000000001,2.4678700000000005,3,3,3,107.48,25,0,0.19047619047619047
DEC_4052,ACT_086,CHEMBL26947,CC1(N)CCN(c2nc3c(cc2F)c(=O)c(C(=O)O)cn3C(C)(C)C)C1,362.40500000000014,1.9162999999999997,2,5,2,101.44999999999999,26,0,0.19047619047619047
DEC_4053,ACT_086,CHEMBL277523,CCn1cc(C(=O)O)c(=O)c2cc(F)c(N3CCNCC3)c(F)c21,337.326,1.4074,2,4,3,74.57000000000001,24,0,0.19230769230769232
DEC_4054,ACT_086,CHEMBL435755,O=C(O)[C@@H]1C[C@H]2C[C@@H](Cc3ccccc3-c3nnn[nH]3)CC[C@H]2CN1,341.41500000000013,1.8881999999999999,3,5,4,103.78999999999999,25,0,0.19230769230769232
DEC_4055,ACT_086,CHEMBL15186,Nc1c(F)c(N2CCC(N)C2)c(F)c2c1c(=O)c(C(=O)O)cn2C1CC1,364.3520000000001,1.4324000000000001,3,5,3,114.57999999999998,26,0,0.1935483870967742
DEC_4056,ACT_086,CHEMBL278013,CN(Cc1c[nH]c2nc(N)nc(N)c12)c1ccc(Cl)c(Cl)c1,337.21400000000006,3.065500000000001,3,5,3,96.85,22,0,0.19402985074626866
DEC_4057,ACT_086,CHEMBL15579,NC1CCN(c2c(F)c(O)c3c(=O)c(C(=O)O)cn(C4CC4)c3c2F)C1,365.3360000000001,1.5557999999999996,3,5,3,108.78999999999999,26,0,0.19444444444444445
DEC_4058,ACT_086,CHEMBL19693,C[C@@H]1[C@@H](N)CN1c1c(F)c(N)c2c(=O)c(C(=O)O)cn(C3CC3)c2c1F,364.3520000000001,1.4307999999999996,3,5,3,114.57999999999998,26,0,0.19444444444444445
DEC_4059,ACT_086,CHEMBL278310,CC1C(N)CN1c1c(F)c(N)c2c(=O)c(C(=O)O)cn(C3CC3)c2c1F,364.3520000000001,1.4307999999999996,3,5,3,114.57999999999998,26,0,0.19444444444444445
DEC_4060,ACT_086,CHEMBL13976,Cc1[nH]c(/C=C2\C(=O)Nc3ccc(F)cc32)c(C)c1C(=O)NCCN(C)C,370.4280000000001,2.5547400000000007,3,3,5,77.22999999999999,27,0,0.19480519480519481
DEC_4061,ACT_086,CHEMBL277851,CC(=O)c1ccc(/N=C/C2=C3NC=C(C(=O)O)C(=O)N3C(C)CC2)cc1,353.3780000000001,2.385700000000001,2,5,4,99.07000000000001,26,0,0.19480519480519481
DEC_4062,ACT_086,CHEMBL11410,C=CCn1c(=O)c2nc(-c3ccc(Cl)cc3N)[nH]c2n(CC=C)c1=O,357.80100000000016,2.1609,2,4,5,98.69999999999999,25,0,0.1951219512195122
DEC_4063,ACT_086,CHEMBL15549,O=C(O)c1cn(C2CC2)c2c(F)c(N3CCNCC3)c(F)cc2c1=O,349.3370000000001,1.7224,2,4,3,74.57,25,0,0.19540229885057472
DEC_4064,ACT_086,CHEMBL15371,CC1CN(c2cc3c(cc2F)c(=O)c(C(=O)O)cn3C(C)C)CC(C)N1,361.41700000000003,2.606300000000001,2,4,3,74.57,26,0,0.1956521739130435
DEC_4065,ACT_086,CHEMBL15387,CCn1cc(C(=O)O)c(=O)c2cc(F)c(N3CC(C)NC(C)C3)cc21,347.39000000000004,2.0453,2,4,3,74.57000000000001,25,0,0.1956521739130435
DEC_4066,ACT_086,CHEMBL278648,CC1(CN)CCN(c2cc3c(cc2F)c(=O)c(C(=O)O)cn3C2CC2)C1,359.4010000000001,2.3488000000000007,2,4,4,88.56,26,0,0.1958762886597938
DEC_4067,ACT_086,CHEMBL418726,Cc1c(Sc2cccc(Cl)c2)n(COCCO)c(=O)[nH]c1=O,342.80400000000003,1.6160199999999996,2,5,6,84.32,22,0,0.19753086419753085
DEC_4068,ACT_086,CHEMBL279154,C[C@H](CS)C(=O)N1C[C@@H]([S+]([O-])c2ccccc2)C[C@H]1C(=O)O,341.4540000000001,1.4142000000000001,2,4,5,80.67,22,0,0.19767441860465115
DEC_4069,ACT_086,CHEMBL9897,Cc1ccc(-c2csc(-n3ncc(C(=O)NCCCO)c3C)n2)cc1,356.45100000000014,2.7248400000000013,2,5,6,80.04,25,0,0.1978021978021978
DEC_4070,ACT_086,CHEMBL275898,CCn1cc(C(=O)O)c(=O)c2c(C)c(F)c(N3CCC(N)C3)c(F)c21,351.35300000000007,1.8436200000000003,2,4,3,88.56,25,0,0.1978021978021978
DEC_4071,ACT_086,CHEMBL583,Cc1c(F)c(N2CCNC(C)C2)cc2c1c(=O)c(C(=O)O)cn2C1CC1,359.4010000000001,2.28022,2,4,3,74.57,26,0,0.19791666666666666
DEC_4072,ACT_086,CHEMBL25807,CC1CN(c2nc3c(cc2F)c(=O)c(C(=O)O)cn3C(C)(C)C)CCN1,362.40500000000014,1.7869,2,5,2,87.46000000000001,26,0,0.1981981981981982
DEC_4073,ACT_086,CHEMBL266024,Nc1nc(N)c2c(n1)CCC(Cc1cccc(OC(F)(F)F)c1)C2,338.333,2.887200000000001,2,5,3,87.05,24,0,0.2
DEC_4074,ACT_086,CHEMBL274804,COc1cc(CC(C)NO)c(OC)cc1I,337.157,2.2182000000000004,2,4,5,50.72,16,0,0.2
DEC_4075,ACT_086,CHEMBL274696,CC1(CN)CCN(c2nc3c(cc2F)c(=O)c(C(=O)O)cn3C2CC2)C1,360.3890000000001,1.7438000000000005,2,5,4,101.44999999999999,26,0,0.2
DEC_4076,ACT_086,CHEMBL15553,CCn1cc(C(=O)O)c(=O)c2cc(F)c(N3CCNCC3)c(Cl)c21,353.781,1.9217000000000002,2,4,3,74.57000000000001,24,0,0.2
DEC_4077,ACT_086,CHEMBL15608,CCn1cc(C(=O)O)c(=O)c2c(N)c(F)c(N3CCNC(C)C3)c(F)c21,366.36800000000005,1.3781000000000005,3,5,3,100.59,26,0,0.2
DEC_4078,ACT_086,CHEMBL418175,Cc1c(N2CC[C@H](N)C2)c(F)cn2c(=O)c(C(=O)O)cc(C(C)C)c12,347.3900000000001,2.10602,2,4,3,88.04,25,0,0.2
DEC_4079,ACT_086,CHEMBL16998,Cc1c(N2CC[C@H](N)C2)c(F)cn2c(=O)c(C(=O)O)cc(CC3CC3)c12,359.4010000000002,1.9351199999999997,2,4,4,88.04,26,0,0.2
DEC_4080,ACT_086,CHEMBL17885,Oc1ccc2c(c1)OC[C@@H](N1CCC(O)(CCc3ccccc3)CC1)[C@H]2O,369.46100000000007,2.6463000000000014,3,5,4,73.16000000000001,27,0,0.2
DEC_4081,ACT_087,CHEMBL43684,C=C1/C(=C\C=C\[C@@H]2CC[C@](C)(CCCCC(O)(C(F)(F)F)C(F)(F)F)C2(C)C)C[C@@H](O)C[C@@H]1O,498.54800000000006,6.399400000000007,3,3,7,60.69,34,0,0.1125
DEC_4082,ACT_087,CHEMBL284143,C=C1/C(=C\C=C2/CCC[C@]3(C)C([C@H](C)CCCC(O)(C(F)(F)F)C(F)(F)F)CC[C@@H]23)C[C@@H](O)C[C@@H]1O,524.5860000000001,6.789500000000008,3,3,6,60.69,36,0,0.11818181818181818
DEC_4083,ACT_087,CHEMBL285268,C=C1/C(=C\C=C2/CCCC3(C)C2CCC3[C@H](C)/C=C/CC(O)(C(F)(F)F)C(F)(F)F)C[C@@H](O)C[C@@H]1O,522.5700000000002,6.565500000000008,3,3,5,60.69,36,0,0.12643678160919541
DEC_4084,ACT_087,CHEMBL35088,Cc1cc(SC2=C(O)OC(CCc3ccc(O)cc3)(C(C)C)CC2=O)c(C(C)(C)C)cc1N(C)C,497.7010000000003,6.900320000000007,2,6,7,69.99999999999999,35,0,0.14893617021276595
DEC_4085,ACT_087,CHEMBL18842,C=CC(C)(C)c1[nH]c2ccccc2c1C1=C(O)C(N)=C(c2c[nH]c3c(CC=C(C)C)cccc23)C(=O)C1=O,505.61800000000034,6.412400000000005,4,4,6,111.96999999999997,38,0,0.15315315315315314
DEC_4086,ACT_087,CHEMBL424220,Cc1c(/C=C/CN2CCOCC2)nc(O)c2c1ccc1nc(Nc3c(Cl)cccc3Cl)n(C)c12,498.41400000000016,5.5313200000000045,2,6,5,75.44,34,0,0.15789473684210525
DEC_4087,ACT_087,CHEMBL11801,C=C(C)[C@@H]1CC[C@]2(C(=O)NCCCC(=O)O)CC[C@]3(C)[C@H](CCC4[C@@]5(C)CC[C@H](O)C(C)(C)[C@@H]5CC[C@]43C)[C@@H]12,541.8170000000003,6.985900000000009,3,3,6,86.63000000000001,39,0,0.16494845360824742
DEC_4088,ACT_087,CHEMBL416145,O=P(O)(O)C(F)(F)c1ccc(CC(C/C=C/c2ccccc2)(c2ccccc2)n2nnc3ccccc32)cc1,545.5260000000002,6.748100000000007,2,3,9,88.24,39,0,0.16666666666666666
DEC_4089,ACT_087,CHEMBL66963,Cc1c(C)c2c(c(C)c1O)CCC(C)(COc1ccc(NCC(O)COc3cccc4cnccc34)cc1)O2,528.6490000000002,5.880160000000006,3,7,9,93.07000000000001,39,0,0.16981132075471697
DEC_4090,ACT_087,CHEMBL279189,CC(C)CCC[C@@H](C)[C@H]1CC[C@H]2[C@@H]3CC=C4C[C@@](O)(C(=O)NCCN(C)C)CC[C@]4(C)[C@H]3CC[C@]12C,500.8120000000004,6.436700000000007,2,3,9,52.57,36,0,0.17
DEC_4091,ACT_087,CHEMBL43841,C/C1=C/CC[C@]2(C)[C@@H]([C@H](C)COC(=O)c3ccccc3)CC[C@H]2c2ccc(cc2C(=O)O)C[C@@H](O)CC1,504.66700000000037,6.801500000000009,2,4,5,83.83000000000001,37,0,0.17
DEC_4092,ACT_087,CHEMBL431344,Cc1cc(C)cc(-c2c(O)nc3cc(Cl)c([N+](=O)[O-])cc3c2OCCC2NCCc3ccccc32)c1,503.98600000000033,6.441740000000006,2,6,6,97.52000000000001,36,0,0.17142857142857143
DEC_4093,ACT_087,CHEMBL45059,Nc1nc2cc(Cl)c(Cl)cc2n1CCCCCCCn1c(N)nc2cc(Cl)c(Cl)cc21,500.26100000000025,6.814700000000003,2,4,8,87.67999999999999,31,0,0.171875
DEC_4094,ACT_087,CHEMBL7883,COc1cc(OC)c2[nH]c3c(O)c(-c4c(C)cc5c([nH]c6c(OC)cc(OC)cc65)c4O)c(C)cc3c2c1,512.5620000000004,6.685040000000006,4,6,5,108.96000000000002,38,0,0.17391304347826086
DEC_4095,ACT_087,CHEMBL67344,Cc1c(C)c2c(c(C)c1O)CCC(C)(COc1ccc(NCC(O)COc3ccc4ccncc4c3)cc1)O2,528.6490000000002,5.880160000000006,3,7,9,93.07000000000001,39,0,0.17525773195876287
DEC_4096,ACT_087,CHEMBL300295,Cc1cc(C)cc(-c2c(O)nc3cc(Cl)c(C(=O)Nc4ccncn4)cc3c2OCC[C@@H]2CCC[C@@H](C)N2)c1,546.0710000000004,6.219440000000006,3,7,7,109.26000000000002,39,0,0.17647058823529413
DEC_4097,ACT_087,CHEMBL295948,Cc1cc(C)cc(-c2c(O)nc3cc(Cl)c(C(=O)Nc4ccncn4)cc3c2OCC[C@@H]2CCC[C@H](C)N2)c1,546.0710000000004,6.219440000000006,3,7,7,109.26000000000002,39,0,0.17647058823529413
DEC_4098,ACT_087,CHEMBL66778,Cc1c(C)c2c(c(C)c1O)CCC(C)(COc1ccc(NCC(O)COc3ccc4cccnc4c3)cc1)O2,528.6490000000002,5.880160000000007,3,7,9,93.07000000000001,39,0,0.17647058823529413
DEC_4099,ACT_087,CHEMBL303572,Cc1c(C)c2c(c(C)c1O)CCC(C)(COc1ccc(NCC(O)COc3cccc4ncccc34)cc1)O2,528.6490000000002,5.880160000000006,3,7,9,93.07000000000001,39,0,0.17699115044247787
DEC_4100,ACT_087,CHEMBL16327,CC(C)C(c1cccc(NS(=O)(=O)c2ccc(Cl)cc2)c1)c1c(O)c2c(oc1=O)CCCCCC2,516.0590000000003,6.246500000000006,2,5,6,96.61000000000001,35,0,0.17777777777777778
DEC_4101,ACT_087,CHEMBL289393,N#Cc1cccc(CN2C(=O)N(Cc3cccc(N)c3)[C@H](Cc3ccccc3)[C@H](O)[C@H]2CCc2ccccc2)c1,530.6720000000003,5.551880000000006,2,4,9,93.59,40,0,0.17857142857142858
DEC_4102,ACT_087,CHEMBL19242,Oc1ccc2c(Cc3ccc(CN4CCCC4)c(O)c3)c(-c3ccc(OCCN4CCCC4)cc3)sc2c1,528.7180000000003,6.640700000000008,2,6,9,56.17000000000001,38,0,0.17894736842105263
DEC_4103,ACT_087,CHEMBL26762,CCN(CC)Cc1cc(Nc2cc(C(F)(F)F)nc(Nc3nc4cc(Cl)c(Cl)cc4[nH]3)n2)ccc1O,540.3770000000002,6.713100000000004,4,7,8,101.99000000000001,36,0,0.17894736842105263
DEC_4104,ACT_087,CHEMBL47187,CCCCc1nc2ccn(Cc3ccccc3N)c(=O)c2n1Cc1ccc(-c2ccccc2-c2nn[nH]n2)cc1,530.6360000000002,5.066500000000003,2,6,9,120.3,40,0,0.1792452830188679
DEC_4105,ACT_087,CHEMBL68617,O=C1NC(=S)S/C1=C\c1ccc(COc2ccc(C(=O)c3ccccc3)c(O)c2Cc2ccccc2)cc1,537.6620000000003,6.281800000000006,2,6,8,75.63,38,0,0.1797752808988764
DEC_4106,ACT_087,CHEMBL50035,Cc1cc(C)cc(-c2c(O)nc3cc(Cl)c([N+](=O)[O-])cc3c2OCC[C@@H]2Cc3ccccc3CN2)c1,503.98600000000033,6.269240000000006,2,6,6,97.52000000000001,36,0,0.18
DEC_4107,ACT_087,CHEMBL16666,CC(C)CC(c1cccc(NS(=O)(=O)c2cccc3cccnc23)c1)c1c(O)c2c(oc1=O)CCCCCC2,546.6890000000002,6.531400000000006,2,6,7,109.5,39,0,0.18
DEC_4108,ACT_087,CHEMBL16361,[N-]=[N+]=Nc1ccc(S(=O)(=O)Nc2cccc(C(c3c(O)oc4c(c3=O)CCCCCC4)C3CC3)c2)cc1,520.6110000000006,6.288900000000004,2,6,7,145.37,37,0,0.18085106382978725
DEC_4109,ACT_087,CHEMBL32272,Cc1c(C(=O)c2ccc(Cl)cc2)cc(C(C)(C)C)c(O)c1C(=O)Nc1ccc([N+](=O)[O-])cc1Cl,501.3660000000002,6.696420000000005,2,5,5,109.53999999999999,34,0,0.18181818181818182
DEC_4110,ACT_087,CHEMBL48192,Cc1cc(-c2c(O)nc3cc(Cl)c(C(=O)Nc4ccncn4)cc3c2OCC[C@@H]2CCCCN2)cc(C)c1C,546.0710000000003,6.139360000000005,3,7,7,109.26000000000002,39,0,0.18421052631578946
DEC_4111,ACT_087,CHEMBL33459,CCc1cc(NCc2ccc(-c3ccccc3-c3nn[nH]n3)cc2)c(I)c(CC)n1,510.3830000000001,5.2702000000000035,2,5,7,79.38000000000001,30,0,0.18604651162790697
DEC_4112,ACT_087,CHEMBL278426,O=c1c2c(oc(O)c1C(c1cccc(NS(=O)(=O)/C=C/c3ccccc3)c1)C1CC1)CCCCCC2,505.6360000000004,5.958900000000005,2,5,7,96.60999999999999,36,0,0.18681318681318682
DEC_4113,ACT_087,CHEMBL279192,CC(C)CC(c1cccc(NS(=O)(=O)c2ccc(F)cc2)c1)c1c(O)c2c(oc1=O)CCCCCC2,513.6310000000004,6.122300000000006,2,5,7,96.61000000000001,36,0,0.18681318681318682
DEC_4114,ACT_087,CHEMBL16551,O=c1c2c(oc(O)c1C(c1cccc(NS(=O)(=O)c3ccc([N+](=O)[O-])cc3)c1)C1CC1)CCCCCC2,524.5950000000004,5.255300000000004,2,7,7,139.75,37,0,0.18681318681318682
DEC_4115,ACT_087,CHEMBL277447,Cc1noc(NS(=O)(=O)c2ccccc2-c2ccc(-c3ncco3)cc2CNC(=O)CC(C)(C)C)c1C,522.6270000000004,5.466640000000004,2,7,8,127.33000000000001,37,0,0.18691588785046728
DEC_4116,ACT_087,CHEMBL24858,CCN(CC)Cc1cc(Nc2nc(Nc3nc4cc(Cl)c(Cl)cc4[nH]3)nc3c2CCCC3)ccc1O,526.4720000000003,6.5731000000000055,4,7,8,101.99000000000001,36,0,0.1875
DEC_4117,ACT_087,CHEMBL293421,Cc1cc(C)c(NC(=O)c2sccc2S(=O)(=O)Nc2onc(C)c2Cl)c(C(=O)C2CCCCC2)c1,536.0750000000003,6.130860000000005,2,7,7,118.37,35,0,0.1875
DEC_4118,ACT_087,CHEMBL16257,N#Cc1ccccc1S(=O)(=O)Nc1cccc(C(c2c(O)oc3c(c2=O)CCCCCC3)C2CC2)c1,504.6080000000005,5.218780000000005,2,6,6,120.4,36,0,0.18867924528301888
DEC_4119,ACT_087,CHEMBL280104,O=c1c2c(oc(O)c1C(c1cccc(NS(=O)(=O)c3ccc4ccccc4c3)c1)C1CC1)CCCCCC2,529.6580000000002,6.5003000000000055,2,5,6,96.60999999999999,38,0,0.18888888888888888
DEC_4120,ACT_087,CHEMBL46312,Cc1cc(C)cc(-c2c(O)nc3cc(Cl)c(NC(=O)c4cnccn4)cc3c2OCC[C@@H]2CCCCN2)c1,532.0440000000004,5.8309400000000045,3,7,7,109.26000000000002,38,0,0.1891891891891892
DEC_4121,ACT_087,CHEMBL295917,Cc1cc(C)cc(-c2c(O)nc3cc(Cl)c(NC(=O)c4cnccn4)cc3c2OCCC2CCCCN2)c1,532.0440000000004,5.8309400000000045,3,7,7,109.26000000000002,38,0,0.1891891891891892
DEC_4122,ACT_087,CHEMBL28789,O=C(O)CC/C=C/c1cc(Cc2cccnc2)cc2c1CCC(NS(=O)(=O)c1ccc(Cl)cc1)C2,511.04300000000023,5.0396000000000045,2,4,9,96.35999999999999,35,0,0.1896551724137931
DEC_4123,ACT_087,CHEMBL48674,O=C(Nc1ccncn1)c1cc2c(OCC[C@@H]3CCCCN3)c(-c3ccc4c(c3)CCC4)c(O)nc2cc1Cl,544.0550000000004,5.702800000000006,3,7,7,109.26,39,0,0.1896551724137931
DEC_4124,ACT_087,CHEMBL45883,Cc1cc(C)cc(-c2c(O)nc3cc(Cl)c(C(=O)Nc4cnccn4)cc3c2OCCC2CCCCN2)c1,532.0440000000004,5.830940000000005,3,7,7,109.26000000000002,38,0,0.1896551724137931
DEC_4125,ACT_087,CHEMBL416947,O=C(O)CC/C=C/c1c(Cc2cccnc2)ccc2c1CCC(NS(=O)(=O)c1ccc(Cl)cc1)C2,511.04300000000023,5.0396000000000045,2,4,9,96.35999999999999,35,0,0.19130434782608696
DEC_4126,ACT_087,CHEMBL49230,Cc1ccc(-c2c(O)nc3cc(Cl)c(C(=O)Nc4ccncn4)cc3c2OCC[C@@H]2CCCCN2)cc1C,532.0440000000003,5.830940000000005,3,7,7,109.26000000000002,38,0,0.19130434782608696
DEC_4127,ACT_087,CHEMBL277268,COc1cc(C(c2ccc(C(C)C)cc(=O)c2O)c2ccc(C(C)C)cc(=O)c2O)cc(OC)c1OC,506.5950000000003,5.271000000000006,2,7,8,102.29,37,0,0.1917808219178082
DEC_4128,ACT_087,CHEMBL278636,CCCC(c1cccc(NS(=O)(=O)c2ccc(F)cc2)c1)c1c(O)c2c(oc1=O)CCCCCC2,499.60400000000044,5.876300000000006,2,5,7,96.61000000000001,35,0,0.1919191919191919
DEC_4129,ACT_087,CHEMBL70862,Cc1c2ccnc(C(=O)NCCN(C)C)c2cc2c3cc(OP(=O)(O)OCc4ccccc4)ccc3n(C)c12,546.5640000000001,5.175520000000005,2,6,9,105.92000000000002,39,0,0.1926605504587156
DEC_4130,ACT_087,CHEMBL15959,O=c1c2c(oc(O)c1[C@@H](c1cccc(NS(=O)(=O)c3ccc(F)cc3)c1)C1CC1)CCCCCC2,497.5880000000004,5.486200000000005,2,5,6,96.60999999999999,35,0,0.19318181818181818
DEC_4131,ACT_088,CHEMBL290479,C=C1/C(=C\C=C\[C@@H]2CC[C@](C)(CC#CC(O)(C(F)(F)F)C(F)(F)F)C2(C)C)C[C@@H](O)C[C@@H]1O,480.4890000000001,5.232500000000006,3,3,3,60.69,33,0,0.10989010989010989
DEC_4132,ACT_088,CHEMBL416797,CC1(C)[C@H](/C=C/C=C2C[C@@H](O)C[C@H](O)C2)CC[C@]1(C)CC#CC(O)(C(F)(F)F)C(F)(F)F,468.47800000000007,5.066400000000005,3,3,3,60.69,32,0,0.11764705882352941
DEC_4133,ACT_088,CHEMBL39301,O=C(O)c1ccc2ccc(/C=C/c3cc(Br)c(O)c(Br)c3)nc2c1O,465.0970000000001,5.039600000000002,3,4,3,90.65,25,0,0.14285714285714285
DEC_4134,ACT_088,CHEMBL13488,O=C(NC1CCCC(NC(=O)NC23CC4CC(CC(C4)C2)C3)C1)NC12CC3CC(CC(C3)C1)C2,468.68600000000043,4.833600000000003,4,2,4,82.26,34,0,0.15384615384615385
DEC_4135,ACT_088,CHEMBL19029,CC(C)c1ccc(C(c2ccc(C(=O)O)cc2)c2ccc(C(C)C)cc(=O)c2O)c(O)c(=O)c1,460.52600000000024,4.943400000000006,3,5,6,111.9,34,0,0.16049382716049382
DEC_4136,ACT_088,CHEMBL418018,Cn1cncc1C(O)(C#Cc1cccc(N)c1)c1ccc(C#N)c(-c2cccc3ccccc23)c1,454.5330000000002,4.981780000000003,2,4,3,87.85999999999999,35,0,0.16831683168316833
DEC_4137,ACT_088,CHEMBL428339,Cc1cc(-c2c(F)cc3c(=O)c(Cc4c(O)cc(O)cc4O)cn(C4CC4)c3c2F)cc(C)n1,464.4680000000002,5.001040000000003,3,5,4,95.58,34,0,0.16842105263157894
DEC_4138,ACT_088,CHEMBL269139,Cc1cc(-c2c(F)cc3c(=O)c(Cc4cc(O)ccc4O)cn(C4CC4)c3c2F)cc(C)n1,448.4690000000002,5.295440000000005,2,4,4,75.35,33,0,0.17777777777777778
DEC_4139,ACT_088,CHEMBL7877,Cc1cc(-c2c(F)cc3c(=O)c(Cc4ccc(O)cc4O)cn(C4CC4)c3c2F)cc(C)n1,448.4690000000002,5.295440000000005,2,4,4,75.35,33,0,0.1797752808988764
DEC_4140,ACT_088,CHEMBL40155,CSc1ccc(Cl)c(NC(=N)N(C)c2cccc(I)c2)c1,431.73,5.149570000000002,2,2,3,39.120000000000005,21,0,0.18518518518518517
DEC_4141,ACT_088,CHEMBL25840,CCC(C)(O)C#Cc1nc(NCc2ccc(Cl)c(Cl)c2)c2ncn(C(C)C)c2n1,432.3550000000001,4.838600000000004,2,5,5,75.86000000000001,29,0,0.1875
DEC_4142,ACT_088,CHEMBL281377,C=C1CCC2[C@](C)(CCC[C@]2(C)C(=O)OC)[C@H]1CCC12Cc3c(O)ccc(O)c3CC1O2,440.5800000000002,5.066100000000007,2,5,4,79.29,32,0,0.18947368421052632
DEC_4143,ACT_088,CHEMBL38184,N#C/C(=C(/N)Sc1ccccc1N)c1cccc(C(O)c2ccc(C(F)(F)F)cc2)c1,441.47800000000007,5.312480000000003,3,5,5,96.06,31,0,0.189873417721519
DEC_4144,ACT_088,CHEMBL38260,N#C/C(=C(/N)Sc1ccccc1N)c1cccc(C(O)c2cccc(C(F)(F)F)c2)c1,441.47800000000007,5.312480000000003,3,5,5,96.06,31,0,0.19230769230769232
DEC_4145,ACT_088,CHEMBL286027,COc1cc(NS(C)(=O)=O)ccc1Nc1c2ccccc2nc2c3ccccc3n(C)c12,446.5320000000002,5.003400000000004,2,5,5,85.25,32,0,0.19387755102040816
DEC_4146,ACT_088,CHEMBL277811,CSc1ccc(-c2nc(-c3cccc(NS(C)(=O)=O)c3)c(-c3ccncc3)[nH]2)cc1,436.5620000000001,4.899100000000004,2,5,6,87.74000000000001,30,0,0.19791666666666666
DEC_4147,ACT_088,CHEMBL7690,Cc1cc(-c2c(F)cc3c(=O)c(Cc4cccc(O)c4O)cn(C4CC4)c3c2F)cc(C)n1,448.4690000000002,5.295440000000005,2,4,4,75.35,33,0,0.2
DEC_4148,ACT_088,CHEMBL8029,N#CN/C(=N/c1cccc(Cl)c1)NC(Cn1ccnc1)c1ccc(Cl)cc1Cl,433.73000000000013,4.932580000000002,2,3,5,78.03,28,0,0.2
DEC_4149,ACT_088,CHEMBL277125,O=c1c2c(oc(O)c1[C@@H](c1cccc(NS(=O)(=O)c3ccccc3)c1)C1CC1)CCCCCC2,479.5980000000004,5.347100000000005,2,5,6,96.60999999999999,34,0,0.2
DEC_4150,ACT_088,CHEMBL16421,O=c1c2c(oc(O)c1C(c1cccc(S(=O)(=O)Nc3ccccc3)c1)C1CC1)CCCCCC2,479.59800000000035,5.347100000000005,2,5,6,96.60999999999999,34,0,0.2
DEC_4151,ACT_088,CHEMBL16580,O=c1c2c(oc(O)c1[C@H](c1cccc(NS(=O)(=O)c3ccccc3)c1)C1CC1)CCCCCC2,479.5980000000004,5.347100000000005,2,5,6,96.60999999999999,34,0,0.2
DEC_4152,ACT_088,CHEMBL16400,O=c1c2c(oc(O)c1C(c1cccc(NS(=O)(=O)c3ccccc3)c1)C1CC1)CCCCCC2,479.5980000000004,5.347100000000005,2,5,6,96.60999999999999,34,0,0.2
DEC_4153,ACT_088,CHEMBL429051,CN1C[C@H](CNC(=O)OCc2ccccc2)C[C@@H]2c3cc(C(C)(C)C)cc4[nH]cc(c34)C[C@H]21,445.60700000000026,5.351800000000005,2,3,4,57.36000000000001,33,0,0.20202020202020202
DEC_4154,ACT_088,CHEMBL10287,OC(c1ccc(Cl)cc1Cl)C(O)(Cn1ccnc1)c1ccc(Cl)cc1Cl,432.1340000000001,5.118100000000002,2,3,5,58.28,26,0,0.20253164556962025
DEC_4155,ACT_088,CHEMBL34946,CC(Cl)(Cl)c1nc2c(C(F)(F)F)cccc2c(O)c1C(=O)Nc1nccs1,436.24200000000013,5.318300000000003,2,5,3,75.11000000000001,27,0,0.20253164556962025
DEC_4156,ACT_088,CHEMBL440642,Cc1cc(-c2c(F)cc3c(=O)c(Cc4c(O)cccc4O)cn(C4CC4)c3c2F)cc(C)n1,448.4690000000002,5.295440000000004,2,4,4,75.35,33,0,0.20430107526881722
DEC_4157,ACT_088,CHEMBL25652,CC(C)C1=CC2CC3(C=O)[C@@H]4CC[C@@H](C)[C@H]4CC2(C(O)CCc2ccccc2)[C@]13C(=O)O,436.59200000000016,4.9047000000000045,2,3,7,74.6,32,0,0.20689655172413793
DEC_4158,ACT_088,CHEMBL416781,CCN(CC)C(=O)N1CCN(Cc2cc(Nc3ccnc4cc(Cl)ccc34)ccc2O)CC1,468.00100000000015,4.916800000000005,2,5,6,71.94000000000001,33,0,0.2073170731707317
DEC_4159,ACT_088,CHEMBL288019,O=S(=O)(Nc1c(O)nc2cc(C(F)(F)F)ccc2c1Cc1ccccc1O)C(F)(F)F,466.3590000000001,4.517100000000002,3,5,4,99.52000000000001,31,0,0.2077922077922078
DEC_4160,ACT_088,CHEMBL275873,CN1C[C@H](CNC(=O)OCc2ccccc2)C[C@@H]2c3ccc(C(C)(C)C)c4[nH]cc(c34)C[C@H]21,445.60700000000026,5.351800000000005,2,3,4,57.36000000000001,33,0,0.2079207920792079
DEC_4161,ACT_088,CHEMBL35187,O=C(NCCCOc1ccc2nc(O)ccc2c1)N(C1CCCCCCC1)[C@H]1CCCC[C@@H]1O,469.6260000000005,5.137300000000006,3,5,7,94.92,34,0,0.2087912087912088
DEC_4162,ACT_088,CHEMBL268854,C#CCN(Cc1ccc2nc(C)nc(O)c2c1)c1ccc(C(=O)NCc2ccc(Cl)cc2)cc1,470.96000000000015,4.867020000000004,2,5,7,78.35,34,0,0.21052631578947367
DEC_4163,ACT_088,CHEMBL39042,O=S(=O)(Nc1c(O)nc2cc(C(F)(F)F)ccc2c1Cc1ccccc1)C(F)(F)F,450.36000000000007,4.811500000000001,2,4,4,79.29,30,0,0.21052631578947367
DEC_4164,ACT_088,CHEMBL275361,CC(C)c1ccc2c(c1)CC=C(c1ccccc1)C(N1CCN(C)CC1)=N2.O=C(O)/C=C/C(=O)O,475.5890000000003,4.438900000000004,2,5,4,93.44000000000001,35,0,0.21176470588235294
DEC_4165,ACT_088,CHEMBL278707,Cn1c2c(c3ccccc31)C(C)(c1cccc(CC(=O)O)c1)c1cc(C(=O)O)sc1C2=O,445.49600000000015,4.463800000000003,2,4,4,96.6,32,0,0.21176470588235294
DEC_4166,ACT_088,CHEMBL283705,CC(C)c1ccc2c(c1CCC(=O)O)CCC(NS(=O)(=O)c1ccc(Cl)cc1)C2,435.97300000000007,4.3164000000000025,2,3,7,83.47,29,0,0.21568627450980393
DEC_4167,ACT_088,CHEMBL8473,N#CN/C(=N\C(Cn1ccnc1)c1ccc(Cl)cc1Cl)Nc1ccccc1Cl,433.73,5.123380000000003,2,3,5,78.03,28,0,0.2159090909090909
DEC_4168,ACT_088,CHEMBL416531,Cn1c2c(c3ccccc31)C(C)(c1cccc(CCCC(=O)O)c1)c1cc(C(=O)O)sc1C2=O,473.5500000000002,5.244000000000003,2,4,6,96.6,34,0,0.2159090909090909
DEC_4169,ACT_088,CHEMBL33575,CC(C)NC(=O)OCc1c(COC(=O)NC(C)C)c(-c2ccc(Cl)cc2)n2c1SCC2,466.00300000000016,5.183400000000004,2,5,7,81.59,31,0,0.2159090909090909
DEC_4170,ACT_088,CHEMBL60761,O=S1(=O)Nc2cccc3cccc(c23)N1CCN1CCC(Cc2c[nH]c3ccc(F)cc23)CC1,478.5930000000003,4.891600000000004,2,3,5,68.44,34,0,0.21649484536082475
DEC_4171,ACT_088,CHEMBL276055,CC(C)S(=O)(=O)Nc1cccc(C(c2c(O)c3c(oc2=O)CCCCCC3)C2CC2)c1,445.5810000000005,4.696400000000004,2,5,6,96.61000000000001,31,0,0.21686746987951808
DEC_4172,ACT_088,CHEMBL289213,CN(CC(=O)O)Cc1c[nH]c2cc3ncnc(Nc4cccc(Br)c4)c3cc12,440.3010000000001,4.133600000000002,3,5,6,94.14,28,0,0.21686746987951808
DEC_4173,ACT_088,CHEMBL283443,COc1ccc([C@]2(C#N)C[C@H]3C[C@@H](C(=O)NO)C[C@H]3C2)cc1OC1Cc2ccccc2C1,432.5200000000002,3.9443800000000033,2,5,5,91.58,32,0,0.21839080459770116
DEC_4174,ACT_088,CHEMBL19594,CC(=N)N1CC[C@H](Oc2ccc(C(Cc3ccc4cc(C(=N)N)ccc4c3)C(=O)O)cc2)C1,444.5350000000002,3.9850400000000015,4,4,7,123.49000000000002,33,0,0.21875
DEC_4175,ACT_088,CHEMBL16395,CCCC1=C(C(=O)OCc2ccc(C(=O)N(C)C)cc2)C(c2cccc(C)c2)NC(=O)N1,435.5240000000001,3.848320000000002,2,4,7,87.74000000000001,32,0,0.21978021978021978
DEC_4176,ACT_088,CHEMBL19902,CC(=N)N1CC[C@H](Oc2ccc([C@H](Cc3ccc4ccc(C(=N)N)cc4c3)C(=O)O)cc2)C1,444.5350000000002,3.9850400000000015,4,4,7,123.49000000000002,33,0,0.22
DEC_4177,ACT_088,CHEMBL19365,CC(=N)N1CC[C@H](Oc2ccc([C@@H](Cc3ccc4ccc(C(=N)N)cc4c3)C(=O)O)cc2)C1,444.5350000000002,3.9850400000000015,4,4,7,123.49000000000002,33,0,0.22
DEC_4178,ACT_088,CHEMBL19660,CC(=N)N1CC[C@H](Oc2ccc(C(Cc3ccc4ccc(C(=N)N)cc4c3)C(=O)O)cc2)C1,444.5350000000002,3.9850400000000015,4,4,7,123.49000000000002,33,0,0.22
DEC_4179,ACT_088,CHEMBL6499,Cc1cc2c(cc1/N=C(\S)Nc1ccc(S(N)(=O)=O)cc1)C(C)(C)CC(C)(C)S2,449.6670000000003,5.2238200000000035,3,4,3,84.54999999999998,29,0,0.22077922077922077
DEC_4180,ACT_088,CHEMBL286824,O=C(Nc1nccs1)c1c(C(F)(F)C(F)(F)F)nc2c(C(F)(F)F)cccc2c1O,457.3020000000001,5.322100000000002,2,5,3,75.11,30,0,0.22077922077922077
DEC_4181,ACT_089,CHEMBL9706,OC[C@@]1(CCCCCc2ccccc2)CC2C3Cc4ccc(O)c5c4C2(CCN3CC2CC2)C(O5)[C@@H]1O,503.6830000000004,4.594000000000005,3,5,9,73.16000000000001,37,0,0.16161616161616163
DEC_4182,ACT_089,CHEMBL296663,CC1(C)C2CC1[C@]1(C)OB([C@H](CCCN=C(N)N)NC(=O)c3ccc(-c4ccccc4)cc3N)O[C@@H]1C2,503.4560000000002,3.3553000000000015,4,5,8,137.98,37,0,0.17894736842105263
DEC_4183,ACT_089,CHEMBL289147,CC1(C)C2CC1[C@]1(C)OB([C@H](CCCN=C(N)N)NC(=O)c3ccc(-c4ccccc4)c(N)c3)O[C@@H]1C2,503.4560000000002,3.3553000000000015,4,5,8,137.98,37,0,0.1826086956521739
DEC_4184,ACT_089,CHEMBL32725,CC(C)C/N=C(\S)N1CCN(c2ccc(N(Cc3c[nH]cn3)S(=O)(=O)c3ccccc3)cc2)CC1,512.7050000000002,3.8690000000000024,2,5,8,84.9,35,0,0.18691588785046728
DEC_4185,ACT_089,CHEMBL416754,O=C(Cn1c(Cl)cnc(NCC(F)(F)c2cccc[n+]2[O-])c1=O)NCc1cccc(Cl)c1Cl,518.7350000000002,3.3572000000000015,2,5,8,102.96000000000001,33,0,0.18888888888888888
DEC_4186,ACT_089,CHEMBL434971,CC1(C)C2CC1[C@]1(C)OB([C@H](CCCN=C(N)N)NC(=O)Cc3ccc(-c4ccccc4)cc3)O[C@@H]1C2,502.4680000000002,3.7020000000000035,3,4,9,111.96,37,0,0.19047619047619047
DEC_4187,ACT_089,CHEMBL47143,CCN(CC)C(=O)c1cccc(-c2ccc3c(c2)[C@@H]2[C@@H](CCCCC(=N)N)C(=O)N(C(=O)N(C)C)[C@H]2C3)c1,517.6740000000004,4.480270000000003,2,4,9,110.8,38,0,0.19047619047619047
DEC_4188,ACT_089,CHEMBL284225,O=C(Cn1c(Cl)cnc(NCC(F)(F)c2cccc[n+]2[O-])c1=O)NCc1ccccc1C(F)(F)F,517.8420000000002,3.0692000000000013,2,5,8,102.96000000000001,35,0,0.19318181818181818
DEC_4189,ACT_089,CHEMBL281982,O=C(Cn1c(Cl)cnc(NCC(F)(F)c2cccc[n+]2[O-])c1=O)NCc1cc(Cl)ccc1Cl,518.7350000000002,3.3572000000000015,2,5,8,102.96000000000001,33,0,0.19540229885057472
DEC_4190,ACT_089,CHEMBL56342,CC(C)C(NC(=O)C1CCCN1C(=O)[C@@H](NC(=O)c1ccc(N(C)C)cc1)C(C)C)C(=O)C(F)(F)F,512.5730000000002,2.770200000000001,2,5,9,98.82,36,0,0.19753086419753085
DEC_4191,ACT_089,CHEMBL26804,O=C(Cn1c(Cl)cnc(NCC(F)(F)c2cccc[n+]2[O-])c1=O)NCc1ccccc1Cl,484.2900000000002,2.703800000000001,2,5,8,102.96000000000001,32,0,0.19767441860465115
DEC_4192,ACT_089,CHEMBL290836,CC1(C)C2CC1[C@]1(C)OB([C@H](CCCN=C(N)N)NC(=O)c3ccc(-c4ccccc4)cc3F)O[C@@H]1C2,506.43100000000015,3.912200000000003,3,4,8,111.96,37,0,0.19791666666666666
DEC_4193,ACT_089,CHEMBL30044,N=C(N)c1ccc(OCCCOc2ccc(C(=N)N)cc2Br)c(Br)c1,470.165,3.6276400000000013,4,4,8,118.2,25,0,0.2
DEC_4194,ACT_089,CHEMBL26679,O=C(Cn1c(Cl)cnc(NCC(F)(F)c2cccc[n+]2[O-])c1=O)NCc1cc(Cl)ccc1F,502.2800000000002,2.8429,2,5,8,102.96000000000001,33,0,0.2
DEC_4195,ACT_089,CHEMBL31409,Cc1c(Cc2cccnc2)cc2c(c1CCC(=O)O)CCC(NS(=O)(=O)c1ccc(Cl)cc1)C2,499.03200000000015,4.487220000000003,2,4,8,96.35999999999999,34,0,0.2
DEC_4196,ACT_089,CHEMBL52330,O=c1[nH]nc(CN2CCO[C@H](OCc3cc(C(F)(F)F)cc(C(F)(F)F)c3)[C@@H]2c2ccccc2)[nH]1,502.415,4.252000000000003,2,5,6,83.24000000000001,35,0,0.20192307692307693
DEC_4197,ACT_089,CHEMBL25845,O=C(Cn1c(Cl)cnc(NCC(F)(F)c2cccc[n+]2[O-])c1=O)NCc1cccc(Cl)c1,484.2900000000002,2.703800000000001,2,5,8,102.96000000000001,32,0,0.20212765957446807
DEC_4198,ACT_089,CHEMBL28460,CN(C)CC(=O)N1c2ccccc2N2CCc3cccc(c32)C1CCc1ccccc1.O=C(O)C(=O)O,501.58300000000025,4.118500000000002,2,5,5,101.39,37,0,0.20238095238095238
DEC_4199,ACT_089,CHEMBL280602,N#Cc1cccc(Cc2cc(CCC(=O)O)c3c(c2)CC(NS(=O)(=O)c2ccc(Cl)cc2)CC3)c1,509.02700000000016,4.655480000000003,2,4,8,107.25999999999999,35,0,0.20353982300884957
DEC_4200,ACT_089,CHEMBL290868,O=C(NCCc1cccc2ccccc12)[C@H](CC#Cc1ccc(F)cc1F)NCP(=O)(O)O,472.4280000000001,3.3119000000000023,4,3,8,98.66000000000001,33,0,0.20689655172413793
DEC_4201,ACT_089,CHEMBL283578,CC(C)(N)CC(=O)NC1CC2CCC1(CS(=O)(=O)N1CCC3(CCc4ccccc43)CC1)C2(C)C,501.7370000000004,3.734700000000003,2,4,6,92.49999999999999,35,0,0.21052631578947367
DEC_4202,ACT_089,CHEMBL28474,O=C(Cn1c(Cl)cnc(NCC(F)(F)c2cccc[n+]2[O-])c1=O)NCc1ccc(F)c(Cl)c1,502.2800000000002,2.8429,2,5,8,102.96000000000001,33,0,0.21052631578947367
DEC_4203,ACT_089,CHEMBL295886,CCN(CC)C(=O)c1cccc(-c2ccc3c(c2)[C@@H]2[C@@H](CCCCC(=N)N)C(=O)N(C(=O)OC)[C@H]2C3)c1,504.6310000000004,4.565070000000003,2,5,9,116.79,37,0,0.21153846153846154
DEC_4204,ACT_089,CHEMBL46845,CCN(CC)C(=O)c1cccc(-c2ccc3c(c2)C[C@H]2[C@H]3[C@@H](CCCCC(=N)N)C(=O)N2C(=O)OC)c1,504.63100000000037,4.565070000000002,2,5,9,116.79,37,0,0.21153846153846154
DEC_4205,ACT_089,CHEMBL55496,CNS(=O)(=O)c1ccc2c(c1)/C(=C/c1[nH]c3c(c1CCCN1CCC(O)CC1)CCCC3)C(=O)N2,498.6490000000005,2.6836,4,5,7,114.53,35,0,0.21212121212121213
DEC_4206,ACT_089,CHEMBL17202,CCCn1c(=O)c2nc(-c3ccc(/C=C/C(=O)Nc4ccccc4C(C)=O)cc3)[nH]c2n(CCC)c1=O,499.5710000000003,4.227800000000003,2,5,9,118.85,37,0,0.21505376344086022
DEC_4207,ACT_089,CHEMBL268381,CC(C)c1cccc(-c2ccc(C[C@H](CC(=O)NO)C(=O)N[C@H]3c4ccccc4C[C@H]3O)cc2)c1,472.58500000000015,4.3057000000000025,4,4,8,98.66000000000001,35,0,0.21518987341772153
DEC_4208,ACT_089,CHEMBL9963,O=P(O)(O)C(Cc1cccc2ccccc12)N[C@H](Cc1ccc(-c2ccccc2)cc1)c1nnn[nH]1,499.5110000000002,4.639800000000004,4,5,9,124.02000000000001,36,0,0.21621621621621623
DEC_4209,ACT_089,CHEMBL10251,O=P(O)(O)C(Cc1cccc2ccccc12)N[C@@H](Cc1ccc(-c2ccccc2)cc1)c1nnn[nH]1,499.5110000000002,4.639800000000004,4,5,9,124.02000000000001,36,0,0.21621621621621623
DEC_4210,ACT_089,CHEMBL39676,N=C(N)c1cccc(/C=C(\C(=O)Nc2ccc(-c3ccccc3S(N)(=O)=O)cc2)c2ccccn2)c1,497.58000000000015,3.859370000000003,4,5,7,152.01999999999998,36,0,0.21782178217821782
DEC_4211,ACT_089,CHEMBL46799,O=C(CN1CCC(NC(=O)Oc2ccccc2)CC1)NC1CCc2cc(F)ccc2C1Cc1cccnc1,516.6170000000003,4.231000000000003,2,5,7,83.56,38,0,0.21904761904761905
DEC_4212,ACT_089,CHEMBL277204,CCc1nc2c(N)c(OC3CCN(C(C)=N)CC3)ccc2n1Cc1ccc2ccc(C(=N)N)cc2c1,483.6200000000002,4.506840000000003,4,5,6,130.03,36,0,0.22
DEC_4213,ACT_089,CHEMBL284316,N=C(N)c1cccc(/C(=C\C(=O)Nc2ccc(-c3ccccc3S(N)(=O)=O)cc2)c2ccco2)c1,486.55300000000017,3.948470000000003,4,5,7,152.26999999999998,35,0,0.22
DEC_4214,ACT_089,CHEMBL281428,CC(C)C[C@@H](C(=O)N[C@H](C(=O)Nc1ccccn1)C(C)(C)C)[C@@H](C(=O)NO)C1CCC(C)CC1,474.64600000000036,4.161200000000002,4,5,9,120.42,34,0,0.22093023255813954
DEC_4215,ACT_089,CHEMBL283716,C=C1C[C@@]23O[C@]2(c2ccccc21)C1CC(OC(=O)[C@H](O)[C@@H](NC(C)=O)c2ccccc2)C3(C)C1(C)C,487.5960000000002,4.283900000000004,2,5,5,88.16,36,0,0.22093023255813954
DEC_4216,ACT_089,CHEMBL17587,COc1ccc(OC)c(N(C(=O)C2=CCCC2C(=O)NCc2ccc(C(=N)N)cc2)C2CCCCC2)c1,504.6310000000003,4.306370000000003,3,5,9,117.74,37,0,0.2222222222222222
DEC_4217,ACT_089,CHEMBL288481,N=C(N)c1cccc(/C=C(\C(=O)Nc2ccc(-c3ccccc3S(N)(=O)=O)cc2)c2ccncc2)c1,497.58000000000015,3.859370000000003,4,5,7,152.01999999999998,36,0,0.2222222222222222
DEC_4218,ACT_089,CHEMBL40825,CC(C)(C)NC(=O)NC[C@@H]1Cc2ccccc2CN1/C(S)=N/C[C@H]1CCCN1Cc1ccccc1,493.7210000000003,4.461400000000005,3,3,6,59.970000000000006,35,0,0.2222222222222222
DEC_4219,ACT_089,CHEMBL290043,NC(=O)CN[C@H]1CCN(C(=O)c2cc(C(F)(F)F)cc(C(F)(F)F)c2)[C@H](Cc2ccccc2)C1,487.44400000000013,4.015000000000003,2,3,6,75.43,34,0,0.2222222222222222
DEC_4220,ACT_089,CHEMBL20230,CC1(C)C2CC[C@@]1(CS(=O)(=O)N1CCC3(CCc4ccccc43)CC1)[C@@H](NC(=O)Cc1c[nH]cn1)C2,510.70400000000024,3.573100000000002,2,4,6,95.16000000000001,36,0,0.22321428571428573
DEC_4221,ACT_089,CHEMBL24074,CC(=O)NC1N=C(c2ccccc2)c2ccccc2N(CC(=O)NCCc2cccc(Cl)c2)C1=O,488.9750000000003,3.3451000000000013,2,4,7,90.87,35,0,0.22330097087378642
DEC_4222,ACT_089,CHEMBL38491,CC1CCN(C(=O)N(Cc2cccc(C(=N)NO)c2)NS(=O)(=O)c2ccc3ccccc3c2)CC1,495.60500000000025,3.691370000000002,4,5,6,125.83000000000001,35,0,0.22330097087378642
DEC_4223,ACT_089,CHEMBL24816,CC(=O)NC1N=C(c2ccccc2)c2ccccc2N(CC(=O)NCCc2cccc3ccccc23)C1=O,504.5900000000003,3.8449000000000026,2,4,7,90.87,38,0,0.22340425531914893
DEC_4224,ACT_089,CHEMBL33043,O=C(O)CNC(=O)CCC(NC(=O)c1cc(Cl)cc(Cl)c1)C(=O)N1CCC2(CCCC2)CC1,498.40700000000044,3.255600000000002,3,4,8,115.80999999999999,33,0,0.22340425531914893
DEC_4225,ACT_089,CHEMBL53965,CC(C)NC(=O)c1ccc(CC2CCN(C3CCN(C(=O)c4cccc5[nH]cnc45)CC3)CC2)cc1,487.64800000000025,4.260400000000003,2,4,6,81.33,36,0,0.22448979591836735
DEC_4226,ACT_089,CHEMBL297723,CN1C(=O)C(NC(=O)CCc2cccc(Cl)c2Cl)N=C(c2ccc(C(N)=O)cc2)c2ccccc21,509.3930000000002,3.981200000000002,2,4,6,104.86000000000001,35,0,0.22448979591836735
DEC_4227,ACT_089,CHEMBL20357,Nc1c(I)cc(C(=O)OCCCc2c[nH]cn2)cc1I,497.0740000000001,2.9907000000000012,2,4,5,81.00000000000001,20,0,0.2247191011235955
DEC_4228,ACT_089,CHEMBL296693,O=C(/C=C/c1ccc(Cl)cc1)N[C@@H]1CC[C@@]2(O)[C@H]3Cc4ccc(O)c5c4C2(CCN3CC2CC2)[C@H]1O5,507.0300000000004,3.8079000000000027,3,5,5,82.03,36,0,0.2247191011235955
DEC_4229,ACT_089,CHEMBL44886,O=C(CN1CCC(NC(=O)c2ccccc2)CC1)NC1CCc2cc(F)ccc2C1Cc1cccnc1,500.6180000000002,3.8724000000000025,2,4,7,74.33000000000001,37,0,0.22549019607843138
DEC_4230,ACT_089,CHEMBL10674,CO[C@H](C#Cc1ccccc1)C(NS(=O)(=O)c1ccc(-c2ccc(SC)cc2)cc1)C(=O)O,481.5950000000002,3.8737000000000013,2,5,8,92.7,33,0,0.22580645161290322
DEC_4231,ACT_090,CHEMBL11954,CC(=O)Oc1nc(C(Cl)(Cl)Cl)c(Cl)c(OC(C)=O)c1Cl,381.42600000000016,4.065700000000001,0,5,2,65.49000000000001,20,0,0.13432835820895522
DEC_4232,ACT_090,CHEMBL27260,CCCn1c(=O)c2c(nc(/C=C/c3cc(F)cc(F)c3)n2C)n(CCC)c1=O,388.4180000000002,3.165300000000001,0,3,6,61.82,28,0,0.16666666666666666
DEC_4233,ACT_090,CHEMBL291011,COc1ccc2c3c1O[C@H]1C(=O)[C@@H](Cc4ccccc4)CC4C(C2)N(C)CCC341,389.49500000000023,3.4021000000000026,0,4,3,38.77,29,0,0.18181818181818182
DEC_4234,ACT_090,CHEMBL275491,CCN(c1nc2ccccc2c(=O)o1)c1ccccc1I,392.19599999999997,3.9506000000000023,0,4,3,46.34,21,0,0.18292682926829268
DEC_4235,ACT_090,CHEMBL278948,COc1cc2c(c(OC)c1OC)OC[C@@H]1[C@H]2c2cc3c(cc2C[C@H]1C)OCO3,384.4280000000002,3.7738000000000023,0,6,3,55.38000000000001,28,0,0.18292682926829268
DEC_4236,ACT_090,CHEMBL7940,C=C(C)[C@H]1Cc2c(ccc3c(=O)c4c(oc23)COc2cc(OC)c(OC)cc2-4)O1,392.4070000000001,4.249200000000004,0,6,3,67.13000000000001,29,0,0.1839080459770115
DEC_4237,ACT_090,CHEMBL274085,O=C(OCN1C(=O)c2ccccc2S1(=O)=O)c1c(Cl)cccc1Cl,386.2120000000001,2.9524000000000017,0,5,3,80.75,24,0,0.18461538461538463
DEC_4238,ACT_090,CHEMBL21432,Cc1ccc(S(=O)(=O)OCc2ccc3c(c2)C(=O)c2ccccc2C3=O)cc1,392.43200000000013,3.6759200000000023,0,5,4,77.51,28,0,0.1875
DEC_4239,ACT_090,CHEMBL10692,Cc1ccccc1N1CCN(CCCON2C(=O)c3ccccc3C2=O)CC1,379.46000000000015,2.7349200000000016,0,5,6,53.09,28,0,0.1891891891891892
DEC_4240,ACT_090,CHEMBL276844,O=S1O[C@H](c2ccc(F)cc2)[C@@](Cn2cncn2)(c2ccc(Cl)cc2Cl)O1,428.27200000000016,3.9863000000000017,0,5,4,66.24000000000001,27,0,0.19047619047619047
DEC_4241,ACT_090,CHEMBL279843,COC(CN(C)C)c1nnc2n1-c1ccc(Cl)cc1C(c1ccccc1)=NC2,395.8940000000001,3.520800000000002,0,5,5,55.54,28,0,0.19148936170212766
DEC_4242,ACT_090,CHEMBL282365,Cn1c2cccnc2c2ncnc(N3CCN(CCc4ccc(F)c(F)c4)CC3)c21,408.45600000000013,3.1594000000000015,0,5,4,50.080000000000005,30,0,0.19148936170212766
DEC_4243,ACT_090,CHEMBL10078,CC(=O)OCn1c(SCc2nccc3c2CCC[S+]3[O-])nc2ccccc21,401.5130000000001,3.298000000000002,0,6,5,80.07000000000001,27,0,0.1919191919191919
DEC_4244,ACT_090,CHEMBL28061,N#Cc1c2n(c3c(N4CCN(CCc5cccc(Cl)c5)CC4)ncnc13)CCCC2,420.94800000000026,3.6573800000000025,0,5,4,60.980000000000004,30,0,0.1919191919191919
DEC_4245,ACT_090,CHEMBL24776,OC1(C#Cc2ccc(Oc3ccc(Br)cc3)cc2)CN2CCC1CC2,398.3000000000002,4.049600000000004,1,3,2,32.7,25,0,0.19230769230769232
DEC_4246,ACT_090,CHEMBL9759,Cc1nn(CCCN2CCN(c3cccc(Cl)c3)CC2)c(=O)c2noc(C)c12,401.89800000000025,2.867040000000001,0,6,5,67.4,28,0,0.1927710843373494
DEC_4247,ACT_090,CHEMBL17868,O=S(=O)(Nc1cccc(OCc2nc3ccccc3s2)c1)C(F)(F)F,388.392,4.136800000000002,1,5,5,68.29,25,0,0.1927710843373494
DEC_4248,ACT_090,CHEMBL18140,O=S(=O)(CC(F)(F)F)Nc1cccc(OCc2ccc3ccccc3n2)c1,396.3900000000001,4.117800000000003,1,4,6,68.29,27,0,0.1927710843373494
DEC_4249,ACT_090,CHEMBL27816,O=C1OC2(CCN(CC(O)C3COc4ccccc4O3)CC2)CN1c1ccccc1,410.47000000000025,2.678700000000001,1,6,4,71.47,30,0,0.1927710843373494
DEC_4250,ACT_090,CHEMBL280370,N#C/C(=C\c1ccccc1OCCN1CCOCC1)c1noc2ccc(Cl)cc12,409.873,4.256380000000004,0,6,6,71.52,29,0,0.19318181818181818
DEC_4251,ACT_090,CHEMBL282391,CN(C)S(=O)(=O)c1ccc(-n2nc(C(F)(F)F)cc2-c2ccc(F)cc2)cc1,413.3960000000001,3.9475000000000025,0,3,4,55.2,28,0,0.19318181818181818
DEC_4252,ACT_090,CHEMBL267630,COc1cc2c(cc1OC)[C@@H]1C(=O)c3ccc4c(c3O[C@@H]1CO2)C[C@H](C(C)C)O4,396.4390000000002,3.7832000000000026,0,6,3,63.22000000000001,29,0,0.1935483870967742
DEC_4253,ACT_090,CHEMBL416928,CCCOc1ccc2c(=O)c3c(C)nn(-c4cccc([N+](=O)[O-])c4)c3oc2c1,379.3720000000001,4.137320000000003,0,6,5,100.39999999999999,28,0,0.19387755102040816
DEC_4254,ACT_090,CHEMBL441906,O=S(=O)(CS(=O)(=O)C(F)(F)F)c1ccc(OC(F)(F)C(F)F)cc1,404.281,2.589100000000001,0,5,6,77.51,24,0,0.19402985074626866
DEC_4255,ACT_090,CHEMBL281093,O=c1cnn(-c2cc(Cl)c(Sc3ccc(Cl)cc3)c(Cl)c2)c(=O)[nH]1,400.67400000000004,4.032200000000001,1,4,3,67.75,24,0,0.19444444444444445
DEC_4256,ACT_090,CHEMBL28084,CS(=O)(=O)c1ccc(-c2cc(C(F)F)nn2-c2ccc(S(N)(=O)=O)cc2)cc1,427.4540000000001,2.5278,1,5,5,112.12,28,0,0.19480519480519481
DEC_4257,ACT_090,CHEMBL10268,O=S1O[C@H](c2ccccc2)[C@@](Cn2cncn2)(c2ccc(Cl)cc2Cl)O1,410.28200000000015,3.8472000000000017,0,5,4,66.24000000000001,26,0,0.1951219512195122
DEC_4258,ACT_090,CHEMBL10435,O=c1oc(Nc2ccccc2I)nc2cc(F)ccc12,382.13200000000006,3.675300000000002,1,4,2,55.13,20,0,0.1951219512195122
DEC_4259,ACT_090,CHEMBL17809,O=S(=O)(Nc1cccc(OCc2cnc3ccccc3c2)c1)C(F)(F)F,382.363,4.075300000000002,1,4,5,68.29,26,0,0.1951219512195122
DEC_4260,ACT_090,CHEMBL23536,CC(C)N(CCC1(c2ccccc2Cl)C(=O)NCN2CCCCC21)C(C)C,391.9870000000003,4.028500000000003,1,3,6,35.580000000000005,27,0,0.1951219512195122
DEC_4261,ACT_090,CHEMBL33150,O=C1C2CCCN2C(=O)N1CCCCN1CCN(c2cccc3ccccc23)CC1,406.53000000000014,3.1686000000000014,0,4,6,47.10000000000001,30,0,0.1951219512195122
DEC_4262,ACT_090,CHEMBL25964,CCCn1c(=O)c2c(nc(/C=C/c3cccc(Cl)c3)n2C)n(CCC)c1=O,386.8830000000002,3.5405000000000015,0,3,6,61.82,27,0,0.19540229885057472
DEC_4263,ACT_090,CHEMBL276437,CC(OC(=O)c1ccccc1)n1c([S+]([O-])Cc2ccccn2)nc2ccccc21,405.47900000000004,4.114600000000003,0,5,6,80.07000000000001,29,0,0.1956521739130435
DEC_4264,ACT_090,CHEMBL10186,CC(OC(=O)C(C)(C)C)n1c([S+]([O-])Cc2ccccn2)nc2ccccc21,385.48900000000003,3.8469000000000033,0,5,5,80.07000000000001,27,0,0.1956521739130435
DEC_4265,ACT_090,CHEMBL31742,N#Cc1c(-c2ccc(Cl)cc2)c(-c2ccc(Cl)cc2)nn(CCO)c1=O,386.23800000000017,3.748080000000003,1,4,4,78.91,26,0,0.19696969696969696
DEC_4266,ACT_090,CHEMBL31705,N#Cc1c(-c2ccccc2Cl)c(-c2ccccc2Cl)nn(CCO)c1=O,386.2380000000001,3.748080000000002,1,4,4,78.91,26,0,0.19718309859154928
DEC_4267,ACT_090,CHEMBL278247,CN(C)CCc1nnc2n1-c1ccc(Br)cc1C(c1ccccc1)=NC2,410.3190000000002,3.4849000000000023,0,4,4,46.31,26,0,0.19736842105263158
DEC_4268,ACT_090,CHEMBL274754,COc1ccc(-c2nc(/N=C(\N)n3ccnc3)sc2-c2ccc(OC)cc2)cc1,405.4830000000002,4.1853000000000025,1,6,5,87.55000000000001,29,0,0.19736842105263158
DEC_4269,ACT_090,CHEMBL278974,Cc1c(C)c2ccc(OS(=O)(=O)c3ccc(Br)cc3)cc2oc1=O,409.25700000000006,3.9400400000000033,0,5,3,73.58000000000001,24,0,0.19736842105263158
DEC_4270,ACT_090,CHEMBL274263,CC(CN(C)C)c1nnc2n1-c1ccc(Cl)cc1C(c1ccccc1)=NC2,379.89500000000015,3.9368000000000034,0,4,4,46.31,27,0,0.19753086419753085
DEC_4271,ACT_090,CHEMBL17344,O=S(=O)(Nc1cccc(OCc2ccc3ccccc3n2)c1)C(F)(F)F,382.363,4.075300000000001,1,4,5,68.29,26,0,0.19753086419753085
DEC_4272,ACT_090,CHEMBL417484,CN([C@@H]1CCN2CCc3ccccc3[C@@H]2C1)S(=O)(=O)CCN1CCCCC1,391.58100000000036,2.495700000000001,0,4,5,43.86000000000001,27,0,0.19753086419753085
DEC_4273,ACT_090,CHEMBL285647,O=C(CCCn1c2c(c3ccccc31)C(=O)CN1CCCCC21)NC1CCCC1,393.5310000000003,4.203600000000003,1,3,5,54.34,29,0,0.19753086419753085
DEC_4274,ACT_090,CHEMBL10209,COc1c(C)cnc(C[S+]([O-])c2nc3ccccc3n2COC(C)=O)c1C,387.4610000000002,2.8851400000000016,0,6,6,89.30000000000001,27,0,0.19767441860465115
DEC_4275,ACT_090,CHEMBL24668,CCOC(=O)c1c(C)cc2cnn(-c3ccc(S(C)(=O)=O)cc3)c(=O)c2c1C,400.4560000000002,2.582740000000001,0,6,4,95.32999999999998,28,0,0.19767441860465115
DEC_4276,ACT_090,CHEMBL27493,CCCCN1CC2(CCN(CC(O)C3COc4ccccc4O3)CC2)OC1=O,390.4800000000002,2.2741999999999996,1,6,6,71.47,28,0,0.19767441860465115
DEC_4277,ACT_090,CHEMBL10117,COc1cc2nc(Nc3ccccc3I)oc(=O)c2cc1OC,424.1940000000002,3.5534000000000017,1,6,4,73.59,23,0,0.2
DEC_4278,ACT_090,CHEMBL10166,O=C(c1ccc(Cl)cc1)C(O)(Cn1cncn1)c1ccc(Cl)cc1Cl,396.6610000000002,4.009000000000002,1,4,5,68.00999999999999,25,0,0.2
DEC_4279,ACT_090,CHEMBL10875,Cc1cccc(N2CCN(CCCON3C(=O)CC4(CCCC4)CC3=O)CC2)c1,399.5350000000003,3.1481200000000014,0,5,6,53.09,29,0,0.2
DEC_4280,ACT_090,CHEMBL418526,Cc1cccc(N2CCN(CCCON3C(=O)CC4(CCCC4)CC3=O)CC2)c1C,413.56200000000035,3.456540000000002,0,5,6,53.09,30,0,0.2
DEC_4281,ACT_091,CHEMBL6575,CN1CCN2CC(c3ccc([N+](=O)[O-])cc3)c3ccc([N+](=O)[O-])cc3C2C1,368.39300000000014,2.937000000000001,0,6,3,92.76,27,0,0.16470588235294117
DEC_4282,ACT_091,CHEMBL6589,COc1c2occc2c(CN2CCN(C)CC2)c2ccc(=O)oc12.Cl,364.829,2.717000000000002,0,6,3,59.06,25,0,0.16666666666666666
DEC_4283,ACT_091,CHEMBL280413,N#C/C(=C\c1ccccc1OCCN1CCCC1)c1noc2ccccc12,359.429,4.3665800000000035,0,5,6,62.29,27,0,0.16853932584269662
DEC_4284,ACT_091,CHEMBL6774,Br.CCN(CC)CCCOc1c2occc2cc2ccc(=O)oc12,396.28100000000006,4.227800000000004,0,5,7,55.82,24,0,0.1686746987951807
DEC_4285,ACT_091,CHEMBL14713,Cc1nsc(-c2ccc(N3CCN(c4cccc(F)c4)CC3)nn2)n1,356.43000000000006,2.7692200000000007,0,7,3,58.040000000000006,25,0,0.17045454545454544
DEC_4286,ACT_091,CHEMBL277140,N#CCCn1nc(-c2ccc(OCc3ccc([N+](=O)[O-])cc3)cc2)oc1=S,382.40100000000007,4.273470000000002,0,7,7,107.12,27,0,0.17045454545454544
DEC_4287,ACT_091,CHEMBL20661,N#C/C(=C\c1ccc(OCCN2CCOCC2)cc1)c1noc2ccccc12,375.428,3.602980000000003,0,6,6,71.52,28,0,0.17391304347826086
DEC_4288,ACT_091,CHEMBL12821,CC(C)(C)Sc1ccc(S(=O)(=O)CS(=O)(=O)C(F)(F)F)cc1,376.443,3.243000000000002,0,5,4,68.28,22,0,0.17543859649122806
DEC_4289,ACT_091,CHEMBL428886,CCOc1nc(C(Cl)(Cl)Cl)c(Cl)c(OC(C)=O)c1Cl,367.4430000000001,4.539100000000002,0,4,3,48.42,19,0,0.17567567567567569
DEC_4290,ACT_091,CHEMBL25857,C=CCN(CCC)C1CCc2cccc(OS(=O)(=O)C(F)(F)F)c2C1,377.4280000000001,3.670300000000003,0,4,7,46.61,25,0,0.17647058823529413
DEC_4291,ACT_091,CHEMBL277212,Cn1c(=O)ccc2cc(COc3cccc(C4(C=O)CCOCC4)c3)ccc21,377.44000000000017,3.364600000000002,0,4,5,57.53,28,0,0.17708333333333334
DEC_4292,ACT_091,CHEMBL273571,CC(=O)OC(C(C)=O)[C@@]12CCC[C@H]1[C@@H]1CCC3=CC(=O)CC[C@@H]3[C@H]1CC2,358.4780000000002,4.0191000000000034,0,4,3,60.440000000000005,26,0,0.1780821917808219
DEC_4293,ACT_091,CHEMBL10467,Cc1ccc([C@H]2OC(=O)O[C@]2(Cn2cncn2)c2ccccc2Cl)cc1,369.808,4.0435200000000036,0,5,4,66.24000000000001,26,0,0.1794871794871795
DEC_4294,ACT_091,CHEMBL14387,N#Cc1nccc2c1ncn2CCOc1ccc(Cc2ccccc2)cc1,354.413,3.972780000000003,0,4,6,63.730000000000004,27,0,0.1797752808988764
DEC_4295,ACT_091,CHEMBL21462,c1ccc(-c2nc(CCn3c(-c4cscn4)nc4ccccc43)no2)cc1,373.4410000000001,4.452500000000003,0,6,5,69.63,27,0,0.1797752808988764
DEC_4296,ACT_091,CHEMBL10283,CCSc1ccnc(C[S+]([O-])c2nc3ccccc3n2COC)c1C,375.5190000000002,3.7634200000000027,0,5,7,63.0,25,0,0.18181818181818182
DEC_4297,ACT_091,CHEMBL34205,CCOC(=O)C[C@H]1CCCCC12OOC1(CCCC[C@H]1CC(=O)OCC)OO2,400.4680000000002,3.5758000000000028,0,8,6,89.52000000000001,28,0,0.18181818181818182
DEC_4298,ACT_091,CHEMBL445055,O=C1C2CCCCN2C(=O)N1CN1CCN(c2cccc3ccccc23)CC1,378.47600000000017,2.7360000000000007,0,4,3,47.10000000000001,28,0,0.1827956989247312
DEC_4299,ACT_091,CHEMBL417421,COc1ccc2c(c1)CCC=C2CCCN1CCN(c2ccccn2)CC1,363.50500000000005,4.022200000000002,0,4,6,28.6,27,0,0.1839080459770115
DEC_4300,ACT_091,CHEMBL9603,c1ccc(CSc2nc3ccccc3n2CCN2CCOCC2)nc1,354.4790000000002,3.0558000000000005,0,5,6,43.18000000000001,25,0,0.1839080459770115
DEC_4301,ACT_091,CHEMBL14718,FC(F)(F)c1cccc(N2CCN(c3ccc(-c4ncns4)nn3)CC2)c1,392.4100000000001,3.3405000000000014,0,7,3,58.040000000000006,27,0,0.18421052631578946
DEC_4302,ACT_091,CHEMBL21846,N#C/C(=C\c1ccc(OCCCN2CCOCC2)cc1)c1noc2ccccc12,389.455,3.9930800000000035,0,6,7,71.52,29,0,0.18478260869565216
DEC_4303,ACT_091,CHEMBL16718,N#CCCn1nc(-c2ccc(OCc3ccc([N+](=O)[O-])cc3)cc2)oc1=O,366.3330000000001,2.904180000000001,0,7,7,124.19,27,0,0.18604651162790697
DEC_4304,ACT_091,CHEMBL421855,Cc1cc(C(c2ccc(OCc3ccccc3)cc2)N2CCN(C)CC2)sn1,393.5560000000002,4.367320000000004,0,5,6,28.6,28,0,0.18604651162790697
DEC_4305,ACT_091,CHEMBL13002,O=C(O)CCCCCC(=O)N1CCC2(CCN(c3ccncc3)CC2)C1,359.4700000000001,2.9356000000000018,1,4,7,73.74000000000001,26,0,0.1875
DEC_4306,ACT_091,CHEMBL19122,COc1cc(/N=c2\c(O)c(O)\c2=N/C(C)C(C)(C)C)c2ncccc2c1,353.4220000000001,3.097900000000001,2,6,3,87.3,26,0,0.1875
DEC_4307,ACT_091,CHEMBL27705,COc1ccccc1N1CCN(CCCOc2cccc3ccccc23)CC1,376.50000000000006,4.439500000000004,0,4,7,24.94,28,0,0.1875
DEC_4308,ACT_091,CHEMBL27150,C=CC(C)(C)c1c(OC)cc2oc3ccc(OC)c(OC)c3c(=O)c2c1O,370.4010000000002,4.141200000000004,1,6,5,78.13,27,0,0.1875
DEC_4309,ACT_091,CHEMBL10531,O=C1O[C@H](c2ccc(Cl)cc2)[C@@](Cn2cncn2)(c2ccc(Cl)cc2)O1,390.2260000000001,4.388500000000002,0,5,4,66.24000000000001,26,0,0.1875
DEC_4310,ACT_091,CHEMBL28728,COc1ccc2c(nc(Nc3c(C)cccc3Cl)c3cnc(C=O)n32)c1OC,396.8340000000002,4.417620000000003,1,6,5,77.75,28,0,0.1875
DEC_4311,ACT_091,CHEMBL32179,COc1ccc(-c2csc3c2-n2cccc2/C3=N/OCCCN(C)C)cc1,381.5010000000002,4.2485000000000035,0,5,7,38.99,27,0,0.1875
DEC_4312,ACT_091,CHEMBL9924,COc1cccc2c1CCC[C@H]2CN(C)CCc1ccc2nccnc2c1,361.489,4.232800000000004,0,4,6,38.25,27,0,0.18823529411764706
DEC_4313,ACT_091,CHEMBL21716,O=C(OC1CN2CCC1CC2)C1=C/C(=C\c2ccccn2)c2ccccc21,358.4410000000001,3.6566000000000027,0,4,3,42.43,27,0,0.18823529411764706
DEC_4314,ACT_091,CHEMBL21794,CC(C)c1cccc(C(C)C)c1OC(=O)NS(=O)(=O)N(C(C)C)C(C)C,384.5420000000001,4.385400000000003,1,4,7,75.71,26,0,0.18840579710144928
DEC_4315,ACT_091,CHEMBL432658,COCCN1C(=O)N(c2ccc(C#N)c(C(F)(F)F)c2)C(=O)C1(C)C,355.3160000000001,2.7706800000000014,0,4,4,73.64,25,0,0.18888888888888888
DEC_4316,ACT_091,CHEMBL416175,Cc1c(C)c2ccc(OS(=O)(=O)c3ccc(C#N)cc3)cc2oc1=O,355.37100000000004,3.049220000000002,0,6,3,97.37,25,0,0.18947368421052632
DEC_4317,ACT_091,CHEMBL8805,CC(C)=CC[C@@H](OC(=O)c1ccccc1)C1=CC(=O)c2c(O)ccc(O)c2C1=O,392.4070000000002,3.985100000000004,2,6,5,100.9,29,0,0.189873417721519
DEC_4318,ACT_091,CHEMBL283768,Cc1ccc(N/N=C(\N=N\c2nnnn2-c2ccccc2)c2ccccc2)cc1,382.4310000000001,4.528320000000003,1,6,5,92.71000000000001,29,0,0.189873417721519
DEC_4319,ACT_091,CHEMBL28195,CC(C)=CCC(OC(=O)c1ccccc1)C1=CC(=O)c2c(O)ccc(O)c2C1=O,392.4070000000002,3.985100000000004,2,6,5,100.9,29,0,0.189873417721519
DEC_4320,ACT_091,CHEMBL26219,CCOC(=O)c1c(C)cc2cnn(-c3ccc([N+](=O)[O-])cc3)c(=O)c2c1C,367.36100000000016,3.0874400000000017,0,6,4,104.32999999999998,27,0,0.19047619047619047
DEC_4321,ACT_091,CHEMBL12129,O=C1CC2(CCCC2)CC(=O)N1CCCCNC[C@H]1COc2ccccc2O1,386.49200000000013,2.9056000000000006,1,5,7,67.87,28,0,0.19047619047619047
DEC_4322,ACT_091,CHEMBL12152,O=C1CC2(CCCC2)CC(=O)N1CCCCNCC1COc2ccccc2O1,386.49200000000013,2.9056000000000006,1,5,7,67.87,28,0,0.19047619047619047
DEC_4323,ACT_091,CHEMBL12124,O=C1CC2(CCCC2)CC(=O)N1CCCCNC[C@@H]1COc2ccccc2O1,386.49200000000013,2.9056000000000006,1,5,7,67.87,28,0,0.19047619047619047
DEC_4324,ACT_091,CHEMBL24403,O=S(=O)(c1ccccc1)c1cc(Cl)cc(OCCNc2ccncc2)c1,388.8760000000001,4.058700000000003,1,5,7,68.29,26,0,0.19117647058823528
DEC_4325,ACT_091,CHEMBL278074,O=C(OC1CN2CCC1CC2)C1=C/C(=C\c2ccncc2)c2ccccc21,358.4410000000001,3.6566000000000027,0,4,3,42.43,27,0,0.19148936170212766
DEC_4326,ACT_091,CHEMBL26562,O=C(c1ccc2c(c1)oc(=O)n2CCc1ccncc1)c1ccccc1Cl,378.81500000000005,4.116600000000003,0,4,5,65.1,27,0,0.1919191919191919
DEC_4327,ACT_091,CHEMBL17669,O=C1NC(=O)C(Cc2ccc3c(c2)CC[C@H](Cc2ccccc2)O3)S1,353.443,3.517000000000002,1,4,4,55.400000000000006,25,0,0.19230769230769232
DEC_4328,ACT_091,CHEMBL280378,CCOc1cc(Cc2cnc(N)nc2N)cc(OCC)c1-n1cccc1,353.42600000000004,2.8199000000000014,2,6,7,101.21000000000001,26,0,0.19230769230769232
DEC_4329,ACT_091,CHEMBL277885,O=C(O)CCCCCC(=O)N1CCC2(CC1)CCN(c1ccncc1)CC2,373.49700000000007,3.325700000000002,1,4,7,73.74000000000001,27,0,0.19230769230769232
DEC_4330,ACT_091,CHEMBL30099,CCN(CC)CCn1nc2c3c(c(CNC)ccc31)Sc1ccccc1-2,366.5340000000001,4.2291000000000025,1,4,7,33.09,26,0,0.19230769230769232
DEC_4331,ACT_092,CHEMBL11961,CC1(C)CC1C(=O)N/C(=C\CCCCCC/C=C(\NC(=O)C1CC1(C)C)C(=O)O)C(=O)O,448.5600000000002,3.5886000000000013,4,4,13,132.8,32,0,0.1694915254237288
DEC_4332,ACT_092,CHEMBL416895,CCN(CC)CCNc1ccc(NCCN(CC)CC)c2c1C(=O)c1ccccc1C2=O,436.60000000000025,3.969400000000004,2,6,12,64.68,32,0,0.1728395061728395
DEC_4333,ACT_092,CHEMBL6418,COC(=O)CC/C=C\CC[C@H]1C(=O)C[C@@H](O)[C@@H]1/C=C/CC(C)(O)CCC1CCCCC1,434.6170000000004,4.899900000000005,2,5,12,83.83000000000001,31,0,0.17391304347826086
DEC_4334,ACT_092,CHEMBL417426,Cc1ccnc(NCCCCCCC(=O)NC(CC(=O)O)c2cccc([N+](=O)[O-])c2)c1,428.48900000000015,3.9928200000000027,3,6,13,134.46,31,0,0.17582417582417584
DEC_4335,ACT_092,CHEMBL21247,CCCc1c(OCCCSc2ccc([C@@H](O)[C@H](C)CC(=O)O)cc2)ccc(C(C)=O)c1O,460.59200000000027,5.252700000000005,3,6,13,104.06000000000002,32,0,0.17708333333333334
DEC_4336,ACT_092,CHEMBL31501,CCN(CC)CCCC(C)Nc1nc(Nc2ccc([N+](=O)[O-])cc2)c2ccccc2n1,422.5330000000002,5.204000000000004,2,7,11,96.22,31,0,0.1839080459770115
DEC_4337,ACT_092,CHEMBL39784,O=C(O)CCCCCC[C@@H]1[C@@H](CC[C@@H](O)CCc2cccc(C(F)(F)F)c2)[C@H](O)C[C@@H]1O,460.5330000000001,4.562200000000006,4,4,13,97.99000000000001,32,0,0.18811881188118812
DEC_4338,ACT_092,CHEMBL14546,CCN(CC)CCNc1ccc(NCCN(CC)CC)c2c1C(=O)c1cccnc1C2=O,437.58800000000025,3.3644000000000025,2,7,12,77.57,32,0,0.18888888888888888
DEC_4339,ACT_092,CHEMBL36041,O=C(O)CCCCCC[C@@H]1[C@@H](CC[C@@H](O)COc2cccc(Cl)c2)[C@H](O)C[C@@H]1O,428.9530000000001,3.643000000000003,4,5,13,107.22000000000001,29,0,0.19047619047619047
DEC_4340,ACT_092,CHEMBL15648,CCCc1c(OCCCOc2cc(O)c(C(C)=O)cc2CC)cccc1OCC(=O)O,430.49700000000024,4.421000000000003,2,6,13,102.29,31,0,0.19101123595505617
DEC_4341,ACT_092,CHEMBL39332,CCN(CC)CCn1nc2c3c(c(NCCNCCO)ccc31)Sc1ccc(OC)cc1-2,455.6280000000002,3.512100000000003,3,7,12,74.58000000000001,32,0,0.19101123595505617
DEC_4342,ACT_092,CHEMBL40203,CCCCNC(=O)[C@H](C)C[C@H](O)[C@@H](N)CC(C)(C)CCc1ccc(CO)c2ccccc12,442.6440000000002,4.311700000000003,4,4,13,95.58,32,0,0.19148936170212766
DEC_4343,ACT_092,CHEMBL434774,CCCc1c(OCCCSc2ccc(C(=O)CCC(=O)O)cc2)ccc(C(C)=O)c1O,444.5490000000002,5.156000000000005,2,6,13,100.90000000000002,31,0,0.19318181818181818
DEC_4344,ACT_092,CHEMBL15295,CCCc1c(OCCCOc2cc(O)c(C(C)=O)cc2CC)cccc1OC(CC)C(=O)O,458.5510000000003,5.199600000000004,2,6,14,102.29,33,0,0.1935483870967742
DEC_4345,ACT_092,CHEMBL22048,CCCCc1c(Cc2ccc(-c3ccccc3-c3nn[nH]n3)cc2)c(C(=O)O)nn1CCCC,458.56600000000026,5.161900000000005,2,5,11,109.58000000000001,34,0,0.19387755102040816
DEC_4346,ACT_092,CHEMBL8146,CC(C)(CCCOc1ccc(OCCCC(C)(C)C(=O)O)c(C(F)(F)F)c1)C(=O)O,434.4510000000001,5.2450000000000045,2,4,12,93.06000000000002,30,0,0.19480519480519481
DEC_4347,ACT_092,CHEMBL21791,CCCCc1nn(CCCC)c(C(=O)O)c1Cc1ccc(-c2ccccc2-c2nn[nH]n2)cc1,458.5660000000001,5.161900000000004,2,5,11,109.58,34,0,0.19540229885057472
DEC_4348,ACT_092,CHEMBL15299,CCCc1c(OCCCOc2cc(O)c(C(C)=O)cc2CC)cccc1OC(C)C(=O)O,444.5240000000002,4.809500000000003,2,6,13,102.29,32,0,0.1956521739130435
DEC_4349,ACT_092,CHEMBL22248,CN1CCCC1CCNCCCCNCC1CCN(C(=O)Cc2cccc3ccccc23)CC1,464.6980000000002,4.064600000000004,2,4,12,47.61,34,0,0.19801980198019803
DEC_4350,ACT_092,CHEMBL442332,C/C=C/c1ccc(OCC(=O)NCC(C)(C)CNC(=O)C2=CC(C)(C)NC2(C)C)c(OC)c1,457.61500000000024,3.4525000000000015,3,5,10,88.69000000000001,33,0,0.20202020202020202
DEC_4351,ACT_092,CHEMBL13198,COC(=O)c1ccccc1OCC(O)CNCCNc1cc(Cl)c2ccccc2c1O,444.9150000000001,3.4268000000000014,4,7,10,100.05000000000001,31,0,0.20212765957446807
DEC_4352,ACT_092,CHEMBL288277,O=C(O)CCCCCC[C@@H]1[C@@H](CC[C@@H](O)CCc2ccccc2C(F)(F)F)[C@H](O)C[C@@H]1O,460.5330000000001,4.562200000000006,4,4,13,97.99000000000001,32,0,0.20212765957446807
DEC_4353,ACT_092,CHEMBL9053,CCCCNC(=N)c1ccc(N2CCCN(c3ccc(C(=N)NCCCC)cc3)CC2)cc1,448.6590000000002,4.833440000000004,4,4,10,78.24000000000001,33,0,0.20270270270270271
DEC_4354,ACT_092,CHEMBL284958,Cc1cc(/C=C/c2ccccc2OCC(O)CNC(C)CCc2ccc(O)cc2)on1,422.5250000000002,4.209620000000003,3,6,11,87.75,31,0,0.20408163265306123
DEC_4355,ACT_092,CHEMBL21749,CCCCc1nn(CC(C)C)c(C(=O)O)c1Cc1ccc(-c2ccccc2-c2nn[nH]n2)cc1,458.5660000000001,5.017800000000004,2,5,10,109.58,34,0,0.20408163265306123
DEC_4356,ACT_092,CHEMBL38581,CCCc1c(OCCCOc2ccc(C(=O)CCC(=O)O)c(F)c2)ccc(C(C)=O)c1O,446.4710000000002,4.581800000000005,2,6,13,110.13000000000001,32,0,0.20454545454545456
DEC_4357,ACT_092,CHEMBL269079,CCn1ncc2c(NCc3ccc(OC)c(Cl)c3)c(C(=O)NCCCCCO)cnc21,445.9510000000003,3.617700000000002,3,6,11,101.3,31,0,0.20588235294117646
DEC_4358,ACT_092,CHEMBL15302,CN(C)CCCNC(=O)c1cccc2c1Oc1c(C(=O)NCCCN(C)C)cccc1C2(C)C,466.6260000000003,3.481200000000002,2,5,10,73.91,34,0,0.20588235294117646
DEC_4359,ACT_092,CHEMBL289660,O=C(O)CCCCCC[C@@H]1[C@@H](CC[C@@H](O)CCc2ccc(C(F)(F)F)cc2)[C@H](O)C[C@@H]1O,460.5330000000001,4.562200000000005,4,4,13,97.99000000000001,32,0,0.20652173913043478
DEC_4360,ACT_092,CHEMBL290544,N[C@@H](CO)[C@H](O)/C=C/CCCOC(=O)CCCc1ccc2ccc3cccc4ccc1c2c34,445.5590000000001,4.466800000000004,3,5,11,92.78,33,0,0.20652173913043478
DEC_4361,ACT_092,CHEMBL23686,CN1CCCCC1CNCCCCNCC1CCN(C(=O)Cc2cccc3ccccc23)CC1,464.6980000000002,4.064600000000004,2,4,11,47.61,34,0,0.20689655172413793
DEC_4362,ACT_092,CHEMBL266377,CC[C@@H](c1ccc(O)cc1)[C@H](CCCCn1cc(C(=O)O)c(=O)[nH]1)c1ccc(O)cc1,424.49700000000007,4.4337000000000035,4,4,10,115.55,31,0,0.2073170731707317
DEC_4363,ACT_092,CHEMBL282718,CC(C)c1cccc(C(C)C)c1NC(=O)NS(=O)(=O)N(CCCN(C)C)CCCN(C)C,469.69600000000037,3.5051000000000023,2,5,13,84.99,32,0,0.2077922077922078
DEC_4364,ACT_092,CHEMBL23048,CCCCc1nn(CC2CC2)c(C(=O)O)c1Cc1ccc(-c2ccccc2-c2nn[nH]n2)cc1,456.55000000000007,4.771800000000003,2,5,10,109.58,34,0,0.20833333333333334
DEC_4365,ACT_092,CHEMBL291132,O=c1cc(-c2ccccc2)oc2ccc(OCCCCCCN3CCNC(CCO)C3)cc12,450.5790000000003,4.055400000000002,2,6,11,74.94,33,0,0.20833333333333334
DEC_4366,ACT_092,CHEMBL22394,CN1CCCC1CNCCCCNCC1CCN(C(=O)Cc2cccc3ccccc23)CC1,450.6710000000002,3.6745000000000037,2,4,11,47.61,33,0,0.20930232558139536
DEC_4367,ACT_092,CHEMBL416610,CC[C@@](C)(c1ccc(O)cc1)[C@H](CCCC(=O)N(CCO)CCO)c1ccc(O)cc1,429.5570000000002,3.5328000000000017,4,5,12,101.23,31,0,0.20987654320987653
DEC_4368,ACT_092,CHEMBL287080,O=C(O)CCC/C=C\C[C@@H]1[C@@H](/C=C/[C@@H](O)CCc2cccc(C(F)(F)F)c2)[C@H](O)C[C@@H]1O,456.5010000000001,4.114200000000005,4,4,11,97.99000000000001,32,0,0.21052631578947367
DEC_4369,ACT_092,CHEMBL31713,COc1cc(Cc2cnc(N)nc2N)cc(OCCCCCCC(=O)O)c1Br,453.3370000000003,3.416800000000001,3,7,11,133.57999999999998,28,0,0.2111111111111111
DEC_4370,ACT_092,CHEMBL40269,CCCc1c(OCCCSc2ccc(C(O)CCC(=O)O)cc2)ccc(C(C)=O)c1O,446.5650000000002,5.006700000000005,3,6,13,104.06000000000002,31,0,0.2112676056338028
DEC_4371,ACT_092,CHEMBL14071,CCN(CC)c1nc(NCCNC(=O)c2cc(OC)c(OC)c(OC)c2)c2ccccc2n1,453.54300000000023,3.343700000000001,2,8,11,97.84000000000002,33,0,0.2127659574468085
DEC_4372,ACT_092,CHEMBL8110,CC(C)NCC(O)COc1ccc(NC(=O)c2cccs2)cc1C(=O)OC(C)C,420.5310000000002,3.303300000000002,3,7,10,96.89,29,0,0.21333333333333335
DEC_4373,ACT_092,CHEMBL415487,CCCOC(=O)c1cc(NC(=O)c2cccs2)ccc1OCC(O)CNC(C)C,420.5310000000002,3.304900000000001,3,7,11,96.89,29,0,0.21428571428571427
DEC_4374,ACT_092,CHEMBL32637,COc1cc(CCNCC(O)COc2ccccc2/C=C/c2cc(C)no2)ccc1C,422.5250000000002,4.042440000000003,2,6,11,76.75,31,0,0.21428571428571427
DEC_4375,ACT_092,CHEMBL8093,CCCOC(=O)c1cc(NC(=O)c2cccs2)ccc1OCC(O)CNC(C)(C)C,434.5580000000002,3.695000000000002,3,7,10,96.89,30,0,0.21428571428571427
DEC_4376,ACT_092,CHEMBL416943,C#CCCCCCNC(=O)c1coc(C2C3CCC(O3)C2Cc2ccccc2CCC(=O)O)n1,464.56200000000024,4.118900000000003,2,5,12,101.66,34,0,0.21505376344086022
DEC_4377,ACT_092,CHEMBL40966,CC(C)OP(=O)(O)COc1ccc(C[C@@H](C)NC[C@H](O)c2cccc(Cl)c2)cc1,441.89200000000005,4.540900000000003,3,5,11,88.02000000000001,29,0,0.21621621621621623
DEC_4378,ACT_092,CHEMBL43384,O=C(O)CCc1ccc(CNS(=O)(=O)c2ccc(Cl)cc2)c(CCc2cccnc2)c1,458.96700000000016,4.015900000000003,2,4,10,96.36,31,0,0.21621621621621623
DEC_4379,ACT_092,CHEMBL278256,CC1(C)CC(C(=O)NCCCNCc2ccccc2OCc2ccccc2)C(C)(C)N1,423.60100000000017,4.028200000000003,3,4,10,62.39,31,0,0.21686746987951808
DEC_4380,ACT_092,CHEMBL11097,COc1ccc(CCNCC(O)COc2ccc(-c3nc(C(C)(C)C)c[nH]3)cc2)cc1OC,453.5830000000002,3.9634000000000027,3,6,11,88.63000000000001,33,0,0.21794871794871795
DEC_4381,ACT_093,CHEMBL34704,N#CC(=C(/N)Sc1ccccc1N)/C(C#N)=C(\N)Sc1ccccc1N,380.5020000000001,3.1231600000000004,4,8,5,151.66,26,0,0.12857142857142856
DEC_4382,ACT_093,CHEMBL413497,CCN(CC)CCNCCNc1ccc2ncn3c4ccc(O)cc4c(=O)c1c23,393.4910000000002,2.4875999999999996,3,6,9,81.9,29,0,0.15053763440860216
DEC_4383,ACT_093,CHEMBL268630,CN(C)CCNCc1nn2c3ccccc3c(=O)c3c(NCCN(C)C)ccc1c32,406.5340000000002,2.0633999999999997,2,6,9,64.91,30,0,0.15476190476190477
DEC_4384,ACT_093,CHEMBL13679,C#CCN(Cc1ccc2nc(N)nc(O)c2c1)c1ccc(CCCC(=O)O)cc1,390.44300000000015,2.9647000000000006,3,6,8,112.57000000000001,29,0,0.15584415584415584
DEC_4385,ACT_093,CHEMBL7813,CCN(CC)CCNCCNc1ccc2ncn3c4ccccc4c(=O)c1c23,377.4920000000002,2.782,2,5,9,61.669999999999995,28,0,0.15730337078651685
DEC_4386,ACT_093,CHEMBL15251,CCC/N=C(\NC#N)NCCSCCn1nc(-c2ccccc2)ccc1=O,384.50900000000007,2.0697799999999997,2,5,9,95.1,27,0,0.1724137931034483
DEC_4387,ACT_093,CHEMBL12733,CN(Cc1ccccc1)C(c1cccc2nc(O)c(O)nc12)P(=O)(O)O,375.321,2.349300000000003,4,6,5,127.01000000000002,26,0,0.17647058823529413
DEC_4388,ACT_093,CHEMBL283350,O=C(O)CCCO/N=C1\c2ccccc2-c2nc(O)c3nc(C(=O)O)cn3c21,382.33200000000016,1.7472999999999999,3,7,6,146.60999999999999,28,0,0.17647058823529413
DEC_4389,ACT_093,CHEMBL441510,O=C(O)CCC/C=C\C[C@H]1C(=O)CC[C@@H]1NS(=O)(=O)c1ccc(F)cc1,383.4410000000001,2.6529000000000007,2,4,9,100.53999999999999,26,0,0.17647058823529413
DEC_4390,ACT_093,CHEMBL276898,CN(C)CCNc1ccc(NCCN(C)C)c2c1C(=O)c1ccccc1C2=O,380.49200000000013,2.409,2,6,8,64.68,28,0,0.1774193548387097
DEC_4391,ACT_093,CHEMBL30644,N#Cc1ccccc1OCC(O)CNCCNC(=O)c1ccc2ccccc2n1,390.4430000000001,1.8657799999999998,3,6,9,107.27,29,0,0.17777777777777778
DEC_4392,ACT_093,CHEMBL16219,CCCCc1ccc(Nc2nc(S)c3ncn(COCCO)c3n2)cc1,373.4820000000002,3.167600000000001,3,7,9,85.09,26,0,0.18421052631578946
DEC_4393,ACT_093,CHEMBL26446,CCn1cnc2c(Nc3cccc(Cl)c3)nc(NC3CCC(O)CC3N)nc21,401.9020000000002,2.8957999999999995,4,7,5,113.91,28,0,0.18518518518518517
DEC_4394,ACT_093,CHEMBL15195,CC/N=C(\NC#N)NCCSCCCn1nc(-c2ccccc2)ccc1=O,384.50900000000007,2.0697799999999997,2,5,9,95.1,27,0,0.18604651162790697
DEC_4395,ACT_093,CHEMBL6771,CC1(C)N=C(N)N=C(N)N1c1cccc(OCCCCOc2ccccc2)c1,381.48000000000013,3.110100000000002,2,7,8,98.46,28,0,0.1875
DEC_4396,ACT_093,CHEMBL34957,CCc1cc(C(C)=O)c(O)cc1OCc1cccc(C(=O)N(CC)CCO)n1,386.4480000000002,2.585600000000001,2,6,9,99.96000000000001,28,0,0.1875
DEC_4397,ACT_093,CHEMBL416551,O=C(O)CC/C=C\C[C@H]1[C@H](F)CC[C@@H]1NS(=O)(=O)c1ccccc1[N+](=O)[O-],400.42800000000017,2.8009000000000004,2,5,9,126.61000000000001,27,0,0.19
DEC_4398,ACT_093,CHEMBL8602,CCN(CC)CCNc1ccc2ncn3c4cc(OC)c(OC)c(O)c4c(=O)c1c23,410.4740000000003,2.915200000000002,2,7,8,88.33000000000001,30,0,0.19047619047619047
DEC_4399,ACT_093,CHEMBL28771,CC(=O)NCCCNc1ccc(NCCN(C)C)c2c1C(=O)c1ccccc1C2=O,408.5020000000002,2.3735999999999997,3,6,9,90.53999999999999,30,0,0.19047619047619047
DEC_4400,ACT_093,CHEMBL285889,CN(C)CCN(C)c1ccc(-c2cc3ncccc3c(NCCCN)n2)cc1,378.52400000000017,3.0553,2,6,9,70.31,28,0,0.1917808219178082
DEC_4401,ACT_093,CHEMBL282225,O=C(O)CC/C=C\CC1=CCC[C@@H]1NS(=O)(=O)c1ccccc1[N+](=O)[O-],380.42200000000014,2.7730000000000006,2,5,9,126.61000000000001,26,0,0.1919191919191919
DEC_4402,ACT_093,CHEMBL8564,O=C1[C@@H](NS(=O)(=O)c2cc3cccnc3s2)CCN1CCNc1ccncc1,417.51600000000025,1.6825999999999997,2,7,7,104.28999999999999,28,0,0.19230769230769232
DEC_4403,ACT_093,CHEMBL269627,CN(C)CCNc1ccc(NCCN(C)C)c2c1C(=O)c1cccnc1C2=O,381.48000000000013,1.8039999999999994,2,7,8,77.57,28,0,0.19318181818181818
DEC_4404,ACT_093,CHEMBL34407,CN(C)CCNC(=O)c1cccc2c(NCCN(C)C)c3ccccc3nc12,379.50800000000015,2.6529000000000007,2,5,8,60.50000000000001,28,0,0.19318181818181818
DEC_4405,ACT_093,CHEMBL416376,COc1cc(COc2ccc(Cc3cnc(N)nc3N)cc2)cc(OC)c1OC,396.4470000000002,2.8366000000000007,2,8,8,114.74000000000001,29,0,0.19402985074626866
DEC_4406,ACT_093,CHEMBL14044,C[C@@H](O)[C@H]1C(=O)N2C(C(=O)O)=C(S[C@@H]3CN[C@H](CNc4ccccc4)C3)[C@H](C)[C@H]12,417.5310000000002,1.7158999999999998,4,6,7,101.9,29,0,0.1951219512195122
DEC_4407,ACT_093,CHEMBL22393,CCOC(=O)C1=CNC2=C(/C=N/c3ccc(C(=O)O)cc3)CCC(C)N2C1=O,383.40400000000017,2.359800000000001,2,6,5,108.29999999999998,28,0,0.1958762886597938
DEC_4408,ACT_093,CHEMBL31026,O=C(/C=C/c1ccc(O)c(O)c1)OCCCOC(=O)/C=C/c1ccc(O)c(O)c1,400.38300000000004,2.712100000000002,4,8,8,133.52,29,0,0.19696969696969696
DEC_4409,ACT_093,CHEMBL12724,COc1ccc(OC)c(/C=N/N=C(\N)NO)c1.Cc1ccc(S(=O)(=O)O)cc1,410.4520000000001,1.5729199999999999,4,7,5,155.82999999999998,28,0,0.2
DEC_4410,ACT_093,CHEMBL6560,C#CCN(Cc1ccc2nc(C)nc(O)c2c1)c1ccc(C(=O)NCC(=O)O)cc1,404.4260000000001,2.09802,3,6,7,115.64999999999999,30,0,0.2
DEC_4411,ACT_093,CHEMBL278686,CO[C@@H]1C[C@@H](C(=O)O)N(C(=O)CP(=O)(O)CCCCc2ccccc2)C1,383.38100000000014,1.9801999999999995,2,4,9,104.14,26,0,0.2
DEC_4412,ACT_093,CHEMBL279201,CS[C@@H]1C[C@@H](C(=O)O)N(C(=O)CP(=O)(O)CCCCc2ccccc2)C1,399.44900000000024,2.6968000000000005,2,4,9,94.91000000000001,26,0,0.2
DEC_4413,ACT_093,CHEMBL16538,CS[C@H]1C[C@@H](C(=O)O)N(C(=O)CP(=O)(O)CCCCc2ccccc2)C1,399.44900000000024,2.6968000000000005,2,4,9,94.91000000000001,26,0,0.2
DEC_4414,ACT_093,CHEMBL279619,CO[C@H]1C[C@@H](C(=O)O)N(C(=O)CP(=O)(O)CCCCc2ccccc2)C1,383.38100000000014,1.9801999999999995,2,4,9,104.14,26,0,0.2
DEC_4415,ACT_093,CHEMBL16997,CCCn1c(=O)c2nc(-c3ccc(/C=C/C(=O)O)cc3)[nH]c2n(CCC)c1=O,382.4200000000002,2.4711,2,4,7,109.97999999999999,28,0,0.2
DEC_4416,ACT_093,CHEMBL22066,CCCC1CC(C(=O)NC(C)(CO)C(O)c2ccc([N+](=O)[O-])cc2)N(C)C1,379.45700000000016,1.6158,3,6,8,115.94000000000001,27,0,0.2
DEC_4417,ACT_093,CHEMBL22612,CCOC(=O)C1=CNC2=C(/C=N/c3cccc(C(=O)O)c3)CCC(C)N2C1=O,383.40400000000017,2.359800000000001,2,6,5,108.29999999999998,28,0,0.2
DEC_4418,ACT_093,CHEMBL23844,CCOc1ccc(OCC)c(N(C)Cc2cnc3nc(N)nc(N)c3c2C)c1,382.46800000000013,2.93142,2,8,7,112.41,28,0,0.2
DEC_4419,ACT_093,CHEMBL282127,CNCC1CN(c2c(F)cc3c(=O)c(C(=O)O)cn(C4CC4)c3c2F)CCO1,393.3900000000002,1.7374,2,5,5,83.8,28,0,0.2
DEC_4420,ACT_093,CHEMBL29601,C=CCOC(=O)NC(CC(=O)O)C(=O)COc1cc2ccccc2cc1C#N,382.37200000000007,2.41488,2,6,9,125.72,28,0,0.2
DEC_4421,ACT_093,CHEMBL278649,CCNCC1CCN(c2c(F)c(N)c3c(=O)c(C(=O)O)cn4c3c2OCC4C)C1,404.4420000000002,1.8101999999999998,3,6,5,109.82000000000001,29,0,0.20168067226890757
DEC_4422,ACT_093,CHEMBL279381,CCOc1c(N2CCCC(N)C2)c(F)c(N)c2c(=O)c(C(=O)O)cn(C3CC3)c12,404.4420000000002,2.0821000000000005,3,6,5,123.81,29,0,0.20202020202020202
DEC_4423,ACT_093,CHEMBL275378,COCC[C@H]1CN(C(=O)c2cccc3ccccc23)CCN1C[C@@H](N)CS,387.5490000000002,2.2598,2,5,7,58.8,27,0,0.20212765957446807
DEC_4424,ACT_093,CHEMBL8674,CCN1CCC[C@@H]1CNC(=O)c1c(OC)ccc(I)c1O,404.24800000000005,2.2195000000000005,2,4,5,61.80000000000001,21,0,0.20224719101123595
DEC_4425,ACT_093,CHEMBL8475,CCN1CCCC1CNC(=O)c1c(OC)ccc(I)c1O,404.24800000000005,2.2195000000000005,2,4,5,61.80000000000001,21,0,0.20224719101123595
DEC_4426,ACT_093,CHEMBL267723,CCN1CCC[C@H]1CNC(=O)c1c(OC)ccc(I)c1O,404.24800000000005,2.2195000000000005,2,4,5,61.80000000000001,21,0,0.20224719101123595
DEC_4427,ACT_093,CHEMBL9799,CC12CCC(C1)C(C)(C)C2OC(=O)[C@H](NC(=O)[C@@H](N)CC(=O)O)c1ccc(O)cc1,418.4900000000002,2.1095000000000006,4,6,7,138.95000000000002,30,0,0.20224719101123595
DEC_4428,ACT_093,CHEMBL25393,CC(=O)NCc1ccc(-c2csc(NC(=N)NCCN3CCCCC3)n2)o1,390.5130000000004,2.4613700000000005,4,6,7,106.28,27,0,0.20224719101123595
DEC_4429,ACT_093,CHEMBL34993,CCc1cc(/C=C/C(=O)O)ccc1NC(=O)c1cccc(NC2=NCCCN2)c1,392.4590000000002,3.3603000000000014,4,5,6,102.82000000000001,29,0,0.20224719101123595
DEC_4430,ACT_093,CHEMBL441353,COc1cc(Br)c(OC)c(C(=O)NCC2CCCN2)c1OC,373.2470000000002,1.9566999999999994,2,5,6,68.82000000000001,22,0,0.20253164556962025
DEC_4431,ACT_094,CHEMBL13921,CCCSC1=Nc2ccccc2S(=O)(=O)N1Cc1ccc(-c2ccccc2-c2nn[nH]n2)cc1,490.6140000000002,4.8689000000000044,1,7,6,104.2,34,0,0.14736842105263157
DEC_4432,ACT_094,CHEMBL41296,C=C1CC2C3CCC4=CC(=O)C=CC4(C)C3C(O)CC2(C)[C@@]1(OC(=O)c1ccco1)C(=O)COC(C)=O,508.5670000000004,3.752200000000003,1,8,5,120.11000000000001,37,0,0.1504424778761062
DEC_4433,ACT_094,CHEMBL293082,CO/C1=C\C(C)=C\[C@@H](C)[C@@H](O)[C@@H](C)C/C(C)=C/C=C/[C@H](OC)[C@@H]([C@@H](C)[C@@H](O)[C@H](C)C(=O)O)OC1=O,494.6250000000002,3.6468000000000025,3,7,6,122.52000000000001,35,0,0.1509433962264151
DEC_4434,ACT_094,CHEMBL40418,CC(=O)OCC(=O)[C@@]1(OC(=O)c2ccco2)CCC2C3CCC4=CC(=O)C=CC4(C)C3C(O)CC21C,496.5560000000003,3.5861000000000027,1,8,5,120.11000000000003,36,0,0.15315315315315314
DEC_4435,ACT_094,CHEMBL44603,COC(OC)[C@]1(C)Oc2ccc(N)cc2[C@@H](N(Cc2ncc[nH]2)c2ccc(Br)cc2)[C@@H]1O,503.3970000000001,3.6332000000000026,3,7,7,105.86,32,0,0.16831683168316833
DEC_4436,ACT_094,CHEMBL13813,CCCSC1=NS(=O)(=O)c2cc(C)cnc2N1Cc1ccc(-c2ccccc2-c2nn[nH]n2)cc1,505.6290000000002,4.4452200000000035,1,8,6,117.09000000000002,35,0,0.1717171717171717
DEC_4437,ACT_094,CHEMBL13783,CCSC1=NS(=O)(=O)c2cc(C)cnc2N1Cc1ccc(-c2ccccc2-c2nn[nH]n2)cc1,491.6020000000002,4.055120000000002,1,8,5,117.09000000000002,34,0,0.17525773195876287
DEC_4438,ACT_094,CHEMBL22789,N#Cc1cc(-c2ccoc2)c2ccc(COc3cc(F)cc(C4(O)CC5COC(C4)O5)c3)cc2n1,472.47200000000026,4.807480000000004,1,7,5,97.74000000000001,35,0,0.17543859649122806
DEC_4439,ACT_094,CHEMBL32426,O=c1cc(-c2nn[nH]n2)oc2cc(OCc3cccc(OCc4ccc5ccccc5n4)c3)ccc12,477.48000000000025,4.679300000000003,1,8,7,116.02000000000001,36,0,0.17708333333333334
DEC_4440,ACT_094,CHEMBL30009,Cc1noc(NS(=O)(=O)c2ccccc2-c2ccc(-c3ncco3)cc2Cn2ccnc2)c1C,475.53000000000026,4.659040000000003,1,7,7,116.05,34,0,0.17757009345794392
DEC_4441,ACT_094,CHEMBL24488,CCCCc1nc2ccc([N+](=O)[O-])cc2c(=O)n1Cc1ccc(-c2ccccc2-c2nn[nH]n2)cc1,481.5160000000002,4.5427000000000035,1,7,8,132.49,36,0,0.17894736842105263
DEC_4442,ACT_094,CHEMBL44645,COC(OC)[C@]1(C)Oc2ccc([N+](=O)[O-])cc2[C@H](N(Cc2ncc[nH]2)c2ccc(Cl)cc2)[C@H]1O,488.92800000000017,3.8501000000000025,2,8,8,122.98,34,0,0.18181818181818182
DEC_4443,ACT_094,CHEMBL43658,COC(OC)[C@@]1(C)Oc2ccc([N+](=O)[O-])cc2[C@H](N(Cc2ncc[nH]2)c2ccc(Cl)cc2)[C@H]1O,488.92800000000017,3.8501000000000025,2,8,8,122.98,34,0,0.18181818181818182
DEC_4444,ACT_094,CHEMBL431147,COC(OC)[C@@]1(C)Oc2ccc([N+](=O)[O-])cc2[C@@H](N(Cc2ncc[nH]2)c2ccc(Cl)cc2)[C@@H]1O,488.92800000000017,3.8501000000000025,2,8,8,122.98,34,0,0.18181818181818182
DEC_4445,ACT_094,CHEMBL298323,COC(OC)[C@]1(C)Oc2ccc([N+](=O)[O-])cc2[C@@H](N(Cc2ncc[nH]2)c2ccc(Cl)cc2)[C@@H]1O,488.92800000000017,3.8501000000000025,2,8,8,122.98,34,0,0.18181818181818182
DEC_4446,ACT_094,CHEMBL46785,CN1CCN([C@H]2CC[C@H](n3nc(-c4ccc(Nc5ccccc5)cc4)c4c(N)ncnc43)CC2)CC1,482.6360000000003,4.550200000000003,2,7,5,88.13,36,0,0.18181818181818182
DEC_4447,ACT_094,CHEMBL18626,Cc1cc(C)c(NC(=O)c2sccc2S(=O)(=O)Nc2onc(C)c2Cl)c(C)c1CC#N,478.98300000000023,4.742360000000003,2,7,6,125.09,31,0,0.18269230769230768
DEC_4448,ACT_094,CHEMBL19661,Cc1cc(C)c(NC(=O)c2sccc2S(=O)(=O)Nc2noc(C)c2Cl)c(C)c1CC#N,478.98300000000023,4.742360000000003,2,7,6,125.09,31,0,0.18269230769230768
DEC_4449,ACT_094,CHEMBL6471,Cc1c(C)c2c(c(C)c1O)CCC(C)(CN(C)CCOc1ccc(/C=C3\SC(=O)NC3=O)cc1)O2,496.6290000000002,4.735860000000004,2,7,7,88.10000000000001,35,0,0.1836734693877551
DEC_4450,ACT_094,CHEMBL47430,O=C1CC(c2nnn[nH]2)Oc2cc(OCc3cccc(OCc4ccc5ccccc5n4)c3)ccc21,479.49600000000027,4.612400000000004,1,8,7,112.11000000000001,36,0,0.1836734693877551
DEC_4451,ACT_094,CHEMBL16368,O=c1c2c(oc(O)c1C(c1cccc(NS(=O)(=O)c3cnccn3)c1)C1CC1)CCCCCC2,481.5740000000004,4.137100000000003,2,7,6,122.38999999999999,34,0,0.18478260869565216
DEC_4452,ACT_094,CHEMBL278687,O=c1c2c(oc(O)c1C(c1cccc(NS(=O)(=O)c3cscn3)c1)C1CC1)CCCCCC2,486.6150000000004,4.803600000000004,2,7,6,109.49999999999999,33,0,0.18478260869565216
DEC_4453,ACT_094,CHEMBL30493,COc1ccc(C(CCC(=O)O)O[C@@H]2O[C@@H]3OC4(C)CC[C@H]5[C@H](C)CCC([C@H]2C)C35OO4)cc1,476.5660000000003,4.825700000000005,1,7,7,92.68000000000002,34,0,0.18627450980392157
DEC_4454,ACT_094,CHEMBL48606,CCCCN(Cc1ccc(-c2ccccc2-c2nn[nH]n2)cc1)c1ncnc2c1nc(C(N)=O)n2C,482.5520000000002,3.1160000000000005,2,8,9,144.39000000000001,36,0,0.18627450980392157
DEC_4455,ACT_094,CHEMBL6511,Cc1c(C)c2c(c(C)c1O)CCC(C)(CNCCOc1ccc(/C=C3\SC(=O)NC3=O)cc1)O2,482.60200000000015,4.393660000000003,3,7,7,96.89,34,0,0.1875
DEC_4456,ACT_094,CHEMBL295266,CNC(=O)c1cccc2c(Nc3ccc(NS(C)(=O)=O)cc3OC)c3ccc([N+](=O)[O-])cc3nc12,495.51700000000034,3.7795000000000023,3,8,7,152.56,35,0,0.18867924528301888
DEC_4457,ACT_094,CHEMBL267427,Cc1c(C)c2c(c(C)c1O)C(CN(C)CCOc1ccc(CC3SC(=O)NC3=O)cc1)C(C)(C)O2,498.6450000000002,4.476960000000004,2,7,8,88.10000000000001,35,0,0.18947368421052632
DEC_4458,ACT_094,CHEMBL35440,[O-][n+]1ccc(CC(c2ccc(C3(O)CC3)cc2)c2ccc(OC(F)F)c(OC(F)F)c2)cc1,463.4270000000001,4.878800000000004,1,4,9,65.63000000000001,33,0,0.189873417721519
DEC_4459,ACT_094,CHEMBL30092,Cc1noc(NS(=O)(=O)c2ccccc2-c2ccc(-c3ncco3)cc2Cn2cccn2)c1C,475.53000000000026,4.659040000000004,1,7,7,116.05,34,0,0.19
DEC_4460,ACT_094,CHEMBL284961,C=C1C[C@@]23O[C@]2(c2ccccc21)C1CC(OC(=O)[C@H](O)[C@@H](NC(=O)OCC)c2ccoc2)C3(C)C1(C)C,507.58300000000025,4.486900000000003,2,7,6,110.53,37,0,0.19
DEC_4461,ACT_094,CHEMBL38160,COc1cc(CC2c3cc(O)c(O)cc3CCN2Cc2ccc([N+](=O)[O-])cc2)cc(OC)c1OC,480.5170000000003,4.373900000000004,2,8,8,114.53,35,0,0.19
DEC_4462,ACT_094,CHEMBL26437,CCCCc1nc2ccc(C3=NNC(=O)CC3)cc2n1Cc1ccc(-c2ccccc2-c2nn[nH]n2)cc1,504.5980000000002,4.888400000000003,2,6,8,113.74,38,0,0.19047619047619047
DEC_4463,ACT_094,CHEMBL421865,CCCN(Cc1ccc(-c2ccccc2-c2nn[nH]n2)cc1)c1ncnc2cccc(C(=O)OC)c12,479.5440000000002,4.680100000000003,1,8,8,109.78000000000002,36,0,0.19047619047619047
DEC_4464,ACT_094,CHEMBL6325,C#CCN(Cc1ccc2nc(C)nc(O)c2c1)c1ccc(C(=O)NCc2cccc([N+](=O)[O-])c2)cc1,481.51200000000017,4.121820000000003,2,7,8,121.49000000000001,36,0,0.19148936170212766
DEC_4465,ACT_094,CHEMBL37153,O=C(O)c1ccc(COC(=O)[C@@H]2[C@H](Cc3ccccc3)C(=O)N2C(=O)Cc2cccc(C(=O)O)c2)cc1,501.49100000000027,2.965200000000001,2,6,9,138.27999999999997,37,0,0.1917808219178082
DEC_4466,ACT_094,CHEMBL19950,CC(=O)c1cc(C)cc(C)c1NC(=O)c1sccc1S(=O)(=O)Nc1onc(C)c1Cl,467.95600000000013,4.570460000000003,2,7,6,118.37,30,0,0.1919191919191919
DEC_4467,ACT_094,CHEMBL48799,CCCCN(Cc1ccc(-c2ccccc2-c2nn[nH]n2)cc1)c1ncnc2ccc(C(=O)O)nc12,480.53200000000015,4.376800000000003,2,8,9,133.67000000000002,36,0,0.1919191919191919
DEC_4468,ACT_094,CHEMBL30215,Cc1noc(NS(=O)(=O)c2ccccc2-c2ccc(-c3ncco3)cc2CC(=O)NC(C)(C)C)c1C,508.60000000000036,4.871440000000004,2,7,7,127.33000000000001,36,0,0.19230769230769232
DEC_4469,ACT_094,CHEMBL44057,CC(C)(C)C(=O)Oc1cc(C(C)(C)C)ccc1C/N=C(\S)NCc1ccc(NS(C)(=O)=O)cc1,505.70600000000013,4.882700000000004,3,5,7,96.85999999999999,34,0,0.19230769230769232
DEC_4470,ACT_094,CHEMBL6932,Cc1oc(-c2ccc(C(F)(F)F)cc2)nc1COc1cccc(C2(C)CC2Cn2oc(=O)[nH]c2=O)c1,501.4610000000003,4.668620000000004,1,6,7,103.25999999999999,36,0,0.19298245614035087
DEC_4471,ACT_094,CHEMBL45475,CC(=O)NCC(=O)N1C(C(=O)N/C=C\c2c[nH]c3cc(OCc4ccccc4)ncc23)CSC1(C)C,507.6160000000003,3.045000000000001,3,6,8,116.42000000000002,36,0,0.19298245614035087
DEC_4472,ACT_094,CHEMBL35989,CC#CCOc1ccc(S(=O)(=O)N(C)c2c(C(=O)NO)cnc3c(Br)cccc23)cc1,504.3620000000001,3.3435000000000015,2,6,6,108.83000000000001,31,0,0.1935483870967742
DEC_4473,ACT_094,CHEMBL6432,Cc1c(C)c2c(c(C)c1O)CCC(C)(CN(C)CCOc1ccc(CC3SC(=O)NC3=O)cc1)O2,498.6450000000002,4.306060000000003,2,7,8,88.10000000000001,35,0,0.19387755102040816
DEC_4474,ACT_094,CHEMBL16232,O=c1c2c(oc(O)c1C(c1cccc(NS(=O)(=O)c3ncccn3)c1)C1CC1)CCCCCC2,481.5740000000004,4.137100000000003,2,7,6,122.38999999999999,34,0,0.19540229885057472
DEC_4475,ACT_094,CHEMBL268915,CC(=O)OCC1=C[C@H]2[C@@H]3C(C)(C)[C@]3(OC(=O)Cc3ccccc3)C[C@@H](C)[C@]2(O)C2C=C(C)C(=O)[C@@]2(O)C1,508.6110000000002,3.3237000000000023,2,7,5,110.13000000000001,37,0,0.1956521739130435
DEC_4476,ACT_094,CHEMBL44577,CN1CCN([C@H]2CC[C@H](n3nc(-c4ccc(Oc5ccccc5)cc4)c4c(N)ncnc43)CC2)CC1,483.6200000000003,4.598900000000003,1,7,5,85.33,36,0,0.1956521739130435
DEC_4477,ACT_094,CHEMBL281543,C=CC(=O)Nc1nc2c(Nc3ccc(F)c(Cl)c3)ncnc2cc1CCCCN1CCOCC1,484.9630000000004,4.340300000000003,2,7,9,92.27,34,0,0.19626168224299065
DEC_4478,ACT_094,CHEMBL35062,COc1ccc([C@H](O)[C@@H](O)c2cc(OC)c(OC)c(OC)c2)cc1O[Si](C)(C)C(C)(C)C,464.63100000000026,4.872000000000004,2,7,9,86.61000000000001,32,0,0.19736842105263158
DEC_4479,ACT_094,CHEMBL284249,COc1ccc([C@@H](O)C(O)c2cc(OC)c(OC)c(OC)c2)cc1O[Si](C)(C)C(C)(C)C,464.63100000000026,4.872000000000004,2,7,9,86.61000000000001,32,0,0.19736842105263158
DEC_4480,ACT_094,CHEMBL15283,CCCCc1nc2ccc(C(O)CO)cc2c(=O)n1Cc1ccc(-c2ccccc2-c2nn[nH]n2)cc1,496.5710000000002,3.6602000000000015,3,7,9,129.81,37,0,0.1978021978021978
DEC_4481,ACT_095,CHEMBL283439,O=C(NO)C1CCC(CNS(=O)(=O)c2ccc3ccccc3c2)CC1,362.45100000000014,2.4299,3,4,5,95.5,25,0,0.2054794520547945
DEC_4482,ACT_095,CHEMBL32115,C[C@H](NCCc1ccc(N(C)CC(=O)O)c(Cl)c1)[C@H](O)c1ccc(O)cc1,392.88300000000004,2.8206000000000007,4,5,9,93.03000000000002,27,0,0.20833333333333334
DEC_4483,ACT_095,CHEMBL286919,O=C(NCCCOc1ccc2nc(O)ccc2c1)N(C1CC1)[C@@H]1CCC[C@H]1O,385.4640000000002,2.7967000000000017,3,5,7,94.92,28,0,0.2111111111111111
DEC_4484,ACT_095,CHEMBL13560,C[C@@H](NCCc1ccc(OCC(=O)O)c(Cl)c1)[C@@H](O)c1ccc(O)cc1,379.84000000000003,2.7632000000000003,4,5,9,99.02000000000001,26,0,0.2112676056338028
DEC_4485,ACT_095,CHEMBL19855,O=C(NO)[C@H]1CN(Cc2ccc(Oc3ccc4ccccc4c3)cc2)C(=O)N1,377.4000000000001,3.0313000000000008,3,4,5,90.9,28,0,0.21686746987951808
DEC_4486,ACT_095,CHEMBL279400,N=C(N)c1ccc(CNC(=O)C2=CCCC2C(=O)N2CCc3ccccc32)cc1,388.4710000000001,2.512570000000001,3,3,5,99.27999999999999,29,0,0.21686746987951808
DEC_4487,ACT_095,CHEMBL32670,C[C@H](NCCc1ccc(NCC(=O)O)c(Cl)c1)[C@H](O)c1ccc(O)cc1,378.85600000000005,2.7963000000000005,5,5,9,101.82000000000001,26,0,0.21739130434782608
DEC_4488,ACT_095,CHEMBL277072,CC1(C)C=C(C(=O)NCCCNC(=O)CSc2ccccc2)C(C)(C)N1,375.53800000000007,2.4880000000000004,3,4,8,70.23,26,0,0.21794871794871795
DEC_4489,ACT_095,CHEMBL273591,CCN(C(=O)C1=C(C(=O)NCc2ccc(C(=N)N)cc2)CCC1)c1ccccc1,390.48700000000014,3.120470000000002,3,3,7,99.28,29,0,0.21794871794871795
DEC_4490,ACT_095,CHEMBL418048,Cc1cc(/C=C/C(=O)O)ccc1NC(=O)c1cccc(NC2=NCCCN2)c1,378.43200000000013,3.106320000000001,4,5,5,102.82000000000001,28,0,0.21839080459770116
DEC_4491,ACT_095,CHEMBL275214,Cc1cc(Cl)ccc1OCC(=O)NCCCNC(=O)C1=CC(C)(C)NC1(C)C,407.9420000000002,2.7365200000000005,3,4,8,79.46000000000001,28,0,0.2191780821917808
DEC_4492,ACT_095,CHEMBL282004,O=C(NO)[C@H]1CN(Cc2ccc(Oc3cccc4ccccc34)cc2)C(=O)N1,377.4000000000001,3.0313000000000008,3,4,5,90.9,28,0,0.21978021978021978
DEC_4493,ACT_095,CHEMBL15312,CCNC(C)C1CCN(c2cc3c(c(N)c2F)c(=O)c(C(=O)O)cn3C2CC2)C1,402.4700000000002,2.5802000000000005,3,5,6,100.59,29,0,0.22
DEC_4494,ACT_095,CHEMBL284517,CNCC/N=C(\S)Nc1c(Cl)cccc1Cl.O=C(O)/C=C\C(=O)O,394.2800000000001,2.6223,5,4,6,111.02,24,0,0.2222222222222222
DEC_4495,ACT_095,CHEMBL7067,CC(CCc1ccccc1)NCC(O)c1cc(C(N)=O)c2c(ccn2C)c1,365.4770000000001,2.921500000000001,3,3,8,80.28,27,0,0.2222222222222222
DEC_4496,ACT_095,CHEMBL15673,Cc1cccc(C)c1NC(=O)C(C)NCCCNC(=O)C1CC(C)(C)NC1(C)C,402.5830000000002,2.893040000000001,4,4,8,82.26,29,0,0.2222222222222222
DEC_4497,ACT_095,CHEMBL277051,N=C(N)c1ccc(CNC(=O)C2=C(C(=O)N3CCc4ccccc43)CCC2)cc1,388.4710000000001,2.656670000000002,3,3,5,99.27999999999999,29,0,0.2222222222222222
DEC_4498,ACT_095,CHEMBL279594,CCN(C(=O)C1CCC=C1C(=O)NCc1ccc(C(=N)N)cc1)c1ccccc1,390.4870000000001,2.976370000000001,3,3,7,99.28,29,0,0.2222222222222222
DEC_4499,ACT_095,CHEMBL13608,Cc1[nH]c(/C=C2\C(=O)Nc3ccc(F)cc32)c(C)c1C(=O)NCCN1CCCC1,396.46600000000024,3.088940000000002,3,3,5,77.22999999999999,29,0,0.2247191011235955
DEC_4500,ACT_095,CHEMBL27810,CCN(CC)C(=O)Nc1ccc(OCC(O)CNC(C)(C)C)c(C(C)=O)c1,379.5010000000002,2.8907000000000007,3,5,9,90.9,27,0,0.2247191011235955
DEC_4501,ACT_095,CHEMBL15505,CCNCC1CCN(c2cc3c(c(N)c2F)c(=O)c(C(=O)O)cn3CC)C1,376.43200000000013,1.8766999999999998,3,5,6,100.59,27,0,0.2268041237113402
DEC_4502,ACT_095,CHEMBL417322,O=C(O)/C=C/c1ccc(NC(=O)c2cccc(NC3=NCCN3)c2)c(Cl)c1,384.8230000000001,3.0612000000000013,4,5,5,102.82000000000001,27,0,0.22784810126582278
DEC_4503,ACT_095,CHEMBL34644,COC(=O)c1cc(NC(=O)c2cccc(NC(=N)N)c2)ccc1/C=C/C(=O)O,382.37600000000015,2.12867,5,5,6,154.6,28,0,0.22784810126582278
DEC_4504,ACT_095,CHEMBL10023,CC1CCC(C)C1OC(=O)[C@H](NC(=O)[C@@H](N)CC(=O)O)c1ccccc1,362.42600000000004,1.6237000000000006,3,5,7,118.72000000000001,26,0,0.2289156626506024
DEC_4505,ACT_095,CHEMBL19933,O=C(O)CCC/C=C\C[C@@H]1[C@H](O)CC[C@H]1NS(=O)(=O)c1ccc(Cl)cc1,401.91200000000015,2.9590000000000014,3,4,9,103.69999999999999,26,0,0.22972972972972974
DEC_4506,ACT_095,CHEMBL277717,O=C(O)CCC/C=C\C[C@@H]1[C@@H](NS(=O)(=O)c2ccc(Cl)cc2)CC[C@@H]1O,401.9120000000002,2.959000000000002,3,4,9,103.7,26,0,0.22972972972972974
DEC_4507,ACT_095,CHEMBL283315,CC(c1ccccc1)[C@H](S)C(=O)N[C@H](C(=O)N1CCCC[C@H]1C(=O)O)C(C)C,406.54800000000023,2.695000000000001,3,4,7,86.71000000000001,28,0,0.22988505747126436
DEC_4508,ACT_095,CHEMBL15547,CCNCC1CCN(c2c(F)c(N)c3c(=O)c(C(=O)O)cn(CC)c3c2Cl)C1,410.8770000000002,2.530100000000001,3,5,6,100.59,28,0,0.23008849557522124
DEC_4509,ACT_095,CHEMBL7750,CC(C)(CNC(=O)C1CCCCC1)NCC(O)COC(=O)c1ccccc1F,394.487,2.4081,3,5,9,87.66,28,0,0.23076923076923078
DEC_4510,ACT_095,CHEMBL19187,O=C1NC(=O)C(c2cc(Cl)ccc2S(=O)(=O)NCc2ccccc2)N1,379.82500000000005,1.699,3,4,5,104.37,25,0,0.23076923076923078
DEC_4511,ACT_095,CHEMBL31102,Nc1cc(O)c(C(=O)NCC2CN(Cc3ccccc3)CCO2)cc1Cl,375.8560000000001,2.2585999999999995,3,5,5,87.82,26,0,0.2328767123287671
DEC_4512,ACT_095,CHEMBL19540,Cc1ccc(S(=O)(=O)N[C@H]2CC[C@H](O)[C@@H]2C/C=C\CCCC(=O)O)cc1,381.4940000000002,2.61402,3,4,9,103.7,26,0,0.2328767123287671
DEC_4513,ACT_095,CHEMBL280396,Cc1ccc(S(=O)(=O)N[C@@H]2CC[C@@H](O)[C@H]2C/C=C\CCCC(=O)O)cc1,381.4940000000002,2.61402,3,4,9,103.7,26,0,0.2328767123287671
DEC_4514,ACT_095,CHEMBL418028,CNC(=O)[C@@H](NC(=O)[C@H](CC(C)C)[C@@H](C(=O)NO)C1CCCCC1)C(C)(C)C,397.5600000000003,2.6274999999999995,4,4,8,107.53000000000002,28,0,0.2328767123287671
DEC_4515,ACT_095,CHEMBL279130,CC1(C)C=C(C(=O)NCCNC(=O)C(C)(C)Oc2ccc(Cl)cc2)C(C)(C)N1,407.94200000000006,2.8166,3,4,7,79.46000000000001,28,0,0.23529411764705882
DEC_4516,ACT_095,CHEMBL17225,N=C(N)c1ccc(CNC(=O)C2=C(C(=O)NC3CCCCC3)CCC2)cc1,368.4810000000003,2.5162700000000005,4,3,6,108.07,27,0,0.2361111111111111
DEC_4517,ACT_095,CHEMBL279478,O=C(O)CC/C=C\C[C@@H]1[C@@H](NS(=O)(=O)c2ccc(Cl)cc2)CC[C@@H]1O,387.88500000000016,2.5689000000000015,3,4,8,103.7,25,0,0.2361111111111111
DEC_4518,ACT_095,CHEMBL29976,CNC(=O)[C@@H](NC(=O)[C@H](CC(C)C)[C@@H](C(=O)NO)C1CCCC1)C(C)(C)C,383.53300000000024,2.237399999999999,4,4,8,107.53000000000002,27,0,0.2361111111111111
DEC_4519,ACT_095,CHEMBL19194,CC1(CCCCC(=O)O)c2ccccc2-c2nc(O)c3nc(C(=O)O)cn3c21,381.38800000000015,3.0645000000000007,3,5,6,125.02,28,0,0.23684210526315788
DEC_4520,ACT_095,CHEMBL280158,N=C(N)c1ccc2oc(C(Cc3ccc(O[C@H]4CCNC4)cc3)C(=O)O)cc2c1,393.44300000000004,2.868470000000001,4,5,7,121.57000000000001,29,0,0.23711340206185566
DEC_4521,ACT_095,CHEMBL10129,CC1CCCC(C)C1OC(=O)[C@H](NC(=O)[C@@H](N)CC(=O)O)c1ccccc1,376.4530000000001,2.013800000000001,3,5,7,118.72000000000001,27,0,0.23809523809523808
DEC_4522,ACT_095,CHEMBL275815,COc1cccc(CNCCCNC(=O)C2=CC(C)(C)NC2(C)C)c1O,361.4860000000001,2.0834999999999995,4,5,8,82.62,26,0,0.23863636363636365
DEC_4523,ACT_095,CHEMBL275737,O=C(O)c1n[nH]c([C@H](Cc2ccc(-c3ccccc3)cc2)NCP(=O)(O)O)n1,402.3470000000001,2.1785000000000005,5,5,8,148.43,28,0,0.23880597014925373
DEC_4524,ACT_095,CHEMBL20336,Cc1ccc(S(=O)(=O)N[C@H]2CC[C@H](O)[C@@H]2C/C=C\CCC(=O)O)cc1,367.46700000000016,2.2239199999999997,3,4,8,103.7,25,0,0.23943661971830985
DEC_4525,ACT_095,CHEMBL17465,CCN(C(=O)C1=CCCC1C(=O)NCc1ccc(C(=N)N)cc1)c1ccccc1F,408.4770000000001,3.11547,3,3,7,99.28,30,0,0.24096385542168675
DEC_4526,ACT_095,CHEMBL17394,CC1Cc2ccccc2N1C(=O)C1=CCCC1C(=O)NCc1ccc(C(=N)N)cc1,402.49800000000005,2.9010700000000007,3,3,5,99.28,30,0,0.24096385542168675
DEC_4527,ACT_095,CHEMBL32565,NCC/N=C(\S)Nc1cccc(Cl)c1Cl.O=C(O)/C=C\C(=O)O,380.2530000000001,2.3615999999999997,5,4,5,125.01,23,0,0.24193548387096775
DEC_4528,ACT_095,CHEMBL280373,CC(C)(NC(=O)OCc1ccccc1)C(=O)NC(CC(=O)O)C(=O)CF,368.3610000000002,1.1894999999999998,3,5,9,121.80000000000001,26,0,0.24242424242424243
DEC_4529,ACT_095,CHEMBL278878,COc1cc(CNCCCNC(=O)C2=CC(C)(C)NC2(C)C)ccc1O,361.4860000000001,2.0835000000000004,4,5,8,82.62,26,0,0.24285714285714285
DEC_4530,ACT_095,CHEMBL431489,O=NN(CCCl)C(=O)NC(Cc1ccc(O)cc1)C(=O)NCCCl,377.2280000000002,1.5900999999999998,3,5,9,111.1,24,0,0.24615384615384617
DEC_4531,ACT_096,CHEMBL49798,C=CCN1C[C@H](OCC23C[C@@H]4[C@H](C)CC[C@H]4C4(C=O)CC2C=C(C(C)C)C34C(=O)O)O[C@H](C)[C@@H](OC)C1,515.6910000000003,4.175400000000003,1,6,9,85.30000000000001,37,0,0.14018691588785046
DEC_4532,ACT_096,CHEMBL33631,C=C(Cl)CON1C[C@H](OCC23C[C@@H]4[C@H](C)CC[C@H]4C4(C=O)CC2C=C(C(C)C)[C@@]34C(=O)O)OC[C@H]1C,522.0820000000003,4.658500000000004,1,6,9,85.30000000000001,36,0,0.14150943396226415
DEC_4533,ACT_096,CHEMBL417604,COc1ccc2c3c1OC1[C@H](O)[C@](CO)(CCCCc4ccccc4)CC4C(C2)N(CC2CCC2)CCC341,517.7100000000004,4.897000000000005,2,5,9,62.160000000000004,38,0,0.17272727272727273
DEC_4534,ACT_096,CHEMBL18287,CCCCc1nn(-c2ccccc2Cl)c(=O)n1Cc1ccc(-c2ccccc2-c2nn[nH]n2)cc1,485.9790000000002,4.925400000000005,1,5,8,94.27999999999999,35,0,0.18181818181818182
DEC_4535,ACT_096,CHEMBL27128,O=S(=O)(c1ccc2nc3c(N4CCN(CCc5ccc(F)c(F)c5)CC4)[nH]cnc-3c2c1)N1CCCC1,526.6130000000002,3.4901000000000018,1,6,6,85.43,37,0,0.18681318681318682
DEC_4536,ACT_096,CHEMBL15631,COc1ccccc1N1CCN(CC(=O)[C@@]2(O)CCC3C4CCC5=CC(=O)CC[C@]5(C)C4=CC[C@@]32C)CC1,518.6980000000004,4.569400000000004,1,6,5,70.08000000000001,38,0,0.18803418803418803
DEC_4537,ACT_096,CHEMBL299074,CSc1nnc([C@@H]2C[C@@H](S)CN2S(=O)(=O)c2ccc3ccccc3c2)n1Cc1ccc(F)cc1,514.6730000000002,4.774700000000004,1,6,6,68.09,34,0,0.19
DEC_4538,ACT_096,CHEMBL415975,CC(C)Sc1ccc(CC2CCN(C3CCN(C(=O)c4ccc(S(N)(=O)=O)cc4)CC3)CC2)cc1,515.7450000000003,4.393800000000003,1,5,7,83.71000000000001,35,0,0.19148936170212766
DEC_4539,ACT_096,CHEMBL59307,C[C@@H](n1cnc2cc(NC(=O)C(F)(F)F)c(F)cc2c1=O)[C@](O)(Cn1cncn1)c1ccc(F)cc1F,526.3970000000002,3.0551000000000013,2,6,6,114.93,37,0,0.19148936170212766
DEC_4540,ACT_096,CHEMBL301651,Cc1c(Sc2ccccc2)n(COCCN(C(=O)c2ccccc2)C(=O)c2ccccc2)c(=O)[nH]c1=O,515.5910000000001,3.953120000000002,1,6,9,101.47,37,0,0.19230769230769232
DEC_4541,ACT_096,CHEMBL288246,CCCCc1nc2ccn(CC(=O)N(C)C)c(=O)c2n1Cc1ccc(-c2ccccc2-c2nnn[nH]2)cc1,510.60200000000015,3.524200000000002,1,6,9,114.59,38,0,0.1935483870967742
DEC_4542,ACT_096,CHEMBL28057,OC[C@@]12C[C@@H]1[C@@H](n1cnc3c(NCc4cccc(I)c4)nc(Cl)nc31)C[C@@H]2O,511.75100000000015,3.0007000000000015,3,6,5,96.09,28,0,0.19444444444444445
DEC_4543,ACT_096,CHEMBL274758,CC(C)c1ccc(S(=O)(=O)NC(=O)C(c2ccc3c(c2)OCO3)c2cn(C)c3cc(C#N)ccc23)cc1,515.5910000000003,4.539080000000004,1,6,6,110.41999999999999,37,0,0.19607843137254902
DEC_4544,ACT_096,CHEMBL275845,CN(C[C@H]1CC[C@H](CN(C)S(=O)(=O)c2cccc3ccccc23)CC1)c1nc(N)c2ccccc2n1,503.6720000000003,4.928500000000004,1,6,7,92.42,36,0,0.19718309859154928
DEC_4545,ACT_096,CHEMBL430535,CCCCc1c(Cc2ccc(-c3ccccc3-c3nn[nH]n3)cc2)c(C(=O)O)nn1CC(F)(F)F,484.48200000000014,4.924100000000005,2,5,9,109.58000000000001,35,0,0.1978021978021978
DEC_4546,ACT_096,CHEMBL290848,CCCc1nc2c(n1Cc1ccc(-c3ccccc3-c3nn[nH]n3)cc1)C(O)(CC(=O)O)CCCC2,486.57600000000036,4.119700000000002,3,6,8,129.81,36,0,0.1978021978021978
DEC_4547,ACT_096,CHEMBL42775,CCCc1nc2ccn(CC(=O)N(C)C)c(=O)c2n1Cc1ccc(-c2ccccc2-c2nn[nH]n2)cc1,496.57500000000016,3.134100000000001,1,6,8,114.59000000000002,37,0,0.1978021978021978
DEC_4548,ACT_096,CHEMBL269137,CCCCCCC[C@H]1OC(=O)C[C@@H](O)[C@H](Cc2ccccc2)N(C)C(=O)[C@H](C(C)C)OC(=O)[C@H]1C,489.65300000000025,4.2969000000000035,1,6,9,93.14000000000001,35,0,0.19791666666666666
DEC_4549,ACT_096,CHEMBL290432,CCCCCCC[C@H]1OC(=O)C[C@H](O)[C@H](Cc2ccccc2)N(C)C(=O)[C@H](C(C)C)OC(=O)[C@H]1C,489.65300000000025,4.2969000000000035,1,6,9,93.14000000000001,35,0,0.19791666666666666
DEC_4550,ACT_096,CHEMBL23308,CCN1C(=O)c2c(nc(OC)n2Cc2ccc(O)c(Br)c2)N2C[C@@H](Cc3ccccc3)N=C12,510.39200000000017,3.6711000000000027,1,6,6,83.19,33,0,0.1981981981981982
DEC_4551,ACT_096,CHEMBL14748,CCCCc1nc2ccc(C(C)(C)O)cc2c(=O)n1Cc1ccc(-c2ccccc2-c2nn[nH]n2)cc1,494.59900000000016,4.861900000000004,2,6,8,109.58,37,0,0.2
DEC_4552,ACT_096,CHEMBL281386,CCCCc1nn(CC(F)(F)F)c(C(=O)O)c1Cc1ccc(-c2ccccc2-c2nn[nH]n2)cc1,484.48200000000014,4.924100000000004,2,5,9,109.58,35,0,0.2
DEC_4553,ACT_096,CHEMBL287443,COc1c(C(=O)NCCN2CCN(c3ccc([N+](=O)[O-])cc3)CC2)cc(Br)c2ccccc12,513.3920000000002,4.071100000000003,1,6,7,87.95,33,0,0.2
DEC_4554,ACT_096,CHEMBL418625,CCc1nc2ccn(CC(=O)N(CC)CC)c(=O)c2n1Cc1ccc(-c2ccccc2-c2nn[nH]n2)cc1,510.60200000000015,3.524200000000002,1,6,9,114.59000000000002,38,0,0.2
DEC_4555,ACT_096,CHEMBL266006,C[C@@H](NC(=O)c1ccc(-c2cc(C(F)(F)F)nn2C)s1)[C@](O)(Cn1cncn1)c1ccc(F)cc1F,526.4910000000002,3.743400000000002,2,6,7,97.86000000000001,36,0,0.2
DEC_4556,ACT_096,CHEMBL24224,CC1CC(=O)NN=C1c1ccc2nc(C3CC3)n(Cc3ccc(-c4ccccc4-c4nn[nH]n4)cc3)c2c1,502.58200000000016,4.669200000000004,2,6,6,113.74,38,0,0.2018348623853211
DEC_4557,ACT_096,CHEMBL31163,O=C(Cc1cccnc1)NCc1cc2cc(C(=O)N3CCC(N4C(=O)OCc5ccccc54)CC3)ccc2o1,524.5770000000003,4.448100000000005,1,6,6,104.98000000000002,39,0,0.2018348623853211
DEC_4558,ACT_096,CHEMBL34276,COc1ccc([C@@H]2c3[nH]c4ccccc4c3C[C@@H]3C(=O)N([C@@H]4CCN(Cc5ccccc5)C4)CC(=O)N23)cc1,520.6330000000004,4.135900000000003,1,4,5,68.88000000000001,39,0,0.2018348623853211
DEC_4559,ACT_096,CHEMBL25445,CCCc1cc(OCC2CCNCC2)cc(=O)n1Cc1ccc(-c2ccccc2-c2nn[nH]n2)cc1,484.60400000000016,4.074600000000003,2,6,9,97.71999999999998,36,0,0.20202020202020202
DEC_4560,ACT_096,CHEMBL300138,Cn1cc(C2=C(c3cn(C4CCN(Cc5ccccn5)CC4)c4ccccc34)C(=O)NC2=O)c2ccccc21,515.6170000000003,4.932300000000004,1,4,5,72.16,39,0,0.20212765957446807
DEC_4561,ACT_096,CHEMBL6850,C#CCN(Cc1ccc2nc(C)nc(O)c2c1)c1ccc(C(=O)NCc2cccc(C(=O)O)c2)cc1,480.52400000000017,3.9118200000000023,3,6,8,115.64999999999999,36,0,0.20224719101123595
DEC_4562,ACT_096,CHEMBL281281,CCC(C)C(NC(=O)OC(C)(C)C)C(=O)N1CCN(CCNc2ccnc3cc(Cl)ccc23)CC1,504.0750000000002,4.383700000000004,2,6,8,86.8,35,0,0.20224719101123595
DEC_4563,ACT_096,CHEMBL265669,C#CCN(Cc1ccc2nc(C)nc(O)c2c1)c1ccc(C(=O)N[C@@H](C(=O)O)c2ccc(F)cc2)cc1,498.5140000000001,3.9784200000000025,3,6,8,115.64999999999999,37,0,0.20238095238095238
DEC_4564,ACT_096,CHEMBL37768,CCCC1=NC(C(F)(F)F)(C(F)(F)F)C(=O)N1Cc1ccc(-c2ccccc2-c2nn[nH]n2)cc1,496.41500000000013,4.937900000000004,1,5,6,87.13000000000001,35,0,0.20238095238095238
DEC_4565,ACT_096,CHEMBL17911,CN(C[C@H]1CC[C@H](CNc2nc(N)c3ccccc3n2)CC1)S(=O)(=O)c1cccc2ccccc12,489.64500000000027,4.904200000000003,2,6,7,101.20999999999998,35,0,0.20270270270270271
DEC_4566,ACT_096,CHEMBL416714,CCCCc1nc2ccc(C(C)NC(C)=O)cc2c(=O)n1Cc1ccc(-c2ccccc2-c2nn[nH]n2)cc1,521.6250000000002,4.8316000000000034,2,6,9,118.45,39,0,0.2037037037037037
DEC_4567,ACT_096,CHEMBL59538,CCS(=O)(=O)c1ccc2c(c1)/C(=C/c1[nH]c3c(c1CCCN1CCN(C(C)=O)CC1)CCCC3)C(=O)N2,524.6870000000006,3.276500000000002,2,5,7,102.58000000000001,37,0,0.20408163265306123
DEC_4568,ACT_096,CHEMBL16387,Nc1cccc(S(=O)(=O)Nc2cccc(C(c3c(O)c4c(oc3=O)CCCCCC4)C3CC3)c2)c1,494.6130000000005,4.929300000000004,3,6,6,122.63,35,0,0.20454545454545456
DEC_4569,ACT_096,CHEMBL293041,COc1ccc(Br)cc1C(O)(c1cc(Br)ccc1OC)C1CC2CCN1CC2,511.2540000000003,4.949000000000004,1,4,5,41.93,28,0,0.20512820512820512
DEC_4570,ACT_096,CHEMBL7029,C/C(=C\Cn1oc(=O)[nH]c1=O)c1cccc(OCc2nc(-c3ccc(C(F)(F)F)cc3)oc2C)c1,487.43400000000014,4.7943200000000035,1,6,7,103.26,35,0,0.205607476635514
DEC_4571,ACT_096,CHEMBL6914,C/C(=C\c1cccc(OCc2nc(-c3ccc(C(F)(F)F)cc3)oc2C)c1)Cn1oc(=O)[nH]c1=O,487.4340000000002,4.7943200000000035,1,6,7,103.25999999999999,35,0,0.205607476635514
DEC_4572,ACT_096,CHEMBL6819,Cc1oc(-c2ccc(C(F)(F)F)cc2)nc1COc1cccc(C2CC2Cn2oc(=O)[nH]c2=O)c1,487.43400000000025,4.494520000000004,1,6,7,103.25999999999999,35,0,0.205607476635514
DEC_4573,ACT_096,CHEMBL300758,C[C@@H](n1cnc2cc(NCc3ccccc3)ccc2c1=O)[C@](O)(Cn1cncn1)c1ccc(F)cc1F,502.5250000000002,4.027300000000002,2,6,8,97.86000000000001,37,0,0.20618556701030927
DEC_4574,ACT_096,CHEMBL41344,COc1cccc2c1CC[C@H]1CN(CCn3c(=O)[nH]c4c(sc5cccc(OC)c54)c3=O)C[C@@H]21,477.5860000000002,3.5835000000000017,1,6,5,76.56,34,0,0.20652173913043478
DEC_4575,ACT_096,CHEMBL280303,Cn1cnc(S(=O)(=O)Nc2cccc([C@@H](c3c(O)c4c(oc3=O)CCCCCC4)C3CC3)c2)c1,483.5900000000005,4.080600000000003,2,6,6,114.43,34,0,0.20652173913043478
DEC_4576,ACT_096,CHEMBL418171,Cn1cnc(S(=O)(=O)Nc2cccc([C@H](c3c(O)c4c(oc3=O)CCCCCC4)C3CC3)c2)c1,483.5900000000005,4.080600000000003,2,6,6,114.43,34,0,0.20652173913043478
DEC_4577,ACT_096,CHEMBL16399,Cn1cnc(S(=O)(=O)Nc2cccc(C(c3c(O)c4c(oc3=O)CCCCCC4)C3CC3)c2)c1,483.5900000000005,4.080600000000003,2,6,6,114.43,34,0,0.20652173913043478
DEC_4578,ACT_096,CHEMBL276941,Nc1ccc(S(=O)(=O)Nc2cccc(C(c3c(O)c4c(oc3=O)CCCCCC4)C3CC3)c2)cc1,494.6130000000005,4.929300000000004,3,6,6,122.63,35,0,0.20689655172413793
DEC_4579,ACT_096,CHEMBL7060,COc1ccc2c(c1OC(C)=O)-c1cc(O)cc3c1C(C2)N(C(=O)CN(CCCl)CCCl)CC3,507.4140000000003,3.7546000000000026,1,6,8,79.31,34,0,0.2072072072072072
DEC_4580,ACT_096,CHEMBL266118,O=[N+]([O-])c1cccc(S(=O)(=O)N2Cc3ccccc3N(Cc3c[nH]cn3)C(CCc3ccccc3)C2)c1,517.6110000000003,4.530400000000004,1,6,8,112.43999999999998,37,0,0.2072072072072072
DEC_4581,ACT_097,CHEMBL15752,C[C@H](CCCC(C)(C)O)C1CCC2/C(=C/C3OOCC4=C3C[C@@H](O)CC4)CCCC21C,432.6450000000004,5.878300000000007,2,4,6,58.92,31,0,0.12149532710280374
DEC_4582,ACT_097,CHEMBL281925,COOC1(OOCCCI)CCCCCCCCCCC1,414.32400000000047,5.3387000000000056,0,4,7,36.92,21,0,0.12195121951219512
DEC_4583,ACT_097,CHEMBL17619,CCCN(CC1CC1)c1nc(C)nc2c1sc(=S)n2-c1c(C)cc(C)cc1C,412.62800000000016,6.071570000000007,0,5,6,33.95,28,0,0.12903225806451613
DEC_4584,ACT_097,CHEMBL277344,C[C@H](CCCC(C)(C)O)C1CCC2/C(=C/c3occ4c3CC(O)CC4)CCCC21C,414.63000000000034,6.306300000000008,2,3,6,53.60000000000001,30,0,0.13333333333333333
DEC_4585,ACT_097,CHEMBL279336,CCN(CC)CCSc1nnc(-c2cc(C(C)(C)C)c(O)c(C(C)(C)C)c2)s1,421.6760000000002,5.9396000000000075,1,6,7,49.25,28,0,0.13333333333333333
DEC_4586,ACT_097,CHEMBL24998,CCC(C)NCc1ccc2n1-c1ccccc1SC2C1=CCC(OC)(OC)C=C1,410.5830000000002,5.387600000000005,1,4,7,35.42,29,0,0.13978494623655913
DEC_4587,ACT_097,CHEMBL10484,CC(C)[S+]([O-])CC[C@@H](C)C1CCC2C3CC=C4C[C@@H](O)CC[C@]4(C)C3CC[C@@]21C,420.7030000000003,6.109600000000008,1,2,5,43.29,29,0,0.14102564102564102
DEC_4588,ACT_097,CHEMBL17506,CCCCCCN(C=O)[C@H]1CCC2C3CC[C@H]4N(C)C(=O)CC[C@]4(C)C3CC[C@@]21C,416.6500000000003,5.257100000000006,0,2,7,40.620000000000005,30,0,0.14130434782608695
DEC_4589,ACT_097,CHEMBL18029,CCN(CC)c1nc(C)nc2c1sc(=S)n2-c1ccc(C(C)C)cc1Br,451.4590000000001,6.252010000000005,0,5,5,33.95,26,0,0.14444444444444443
DEC_4590,ACT_097,CHEMBL18375,[O-][S+](CCC(F)(F)C(F)(F)F)c1nc(-c2ccccc2)c(-c2ccccc2)[nH]1,414.39900000000006,5.439000000000004,1,2,6,51.74,28,0,0.14634146341463414
DEC_4591,ACT_097,CHEMBL9795,CCN(c1nc(C)cc(-c2ccccc2N)n1)c1ccc(C(C)C)cc1Br,425.3740000000001,6.078120000000004,1,4,5,55.040000000000006,27,0,0.14893617021276595
DEC_4592,ACT_097,CHEMBL27843,Cn1cncc1CN(Cc1cccc(C#N)c1)c1ccc(C#N)c(-c2cccc3ccccc23)c1,453.5490000000002,6.190460000000005,0,4,6,68.64,35,0,0.15463917525773196
DEC_4593,ACT_097,CHEMBL12018,O=C(/C=C/c1cccc(/C=C/c2ccc3ccccc3n2)c1)c1cc(-c2nn[nH]n2)ccc1O,445.48200000000014,5.187000000000005,2,6,6,104.65,34,0,0.15555555555555556
DEC_4594,ACT_097,CHEMBL416544,O=S1(=O)c2cccc3cccc(c23)N1CCN1CCC(CC2=CCc3ccccc32)CC1,444.6000000000003,5.090300000000005,0,3,5,40.620000000000005,32,0,0.15555555555555556
DEC_4595,ACT_097,CHEMBL284002,COCc1cc(I)ccc1Sc1ccccc1CN(C)C,413.3240000000001,4.650400000000005,0,3,6,12.47,21,0,0.15584415584415584
DEC_4596,ACT_097,CHEMBL24973,Fc1cc(Sc2ccc3c(c2)CC/C3=N\OCc2ccncc2)cc(C2CCOCC2)c1,448.5630000000002,6.133000000000005,0,5,6,43.71000000000001,32,0,0.1568627450980392
DEC_4597,ACT_097,CHEMBL280554,CO[C@]1(c2cc(F)cc(Sc3ccc(/C(C)=N/OCC#N)cc3)c2)CCO[C@@H](C)C1,428.5290000000003,5.281680000000005,0,6,7,63.84,30,0,0.1574074074074074
DEC_4598,ACT_097,CHEMBL28707,Cc1ccccc1-c1cc(N(Cc2cccc(C#N)c2)Cc2cncn2C)ccc1C#N,417.51600000000013,5.345680000000005,0,4,6,68.64,32,0,0.15789473684210525
DEC_4599,ACT_097,CHEMBL287758,CCN(C)CC#CCCC1(C2(O)c3ccccc3Oc3ccccc32)SCCCS1,439.64600000000024,5.329900000000006,1,5,5,32.7,30,0,0.15853658536585366
DEC_4600,ACT_097,CHEMBL12818,CC(C)c1cccc(C(C)C)c1N1CN(C(c2ccccc2)c2ccccc2)CC1=O,412.5770000000001,6.329100000000007,0,2,6,23.55,31,0,0.16
DEC_4601,ACT_097,CHEMBL417427,CCCCCc1cc(OC(C)=O)c2c(c1)OC(C)(C)[C@@H]1CC[C@H](COC(C)=O)CC21,416.5580000000003,5.578600000000006,0,5,7,61.830000000000005,30,0,0.16049382716049382
DEC_4602,ACT_097,CHEMBL10707,CCCCCc1cc(OC(C)=O)c2c(c1)OC(C)(C)[C@@H]1CCC(COC(C)=O)CC21,416.5580000000003,5.578600000000006,0,5,7,61.830000000000005,30,0,0.16049382716049382
DEC_4603,ACT_097,CHEMBL18383,FC(Br)C(F)(F)Sc1nc(-c2ccccc2)c(-c2ccccc2)[nH]1,413.26200000000006,6.119100000000003,1,2,5,28.68,24,0,0.16049382716049382
DEC_4604,ACT_097,CHEMBL29645,Cn1cncc1CN(Cc1ccccc1)c1ccc(C#N)c(-c2cccc3ccccc23)c1,428.53900000000016,6.318780000000006,0,3,6,44.85,33,0,0.16129032258064516
DEC_4605,ACT_097,CHEMBL19613,O=S1(=O)c2cccc3cccc(c23)N1CCCN1CC=C(c2c[nH]c3ccccc23)CC1,443.5720000000002,5.009200000000004,1,3,5,56.410000000000004,32,0,0.16346153846153846
DEC_4606,ACT_097,CHEMBL12716,CC(C)c1cccc(C(C)C)c1N1CNC(C(c2ccccc2)c2ccccc2)C1=O,412.57700000000006,6.027800000000006,1,2,6,32.34,31,0,0.16470588235294117
DEC_4607,ACT_097,CHEMBL266617,CCN(c1nc(C)cc(-c2ccccc2C#N)n1)c1ccc(C(C)C)cc1Br,435.3690000000001,6.367600000000004,0,4,5,52.81,28,0,0.16483516483516483
DEC_4608,ACT_097,CHEMBL17194,CCCCCN(C(=O)CC)[C@H]1CCC2C3CC[C@H]4N(C)C(=O)CC[C@]4(C)C3CC[C@@]21C,430.6770000000003,5.647200000000006,0,2,6,40.620000000000005,31,0,0.16483516483516483
DEC_4609,ACT_097,CHEMBL288523,Cn1cncc1C(OCc1ccc(C#N)c(-c2cccc(Cl)c2)n1)c1ccc(C#N)cc1,439.9060000000001,5.185060000000004,0,5,6,87.52000000000001,32,0,0.1650485436893204
DEC_4610,ACT_097,CHEMBL10627,c1cc(CN2CCC(N3CCCCC3)CC2)ccc1CN1CCC(N2CCCCC2)CC1,438.70400000000035,4.587200000000005,0,4,6,12.96,32,0,0.16666666666666666
DEC_4611,ACT_097,CHEMBL22836,CC(C)c1cccc(C(C)C)c1OS(=O)(=O)NC(=O)OC12CC3CC(CC(C3)C1)C2,435.5860000000003,5.252000000000005,1,5,6,81.7,30,0,0.16666666666666666
DEC_4612,ACT_097,CHEMBL10006,COc1ccc2c3c1OC1[C@H]4OC[C@@]4(CCCCc4ccccc4)CC4C(C2)N(C)CCC341,445.6030000000002,4.772300000000004,0,4,6,30.93,33,0,0.16842105263157894
DEC_4613,ACT_097,CHEMBL23069,CC(C)(C)c1ccc(N/N=C(\N=N\c2nnnn2-c2ccccc2)c2ccccc2)cc1,424.5120000000001,5.517400000000005,1,6,5,92.71000000000001,32,0,0.1686746987951807
DEC_4614,ACT_097,CHEMBL281808,O=S1(=O)c2cccc3cccc(c23)N1CCCN1CCC(c2c[nH]c3ccccc23)CC1,445.5880000000002,5.099500000000004,1,3,5,56.410000000000004,32,0,0.17
DEC_4615,ACT_097,CHEMBL287175,Cc1c(/C=C/CN(C)C)nc(O)c2c1ccc1nc(Nc3c(Cl)cccc3Cl)n(C)c12,456.3770000000001,5.7607200000000045,2,5,5,66.21000000000001,31,0,0.17045454545454544
DEC_4616,ACT_097,CHEMBL418059,Cn1cncc1C(OCc1ccc(C#N)c(-c2ccc(Cl)cc2)n1)c1ccc(C#N)cc1,439.9060000000001,5.185060000000004,0,5,6,87.52000000000001,32,0,0.17045454545454544
DEC_4617,ACT_097,CHEMBL23279,CC(C)c1ccc(N/N=C(\N=N\c2nnnn2-c2ccccc2)c2ccccc2)cc1,410.48500000000007,5.343300000000005,1,6,6,92.71000000000001,31,0,0.17073170731707318
DEC_4618,ACT_097,CHEMBL274336,CC(C)c1cccc(C(C)C)c1N1CN(CC(c2ccccc2)c2ccccc2)CC1=O,426.6040000000001,6.371600000000007,0,2,7,23.55,32,0,0.17105263157894737
DEC_4619,ACT_097,CHEMBL276742,O=S(=O)(CCC(F)(F)C(F)(F)F)c1nc(-c2ccccc2)c(-c2ccccc2)[nH]1,430.3980000000001,5.105100000000004,1,3,6,62.82,29,0,0.17142857142857143
DEC_4620,ACT_097,CHEMBL7689,Cc1cc(-c2c(F)cc3c(=O)c(Cc4ccc(N(C)C)cc4)cn(C4CC4)c3c2F)cc(C)n1,459.5400000000002,5.950240000000004,0,3,5,38.13,34,0,0.1717171717171717
DEC_4621,ACT_097,CHEMBL278161,CCCCCCOS(=O)(=O)NC(=O)Oc1c(C(C)(C)C)cc(C)cc1C(C)(C)C,427.60700000000026,5.520120000000006,1,5,8,81.7,29,0,0.1724137931034483
DEC_4622,ACT_097,CHEMBL278028,CCN(C(C)=O)c1ccc(-c2nc3n(c2-c2ccc(N(CC)C(C)=O)cc2)CCS3)cc1,448.5920000000002,5.068400000000005,0,4,6,58.440000000000005,32,0,0.1724137931034483
DEC_4623,ACT_097,CHEMBL16369,CN(C)CC(c1ccccc1)c1nnc2n1-c1ccccc1C(c1ccccc1Cl)=NC2,441.9660000000002,4.965200000000005,0,4,5,46.31,32,0,0.1728395061728395
DEC_4624,ACT_097,CHEMBL22609,Cc1cc(C)c(C)c(OC(=O)NS(=O)(=O)Oc2c(C(C)C)cccc2C(C)C)c1C,433.5700000000002,5.579280000000006,1,5,6,81.7,30,0,0.17333333333333334
DEC_4625,ACT_097,CHEMBL41682,Cn1cncc1C(OCc1ccc(C#N)cc1-c1ccc(F)c(Cl)c1)c1ccc(C#N)nc1,457.89600000000013,5.3241600000000044,0,5,6,87.52,33,0,0.17355371900826447
DEC_4626,ACT_097,CHEMBL279378,O=S(=O)(c1nc(-c2ccccc2)c(-c2ccccc2)[nH]1)C(F)(F)C(F)Br,445.26,4.800700000000002,1,3,5,62.82,26,0,0.17391304347826086
DEC_4627,ACT_097,CHEMBL23068,c1ccc(C(=N/Nc2ccc(C3CCCCC3)cc2)/N=N/c2nnnn2-c2ccccc2)cc1,450.55000000000007,6.267600000000006,1,6,6,92.71000000000001,34,0,0.175
DEC_4628,ACT_097,CHEMBL22945,Cc1cc(OCc2ccc(-c3ccccc3-c3nn[nH]n3)cc2)c(-c2ccncc2)c(C)n1,434.5030000000001,5.186540000000004,1,6,6,89.47000000000001,33,0,0.17525773195876287
DEC_4629,ACT_097,CHEMBL428711,CCc1cc(OCc2ccc(-c3ccccc3-c3nn[nH]n3)cc2)c2c(n1)CCCCC2,425.5360000000003,5.339000000000005,1,5,6,76.58000000000001,32,0,0.17582417582417584
DEC_4630,ACT_097,CHEMBL28588,Cn1cncc1CN(C(=O)c1ccccc1)c1ccc(C#N)c(-c2cccc3ccccc23)c1,442.5220000000002,5.958980000000005,0,3,5,61.92,34,0,0.17582417582417584
DEC_4631,ACT_098,CHEMBL268464,COc1ccc2c3c1OC1[C@H]4OC[C@@]4(CCCc4ccccc4)CC4C(C2)N(C)CCC341,431.5760000000002,4.382200000000004,0,4,5,30.93,32,0,0.1702127659574468
DEC_4632,ACT_098,CHEMBL20344,Cc1nnc2n1-c1ccc(C#CCOc3cccnc3)cc1C(c1ccccc1Cl)=NC2,439.9060000000001,4.405620000000003,0,5,3,65.19,32,0,0.1743119266055046
DEC_4633,ACT_098,CHEMBL283206,Cc1c(C(=O)c2cccc3ccccc23)c2cccc3c2n1C(CN1CCOCC1)CO3,426.51600000000036,4.599620000000004,0,4,4,43.7,32,0,0.17475728155339806
DEC_4634,ACT_098,CHEMBL27388,O=C(c1cccc2ccccc12)c1cn2c3c(cccc13)OCC2CN1CCOCC1,412.4890000000003,4.291200000000004,0,4,4,43.7,31,0,0.1782178217821782
DEC_4635,ACT_098,CHEMBL41309,O=C1c2ccccc2CN1C1CCC(N2CCN(c3nsc4ccccc34)CC2)CC1,432.5930000000002,4.385500000000004,0,5,3,39.68000000000001,31,0,0.17857142857142858
DEC_4636,ACT_098,CHEMBL273794,C#CCN1CCN(C2=Nc3ccc(Br)cc3CC=C2c2ccccc2)CC1,420.3540000000002,4.369600000000004,0,3,2,18.84,27,0,0.18181818181818182
DEC_4637,ACT_098,CHEMBL26498,CCN1C(=O)c2c(nc(Cc3ccccc3)n2Cc2ccccc2C)N2C1=N[C@@H]1CCC[C@@H]12,439.5630000000002,4.403420000000004,0,4,5,53.730000000000004,33,0,0.1836734693877551
DEC_4638,ACT_098,CHEMBL23368,CCN1C(=O)c2c(nc(Cc3ccccc3)n2Cc2cccc(C)c2)N2C1=N[C@@H]1CCC[C@@H]12,439.5630000000002,4.403420000000004,0,4,5,53.730000000000004,33,0,0.18478260869565216
DEC_4639,ACT_098,CHEMBL281065,CCN1C(=O)c2c(nc(Cc3ccccc3)n2Cc2ccc(C)cc2)N2C1=N[C@@H]1CCC[C@@H]12,439.5630000000002,4.403420000000004,0,4,5,53.730000000000004,33,0,0.18556701030927836
DEC_4640,ACT_098,CHEMBL267085,c1cc(CN2CCC(N3CCCCC3)CC2)cc(CN2CCC(N3CCCCC3)CC2)c1,438.70400000000035,4.587200000000005,0,4,6,12.96,32,0,0.1875
DEC_4641,ACT_098,CHEMBL24358,COC1(c2cc(F)cc(Sc3ccc4c(c3)OCC/C4=N\O)c2)CCOCC1,403.4750000000003,4.589800000000003,1,6,4,60.28,28,0,0.18947368421052632
DEC_4642,ACT_098,CHEMBL10444,O=C1O[C@H](c2ccc(F)cc2)[C@@](Cn2cncn2)(c2ccc(Cl)cc2Cl)O1,408.2160000000001,4.527600000000001,0,5,4,66.24000000000001,27,0,0.19047619047619047
DEC_4643,ACT_098,CHEMBL11758,CCOc1cccc2c1C(=O)N(COC(=O)c1c(Cl)cccc1Cl)S2(=O)=O,430.2650000000001,3.3511000000000024,0,6,5,89.97999999999999,27,0,0.19101123595505617
DEC_4644,ACT_098,CHEMBL269399,CS(=O)(=O)Nc1ccc(Nc2c3ccccc3nc3cc([N+](=O)[O-])ccc23)cc1,408.4390000000002,4.411300000000002,2,6,5,114.23000000000002,29,0,0.1917808219178082
DEC_4645,ACT_098,CHEMBL277603,O=S(=O)(c1nc(-c2ccc(F)cc2)c(-c2ccccc2)[nH]1)C(F)(F)C(F)F,402.344,4.514400000000002,1,3,5,62.82,27,0,0.1917808219178082
DEC_4646,ACT_098,CHEMBL286948,Cn1c2nccc(C#N)c2c2ncnc(N3CCN(CCc4ccc(F)c(F)c4)CC3)c21,433.46600000000024,3.031080000000001,0,6,4,73.86999999999999,32,0,0.1919191919191919
DEC_4647,ACT_098,CHEMBL266615,Fc1ccc([C@H]2OCO[C@]2(Cn2cncn2)c2ccc(Cl)cc2Cl)cc1,394.23300000000006,4.365100000000003,0,4,4,49.17,26,0,0.1927710843373494
DEC_4648,ACT_098,CHEMBL42518,O=C1CC(Cc2ccccc2C(F)(F)F)C(=O)N1OS(=O)(=O)/C=C/c1ccccc1,439.41100000000006,3.5553000000000026,0,5,6,80.75,30,0,0.19387755102040816
DEC_4649,ACT_098,CHEMBL9923,CC(C)(C)C(=O)Oc1ccc(S(=O)(=O)c2ccc(OC(=O)C(C)(C)C)cc2)cc1,418.5110000000002,4.422400000000004,0,6,4,86.74000000000001,29,0,0.19402985074626866
DEC_4650,ACT_098,CHEMBL269624,CC1(C)C(=O)[C@]2(CS(=O)(=O)N3CCC4(C=Cc5ccccc54)CC3)CCC1C2(C)C,427.61000000000024,4.408300000000004,0,3,3,54.45,30,0,0.1951219512195122
DEC_4651,ACT_098,CHEMBL13477,COc1ccc2c(c1)C=CC21CCN(S(=O)(=O)C[C@]23CCC(CC2=O)C3(C)C)CC1,429.58200000000033,3.780800000000003,0,4,4,63.68,30,0,0.19607843137254902
DEC_4652,ACT_098,CHEMBL25072,CN(C(=O)[C@H]1CCC2C3CCC4NC(=O)C=C[C@]4(C)C3CC[C@@]21C)c1ccccc1,406.57000000000016,4.562800000000004,1,2,2,49.410000000000004,30,0,0.19736842105263158
DEC_4653,ACT_098,CHEMBL281538,O=C1C2C3C=CC(C4CC34)C2C(=O)N1CCCCC1CCN(c2cncc(Cl)n2)CC1,440.9750000000002,3.5698000000000025,0,5,6,66.4,31,0,0.19791666666666666
DEC_4654,ACT_098,CHEMBL11408,O=C1C(Cl)=C(Nc2ccc(I)cc2)C(=O)c2cnccc21,410.5980000000001,3.6277000000000017,1,4,2,59.06,21,0,0.2
DEC_4655,ACT_098,CHEMBL275099,COc1ccc(C#CCC2(S(=O)(=O)c3ccc(C)cc3)SC(=O)NC2=O)cc1,415.49200000000013,2.8984200000000007,1,6,4,89.53999999999999,28,0,0.2
DEC_4656,ACT_098,CHEMBL412872,Clc1cccc(N2CCN(CCCN3CCc4c([nH]c5ccccc45)C3)CC2)c1,408.97700000000015,4.391700000000004,1,3,5,25.509999999999998,29,0,0.2
DEC_4657,ACT_098,CHEMBL275773,COc1cccc2c1C1CCN(CCCN3C(=O)c4ccccc4S3(=O)=O)CC1C2,426.5380000000001,2.8916000000000013,0,5,5,66.92,30,0,0.2
DEC_4658,ACT_098,CHEMBL429613,N#CCCn1c(Cn2c(=O)n(-c3ccccc3)c3ccccc32)nc2ccccc21,393.4500000000001,4.103880000000003,0,3,5,68.53999999999999,30,0,0.2
DEC_4659,ACT_098,CHEMBL16079,CN(C)CC(CN(C)C)c1nnc2n1-c1ccc(Cl)cc1C(c1ccccc1)=NC2,422.96400000000017,3.478500000000002,0,5,6,49.550000000000004,30,0,0.2
DEC_4660,ACT_098,CHEMBL18782,Cn1cnc2c(N(C(N)=O)c3c(F)cccc3F)nc(-c3ccc(F)cc3F)nc21,416.3380000000001,3.8035000000000014,1,4,3,89.93,30,0,0.2
DEC_4661,ACT_098,CHEMBL22174,C=CC(=O)N(c1ccc2c(c1)N(C(C)=O)CC2)C1CCN(Cc2ccccc2)CC1,403.5260000000002,3.779200000000003,0,3,5,43.86000000000001,30,0,0.2
DEC_4662,ACT_098,CHEMBL280576,CCOc1nc2c(n1Cc1ccc(OC)cc1)C(=O)N(CC)C1=N[C@@H]3CCC[C@@H]3N12,409.4900000000003,2.911500000000001,0,6,6,72.19,30,0,0.2
DEC_4663,ACT_098,CHEMBL281762,COc1ccc(C2Sc3ccccc3-n3c(CN4CCOCC4)ccc32)c(OC)c1,422.5500000000003,4.521800000000003,0,5,5,35.86,30,0,0.2
DEC_4664,ACT_098,CHEMBL29500,NS(=O)(=O)c1ccc(-n2nc(C(F)(F)F)cc2-c2ccc3c(c2)CCC3)cc1,407.4170000000002,3.694200000000003,1,3,3,77.98,28,0,0.2
DEC_4665,ACT_098,CHEMBL27975,NS(=O)(=O)c1ccc(-n2ncc(Br)c2-c2ccc(Cl)cc2)cc1,412.69600000000014,3.6026000000000016,1,3,3,77.98,23,0,0.2
DEC_4666,ACT_098,CHEMBL280546,COc1ccc2c(nc(Nc3c(C)cccc3Cl)c3cnc(CO)n32)c1OC,398.8500000000002,4.097420000000003,2,6,5,80.91,28,0,0.2
DEC_4667,ACT_098,CHEMBL34678,O=C(CCCn1c2c(c3ccccc31)C(=O)CN1CCCCC21)NCC(F)(F)F,407.43600000000015,3.8233000000000024,1,3,5,54.34,29,0,0.2
DEC_4668,ACT_098,CHEMBL36177,CSc1c(Cl)nc(NCc2ccc(Cl)cc2)nc1N1CCN(C)CC1,398.3630000000002,3.869200000000003,1,6,5,44.290000000000006,25,0,0.2
DEC_4669,ACT_098,CHEMBL34091,CCN(c1cc2n(c(=O)n1)CCc1cc(OC)c(OC)cc1-2)c1c(C)cc(C)cc1C,419.5250000000002,4.566860000000005,0,5,5,56.59,31,0,0.2
DEC_4670,ACT_098,CHEMBL34705,COc1cc2c(cc1OC)-c1cc(N(C)c3c(C)cc(C)cc3C)nc(=O)n1CC2,405.4980000000002,4.176760000000003,0,5,4,56.59,30,0,0.2
DEC_4671,ACT_098,CHEMBL430329,O=C1CC2(CCCC2)CC(=O)N1OCCCN1CCN(c2ccc3ccccc3n2)CC1,436.5560000000002,3.387900000000002,0,6,6,65.98,32,0,0.2
DEC_4672,ACT_098,CHEMBL14010,COc1cccc2c1C1CCN(CCCCN3C(=O)c4ccccc4S3(=O)=O)CC1C2,440.5650000000001,3.2817000000000016,0,5,6,66.92,31,0,0.2
DEC_4673,ACT_098,CHEMBL281910,COC(=O)c1cc2cc(S(C)(=O)=O)ccc2n1C(=O)c1ccc(Br)cc1,436.2830000000001,3.2824000000000018,0,5,3,82.44,26,0,0.2
DEC_4674,ACT_098,CHEMBL267251,Cc1cc(-c2c(F)cc3c(=O)c(Cc4c[nH]cn4)cn(C4CC4)c3c2F)cc(C)n1,406.4360000000002,4.607340000000003,1,3,4,63.57,30,0,0.20192307692307693
DEC_4675,ACT_098,CHEMBL14043,CC(=O)c1ccc2c(c1)OCC(CCN1CCC(c3noc4cc(F)ccc34)CC1)O2,424.47200000000015,4.579000000000003,0,6,5,64.8,31,0,0.20192307692307693
DEC_4676,ACT_098,CHEMBL9830,COc1cc(NS(C)(=O)=O)ccc1Nc1c2ccccc2nc2c(OC)cccc12,423.4940000000002,4.520300000000003,2,6,6,89.55,30,0,0.20224719101123595
DEC_4677,ACT_098,CHEMBL275678,CCCOC(=O)C1C2C(=O)CC(c3ccc(O)cc32)C1C(=O)OCCC(C)(C)C,402.48700000000025,3.7108000000000025,1,6,6,89.90000000000002,29,0,0.20224719101123595
DEC_4678,ACT_098,CHEMBL280623,CCOc1ccc(Nc2nc(C#CC(C)(O)CC)nc3c2ncn3C(C)C)cc1,393.49100000000004,4.062000000000003,2,6,6,85.09,29,0,0.20224719101123595
DEC_4679,ACT_098,CHEMBL25311,CCN1C(=O)c2c(nc(OC)n2Cc2ccc(OC)c(Cl)c2)N2C1=N[C@@H]1CCC[C@@H]12,429.9080000000002,3.174800000000002,0,6,5,72.19,30,0,0.20224719101123595
DEC_4680,ACT_098,CHEMBL268392,COc1cc2c(cc1OC)C1C(=O)c3ccc4c(c3OC1CO2)C(C)(C)C=CO4,394.4230000000002,4.007400000000003,0,6,2,63.22000000000001,29,0,0.20238095238095238
DEC_4681,ACT_099,CHEMBL285401,[O-][P@+]1(N(CCCl)CCCl)NC[C@H](Cl)CO1,295.5340000000001,1.0310999999999997,1,4,5,47.56,15,0,0.09230769230769231
DEC_4682,ACT_099,CHEMBL31565,[O-][P@+]1(N(CCCl)CCCl)NC[C@@H](Cl)CO1,295.5340000000001,1.0310999999999997,1,4,5,47.56,15,0,0.09230769230769231
DEC_4683,ACT_099,CHEMBL286807,[O-][P@+]1(N(CCCl)CCCl)NC[C@@H](F)CO1,279.07900000000006,0.7617999999999998,1,4,5,47.56,15,0,0.09333333333333334
DEC_4684,ACT_099,CHEMBL31818,[O-][P@+]1(N(CCCl)CCCl)NC[C@H](F)CO1,279.07900000000006,0.7617999999999998,1,4,5,47.56,15,0,0.09333333333333334
DEC_4685,ACT_099,CHEMBL286813,O=C1C=CC(=O)c2c(O)nc(CCBr)nc21,283.081,1.0548,1,5,2,80.15,16,0,0.11688311688311688
DEC_4686,ACT_099,CHEMBL277457,CO[C@H]1O[C@]2(C)OO[C@]13[C@H](CCO)CCC[C@@H]3C[C@@H]2C,286.368,2.2308000000000003,1,5,3,57.150000000000006,20,0,0.125
DEC_4687,ACT_099,CHEMBL282000,CO[C@H]1O[C@]2(C)OO[C@]13[C@H](CCO)CCC[C@@H]3C[C@H]2C,286.368,2.2308000000000003,1,5,3,57.150000000000006,20,0,0.125
DEC_4688,ACT_099,CHEMBL274286,CC1(C)OC(/C=C/c2ccc(S(C)(=O)=O)cc2)=CC1=O,292.35600000000005,2.3651,0,4,3,60.440000000000005,20,0,0.12790697674418605
DEC_4689,ACT_099,CHEMBL11492,CC(=O)O[C@H]1O[C@@H]2O[C@@H](OC(C)=O)[C@@H]3CC[C@H]([C@@H]1C)[C@H]23,284.308,1.4297999999999993,0,6,2,71.06,20,0,0.12987012987012986
DEC_4690,ACT_099,CHEMBL268482,CC(=O)OC1O[C@@H]2O[C@@H](OC(C)=O)[C@@H]3CC[C@@H]([C@H]23)[C@H]1C,284.308,1.4297999999999993,0,6,2,71.06,20,0,0.12987012987012986
DEC_4691,ACT_099,CHEMBL429954,C1=C(C2(C3=NCCN3)COc3ccccc3O2)CCCC1,284.3590000000001,2.6987000000000014,1,4,2,42.85000000000001,21,0,0.13253012048192772
DEC_4692,ACT_099,CHEMBL6807,C=C(Br)COc1noc2c1CNCC2.Cl,295.564,2.0295,1,4,3,47.290000000000006,15,0,0.13333333333333333
DEC_4693,ACT_099,CHEMBL22640,O=C(O)c1cc(O)c2c([N+](=O)[O-])cc([N+](=O)[O-])cc2n1,279.164,1.4549999999999998,2,7,3,156.7,20,0,0.13432835820895522
DEC_4694,ACT_099,CHEMBL16909,Nc1ccc(/N=N/c2ccc(S(N)(=O)=O)cc2)cc1,276.321,2.3316,2,5,3,110.89999999999998,19,0,0.1346153846153846
DEC_4695,ACT_099,CHEMBL269157,CN(C)/C(=N\C#N)C1=CC(C)(C)Oc2ccc([N+](=O)[O-])cc21,300.31800000000004,2.5903800000000006,0,5,2,91.76,22,0,0.1346153846153846
DEC_4696,ACT_099,CHEMBL9885,c1ccc(C2(C3=NCCN3)COc3ccccc3O2)cc1,280.327,2.3550000000000004,1,4,2,42.85000000000001,21,0,0.136986301369863
DEC_4697,ACT_099,CHEMBL17525,O=[N+]([O-])c1ccc(/C=C/S(=O)(=O)OCCCl)cc1,291.71199999999993,2.1507000000000005,0,5,6,86.51,18,0,0.136986301369863
DEC_4698,ACT_099,CHEMBL266629,CC1SCC(NC(=O)N(CCCl)N=O)CS1,283.8059999999999,2.1128,1,5,4,61.77,16,0,0.1375
DEC_4699,ACT_099,CHEMBL18680,CC(/N=c1\c(O)c(O)\c1=N/c1ccccc1C#N)C(C)(C)C,297.35800000000006,2.4127800000000006,2,5,2,88.97,22,0,0.1375
DEC_4700,ACT_099,CHEMBL276006,Cc1ccc(C)n1N(C)c1ccc(N2CCOCC2)nn1,287.367,1.6310399999999998,0,5,3,46.42,21,0,0.1388888888888889
DEC_4701,ACT_099,CHEMBL278993,CC(CS)C(=O)N(CC(=O)O)C1CSCCSC1,309.47800000000007,1.3141000000000003,2,5,5,57.61,18,0,0.1388888888888889
DEC_4702,ACT_099,CHEMBL16509,Nc1nc2c(cnn2-c2ccccc2)c2nc(-c3ccco3)nn12,317.31200000000007,2.3053999999999997,1,6,2,100.06,24,0,0.13953488372093023
DEC_4703,ACT_099,CHEMBL23645,NS(=O)(=O)c1ccc2oc3ccc(C(=O)O)cc3c(=O)c2c1,319.29400000000004,1.2918000000000003,2,5,2,127.67000000000002,22,0,0.13953488372093023
DEC_4704,ACT_099,CHEMBL281129,CSc1c2c(nc(N)n3nc(-c4ccco4)nc23)nn1C,301.33500000000004,1.5751,1,7,2,100.06,21,0,0.13978494623655913
DEC_4705,ACT_099,CHEMBL276624,O=C(O)c1cc2c3cc([N+](=O)[O-])c(Cl)cc3nc(O)n2n1,308.637,1.8478999999999997,2,6,2,130.86,21,0,0.14285714285714285
DEC_4706,ACT_099,CHEMBL19916,CC(C)C(=O)C1=C(O)C(C)(C)C(O)=C(C(=O)C(C)C)C1=O,294.34700000000004,2.6697000000000006,2,5,4,91.66999999999999,21,0,0.14285714285714285
DEC_4707,ACT_099,CHEMBL279243,Nc1nc(N)c2nc(CSc3ccccc3)cnc2n1,284.34800000000007,1.8765,2,7,3,103.6,20,0,0.14285714285714285
DEC_4708,ACT_099,CHEMBL440458,CCC(C)Cn1ncc2c1nc(N)n1nc(-c3ccco3)nc21,311.34900000000005,2.3623000000000003,1,6,4,100.06,23,0,0.14432989690721648
DEC_4709,ACT_099,CHEMBL13219,Cc1ccc(C)n1-c1cc2nc(O)c(O)nc2cc1[N+](=O)[O-],300.27400000000006,2.356740000000001,2,6,2,114.31,22,0,0.14457831325301204
DEC_4710,ACT_099,CHEMBL16393,COCON1C(=O)C(CC(C)C)=N/C(=C\C(C)C)C1=O,282.34000000000003,1.9176999999999997,0,5,6,68.2,20,0,0.14457831325301204
DEC_4711,ACT_099,CHEMBL278341,C(=N/NC1=NCCN1)\c1c2ccccc2nc2ccccc12,289.34200000000004,2.2706999999999997,2,5,2,61.67,22,0,0.14492753623188406
DEC_4712,ACT_099,CHEMBL13571,C/N=C(/NC#N)C1=CC(C)(C)Oc2ccc([N+](=O)[O-])cc21,286.291,2.2481800000000005,1,5,2,100.55,21,0,0.14563106796116504
DEC_4713,ACT_099,CHEMBL407641,CNc1nc(Cl)c(SC)c(N2CCN(C)CC2)n1,287.82000000000005,1.6454,1,6,3,44.290000000000006,18,0,0.14606741573033707
DEC_4714,ACT_099,CHEMBL20888,CCNc1c2c(nc(N)n3nc(-c4ccco4)nc23)nn1C,298.31,1.2849999999999997,2,7,3,112.09,22,0,0.14606741573033707
DEC_4715,ACT_099,CHEMBL274622,CC(=O)OCC1CCC(NC(=O)N(CCF)N=O)CC1,289.3070000000001,1.7708000000000002,1,5,6,88.07,20,0,0.14634146341463414
DEC_4716,ACT_099,CHEMBL273983,O=NN(CCCl)C(=O)NC1CCCC(C(=O)O)C1,277.708,1.5616,2,4,5,99.07000000000001,18,0,0.14705882352941177
DEC_4717,ACT_099,CHEMBL7716,CN(C)c1ncnc2c1ncn2Cc1ccc([N+](=O)[O-])cc1,298.30600000000004,1.8487999999999998,0,6,4,89.98,22,0,0.14736842105263157
DEC_4718,ACT_099,CHEMBL12637,CC(=O)OC1CCC(NC(=O)N(CCCl)N=O)CC1,291.73500000000007,1.7925,1,5,5,88.07,19,0,0.14772727272727273
DEC_4719,ACT_099,CHEMBL273534,Cc1ccc(C)n1Nc1ccc(N2CCSCC2)nn1,289.408,2.32334,1,5,3,45.980000000000004,20,0,0.14864864864864866
DEC_4720,ACT_099,CHEMBL18844,CC(C)CN1C2=NCCN2C(=O)c2[nH]c(C(C)C)nc21,275.356,1.8208999999999997,1,4,3,64.59,20,0,0.15
DEC_4721,ACT_099,CHEMBL16924,O=[N+]([O-])c1ccc(CS(=O)(=O)OCCCl)cc1,279.70099999999996,1.68,0,5,6,86.51,17,0,0.1506849315068493
DEC_4722,ACT_099,CHEMBL12920,O=NN(CCCl)C(=O)NC1CCC(C(=O)O)CC1,277.7080000000001,1.5616,2,4,5,99.07000000000001,18,0,0.15151515151515152
DEC_4723,ACT_099,CHEMBL20538,O=S1(=O)CCC(NC2c3ccccc3Oc3ccccc32)C1,315.39400000000006,2.658400000000001,1,4,2,55.400000000000006,22,0,0.15151515151515152
DEC_4724,ACT_099,CHEMBL443738,O=C(O)[C@H]1CSC(c2nc3ccc(O)cc3s2)=N1,280.33000000000004,1.9485,2,6,2,82.78,18,0,0.1518987341772152
DEC_4725,ACT_099,CHEMBL26586,Nc1ccc(S(=O)(=O)Nc2noc3c2CCCC3)cc1,293.348,1.9364000000000001,2,5,3,98.22,20,0,0.1527777777777778
DEC_4726,ACT_099,CHEMBL288330,CNc1nc(Cl)c(Cl)c(N2CCN(C)CC2)n1,276.171,1.5769,1,5,2,44.290000000000006,17,0,0.15384615384615385
DEC_4727,ACT_099,CHEMBL17094,CCCCn1ncc2c1nc(N)n1nc(-c3ccco3)nc21,297.322,2.1163,1,6,4,100.06,22,0,0.15384615384615385
DEC_4728,ACT_099,CHEMBL6564,COc1c2occc2c(COCCCO)c2ccc(=O)oc12,304.298,2.4468000000000005,1,6,6,82.04,22,0,0.15463917525773196
DEC_4729,ACT_099,CHEMBL275534,Cc1cc(N2CCOCC2)nnc1Nn1c(C)ccc1C,287.3670000000001,1.91516,1,5,3,55.21,21,0,0.15492957746478872
DEC_4730,ACT_099,CHEMBL276890,Cc1ccc(C)n1Nc1ccc(N(C)CC(C)O)nn1,275.356,1.5871399999999998,2,5,5,66.21000000000001,20,0,0.15584415584415584
DEC_4731,ACT_100,CHEMBL23874,CCCc1c(OCCCSc2ccc(CC(=O)O)cc2Cl)ccc(/C(CC)=N/O)c1O,465.9990000000002,5.7747000000000055,3,6,12,99.35000000000001,31,0,0.16326530612244897
DEC_4732,ACT_100,CHEMBL41775,CCCc1c(OCC(O)CSc2ccc(C(=O)CCC(=O)O)c(F)c2)ccc(C(C)=O)c1O,478.53800000000024,4.265900000000005,3,7,13,121.13000000000001,33,0,0.16853932584269662
DEC_4733,ACT_100,CHEMBL25710,CCCc1c(OCCCSc2ccc(CC(=O)O)cc2Cl)ccc(C(=O)CC)c1O,450.9840000000002,5.779100000000005,2,5,12,83.83,30,0,0.1702127659574468
DEC_4734,ACT_100,CHEMBL6435,COC(=O)CC/C=C\CC[C@H]1C(=O)C[C@@H](O)[C@@H]1/C=C/CC(C)(O)CCC1CCCCCC1,448.64400000000046,5.290000000000005,2,5,12,83.83000000000001,32,0,0.17391304347826086
DEC_4735,ACT_100,CHEMBL40375,CCCc1c(OCCCSc2ccc(C(=O)CCC(=O)O)c(F)c2)ccc(C(C)=O)c1O,462.5390000000002,5.295100000000005,2,6,13,100.90000000000002,32,0,0.17391304347826086
DEC_4736,ACT_100,CHEMBL284345,NCCCC[C@H](OP(=O)(O)CCCCc1ccccc1)C(=O)N(CC(=O)O)c1ccccc1,476.51000000000016,3.8267000000000024,3,5,15,130.16,33,0,0.18518518518518517
DEC_4737,ACT_100,CHEMBL40384,CC[C@@](C)(c1ccc(O)cc1)[C@H](CCCCNC(=O)N(CCCl)N=O)c1ccc(O)cc1,461.9900000000001,5.651400000000006,3,5,12,102.23,32,0,0.18888888888888888
DEC_4738,ACT_100,CHEMBL279490,CCCc1c(OCCCSc2nnc(SCC(=O)O)s2)ccc(C(C)=O)c1O,442.5840000000002,4.136700000000004,2,9,12,109.61,28,0,0.19101123595505617
DEC_4739,ACT_100,CHEMBL299954,CCCCc1ncc(/C=C(\Cc2cccs2)C(=O)NCC(=O)O)n1Cc1ccc(C(=O)O)cc1,481.57400000000024,3.8606000000000016,3,5,12,121.52,34,0,0.1919191919191919
DEC_4740,ACT_100,CHEMBL32079,C=CC(=O)Nc1cc2c(Nc3ccc(F)c(Cl)c3)ncnc2cc1OCCOCCCCO,474.92000000000036,4.458300000000004,3,7,12,105.60000000000001,33,0,0.19230769230769232
DEC_4741,ACT_100,CHEMBL54392,CCCc1c(OCCCCCOc2cc3c(cc2C(C)=O)CCC(C(=O)O)O3)ccc(C=O)c1O,484.54500000000024,4.766100000000005,2,7,13,119.36,35,0,0.19791666666666666
DEC_4742,ACT_100,CHEMBL18975,COc1cc(NC(C)CCCN)c2nccc(C)c2c1OCCCCOc1ccccc1,437.5840000000003,5.329120000000005,2,6,13,78.63000000000001,32,0,0.2
DEC_4743,ACT_100,CHEMBL288581,N[C@@H](CO)[C@H](O)/C=C/CCCOC(=O)CCCCCc1ccc2ccc3cccc4ccc1c2c34,473.61300000000017,5.247000000000005,3,5,13,92.78,35,0,0.2
DEC_4744,ACT_100,CHEMBL10292,O=C(O)CCCCCCCOc1ccc(NC(=O)c2c(O)nc3ccc([N+](=O)[O-])cc3c2O)cc1,483.4770000000002,4.6105000000000045,4,8,12,172.12,35,0,0.2
DEC_4745,ACT_100,CHEMBL15507,CCCc1c(OCCCOc2ccc3c(c2CCC)OC(C(=O)O)CC3)ccc(C(C)=O)c1O,470.56200000000024,5.125900000000006,2,6,12,102.29,34,0,0.20224719101123595
DEC_4746,ACT_100,CHEMBL282253,CCCc1c(OCCCS(=O)(=O)c2ccc(C(=O)CCC(=O)O)cc2)ccc(C(C)=O)c1O,476.54700000000025,3.8376000000000032,2,7,13,135.04,33,0,0.20224719101123595
DEC_4747,ACT_100,CHEMBL11671,COc1ccc(CCNCC(O)COc2ccc(-c3nc(-c4cccs4)c[nH]3)cc2)cc1OC,479.60200000000015,4.394400000000003,3,7,12,88.63000000000001,34,0,0.20408163265306123
DEC_4748,ACT_100,CHEMBL10543,O=C(O)CCCCCCCOc1ccc(NC(=O)c2c(O)nc3cccc([N+](=O)[O-])c3c2O)cc1,483.4770000000002,4.610500000000005,4,8,12,172.12,35,0,0.2087912087912088
DEC_4749,ACT_100,CHEMBL285935,NCCCC[C@H](OP(=O)(O)CCCCc1ccccc1)C(=O)N(CC(=O)O)C1CCCCC1,482.55800000000033,3.9548000000000023,3,5,15,130.16,33,0,0.21052631578947367
DEC_4750,ACT_100,CHEMBL432127,CCCc1c(OCCCOc2ccc3ccc(OCCCC(=O)O)cc3c2)ccc(C(C)=O)c1O,480.55700000000036,5.792000000000007,2,6,14,102.29,35,0,0.21176470588235294
DEC_4751,ACT_100,CHEMBL7545,CCCC(O)c1cc(OCCCC(C)(C)C(=O)O)ccc1OCCCC(C)(C)C(=O)O,438.5610000000002,5.059700000000004,3,5,15,113.29,31,0,0.2125
DEC_4752,ACT_100,CHEMBL284052,CCN(CC)CCCC(C)Nc1nc(Nc2cc(OC)c(OC)c(OC)c2)c2ccccc2n1,467.61400000000026,5.3216000000000045,2,8,13,80.77000000000001,34,0,0.2127659574468085
DEC_4753,ACT_100,CHEMBL415490,CC(C)(CCOc1ccc(Sc2ccc(OCCC(C)(C)C(=O)O)cc2)cc1)C(=O)O,446.5650000000002,5.597200000000005,2,5,12,93.06000000000002,31,0,0.21428571428571427
DEC_4754,ACT_100,CHEMBL47340,CCCCCCN(CCOCCSc1nc2c[nH]cnc-2n1)C(=O)Nc1ccc(F)cc1F,478.56900000000013,4.805800000000004,2,6,13,96.03,33,0,0.21505376344086022
DEC_4755,ACT_100,CHEMBL278126,O=C(O)CCc1ccccc1CN1CCC[C@@H]1c1nc(C(=O)NCCCCC2CCCCC2)co1,481.6370000000004,5.509300000000006,2,5,12,95.67,35,0,0.21739130434782608
DEC_4756,ACT_100,CHEMBL281340,O=C(O)CCc1ccccc1CN1CCC[C@H]1c1nc(C(=O)NCCCCC2CCCCC2)co1,481.6370000000004,5.509300000000006,2,5,12,95.67,35,0,0.21739130434782608
DEC_4757,ACT_100,CHEMBL23414,O=C(O)CCc1ccccc1CN1CCCC1c1nc(C(=O)NCCCCC2CCCCC2)co1,481.6370000000004,5.509300000000006,2,5,12,95.67,35,0,0.21739130434782608
DEC_4758,ACT_100,CHEMBL266750,CC(C)(CCCOc1ccc(OCCCC(C)(C)C(=O)O)c(C(O)c2ccccc2)c1)C(=O)O,472.57800000000015,5.307900000000005,3,5,14,113.29,34,0,0.21794871794871795
DEC_4759,ACT_100,CHEMBL31263,CCN(CC)CCNc1nc(Nc2ccc(OC)c(CN(CC)CC)c2)nc2ccccc12,450.63100000000026,4.9775000000000045,2,7,13,65.55000000000001,33,0,0.21978021978021978
DEC_4760,ACT_100,CHEMBL38530,CCCc1c(OCCCOc2ccc(C(=O)CCC(=O)O)c(C)c2)ccc(C(C)=O)c1O,442.5080000000002,4.751120000000005,2,6,13,110.13000000000001,32,0,0.22093023255813954
DEC_4761,ACT_100,CHEMBL40506,CCCCCCCCCCC(C)(C)C(=O)Nc1c(OC)cc(OC)cc1OCC(=O)O,437.5770000000002,5.6627000000000045,2,5,16,94.09000000000002,31,0,0.22093023255813954
DEC_4762,ACT_100,CHEMBL279355,CCCc1c(OCCCOc2cccc(NC(=O)CCC(=O)OCC)c2)ccc(C(C)=O)c1O,471.55000000000035,4.677000000000005,2,7,14,111.16000000000001,34,0,0.2222222222222222
DEC_4763,ACT_100,CHEMBL417372,CCCc1c(OCCCCOc2cc3c(cc2C(C)=O)CCC(C(=O)O)O3)ccc(C(C)=O)c1O,484.5450000000003,4.766100000000005,2,7,12,119.36,35,0,0.2222222222222222
DEC_4764,ACT_100,CHEMBL52781,CCCc1c(OCCCCCOc2cc3c(cc2C(C)=O)CC(C(=O)O)O3)ccc(C(C)=O)c1O,484.54500000000024,4.766100000000005,2,7,13,119.36,35,0,0.2247191011235955
DEC_4765,ACT_100,CHEMBL39601,CCCCCOc1ccc(-c2ccc(OCC(CN3C(=O)NC(C)(C)C3=O)N(O)C=O)cc2)cc1,483.56500000000017,3.8480000000000016,2,6,13,108.41,35,0,0.22988505747126436
DEC_4766,ACT_100,CHEMBL35763,CCCCCCCCCC(=O)N[C@H](CN1CCOCC1)[C@H](O)c1ccc(OC(C)(C)C)cc1,462.67500000000024,4.855000000000005,2,5,14,71.03000000000002,33,0,0.23076923076923078
DEC_4767,ACT_100,CHEMBL32925,COc1ccc(CC(C)NCC(O)COc2ccccc2/C=C/c2cc(C)no2)cc1OC,452.5510000000002,4.131120000000004,2,7,12,85.98,33,0,0.23469387755102042
DEC_4768,ACT_100,CHEMBL30743,CCCCCCCNC(=O)c1coc(C2C3CCC(O3)C2Cc2ccccc2CCC(=O)O)n1,468.5940000000003,4.895700000000004,2,5,13,101.66,34,0,0.23595505617977527
DEC_4769,ACT_100,CHEMBL8416,CC(C)(CCCOc1ccc(C(=O)c2ccccc2)c(OCCCC(C)(C)C(=O)O)c1)C(=O)O,470.56200000000035,5.457200000000004,2,5,14,110.13000000000001,34,0,0.23684210526315788
DEC_4770,ACT_100,CHEMBL44138,COc1ccc(S(=O)(=O)C(CCCCc2ccccc2)CC(=O)NO)cc1OC1CCCC1,475.60700000000026,4.467400000000003,2,6,12,101.93,33,0,0.24
DEC_4771,ACT_100,CHEMBL275029,CCCCCCCCCC(=O)O[C@H](CC=C(C)C)C1=CC(=O)c2c(O)ccc(O)c2C1=O,442.5520000000002,5.812000000000007,2,6,12,100.9,32,0,0.2441860465116279
DEC_4772,ACT_100,CHEMBL10802,CCN(CC)CCCNC(=O)c1cc(Cl)c(NC(=O)COc2ccc(Cl)cc2)cc1OC,482.40800000000024,4.481200000000003,2,5,12,79.9,32,0,0.25
DEC_4773,ACT_100,CHEMBL416373,CCCCOc1cc(Cc2cnc(N)nc2N)ccc1OCc1cc(OC)c(OC)c(OC)c1,468.5540000000003,4.015500000000003,2,9,12,123.97000000000001,34,0,0.25301204819277107
DEC_4774,ACT_100,CHEMBL284259,COc1ccc(CCC(C)(C)NCC(O)COc2ccccc2/C=C/c2cc(C)no2)cc1,450.5790000000001,4.902720000000005,2,6,12,76.75,33,0,0.25316455696202533
DEC_4775,ACT_100,CHEMBL44071,CCCCCNC(=O)Nc1c(OCCCn2ncc(-c3ccccc3)n2)cccc1N(C)C,450.5870000000001,4.7919000000000045,2,5,12,84.31,33,0,0.25510204081632654
DEC_4776,ACT_100,CHEMBL12107,CCCN(CCC)CCc1ccc(OC)c(OCCc2cccc(Cl)c2)c1.O=C(O)C(=O)O,480.0010000000002,4.790200000000003,2,5,12,96.3,33,0,0.25609756097560976
DEC_4777,ACT_100,CHEMBL11894,CCCN(CCC)CCc1ccc(OCCc2ccccc2)c(OC)c1.O=C(O)C(=O)O,445.55600000000015,4.136800000000003,2,5,12,96.3,32,0,0.2564102564102564
DEC_4778,ACT_100,CHEMBL11474,CCCN(CCC)CCc1ccc(OCCc2ccccc2)cc1OC.O=C(O)C(=O)O,445.55600000000015,4.136800000000003,2,5,12,96.3,32,0,0.25757575757575757
DEC_4779,ACT_100,CHEMBL10357,Cc1ccc(N2CC(O)=C(C(=O)Nc3ccc(OCCCCCCCC(=O)O)cc3)C2=O)cc1,466.5340000000004,4.596420000000004,3,5,12,116.17000000000002,34,0,0.25882352941176473
DEC_4780,ACT_100,CHEMBL11182,CCCN(CCC)CCc1ccc(OC)c(OCCCc2ccccc2)c1.O=C(O)C(=O)O,459.5830000000002,4.526900000000003,2,5,13,96.3,33,0,0.2619047619047619
